Date,Daily Transactions
2009-01-10,19
2009-01-11,61
2009-01-12,94
2009-01-13,100
2009-01-14,123
2009-01-15,130
2009-01-16,134
2009-01-17,110
2009-01-18,109
2009-01-19,108
2009-01-20,117
2009-01-21,115
2009-01-22,104
2009-01-23,92
2009-01-24,85
2009-01-25,202
2009-01-26,192
2009-01-27,97
2009-01-28,98
2009-01-29,112
2009-01-30,122
2009-01-31,117
2009-02-01,139
2009-02-02,114
2009-02-03,129
2009-02-04,155
2009-02-05,119
2009-02-06,126
2009-02-07,122
2009-02-08,133
2009-02-09,133
2009-02-10,135
2009-02-11,120
2009-02-12,135
2009-02-13,119
2009-02-14,124
2009-02-15,136
2009-02-16,131
2009-02-17,123
2009-02-18,117
2009-02-19,118
2009-02-20,125
2009-02-21,122
2009-02-22,114
2009-02-23,125
2009-02-24,108
2009-02-25,106
2009-02-26,105
2009-02-27,107
2009-02-28,116
2009-03-01,100
2009-03-02,105
2009-03-03,108
2009-03-04,107
2009-03-05,106
2009-03-06,113
2009-03-07,117
2009-03-08,109
2009-03-09,118
2009-03-10,108
2009-03-11,107
2009-03-12,114
2009-03-13,119
2009-03-14,114
2009-03-15,110
2009-03-16,123
2009-03-17,122
2009-03-18,114
2009-03-19,116
2009-03-20,122
2009-03-21,119
2009-03-22,50
2009-03-23,121
2009-03-24,130
2009-03-25,105
2009-03-26,117
2009-03-27,118
2009-03-28,106
2009-03-29,122
2009-03-30,116
2009-03-31,120
2009-04-01,111
2009-04-02,114
2009-04-03,115
2009-04-04,116
2009-04-05,113
2009-04-06,132
2009-04-07,109
2009-04-08,100
2009-04-09,105
2009-04-10,99
2009-04-11,108
2009-04-12,121
2009-04-13,120
2009-04-14,116
2009-04-15,124
2009-04-16,113
2009-04-17,123
2009-04-18,112
2009-04-19,130
2009-04-20,120
2009-04-21,121
2009-04-22,124
2009-04-23,121
2009-04-24,75
2009-04-25,115
2009-04-26,118
2009-04-27,114
2009-04-28,104
2009-04-29,117
2009-04-30,129
2009-05-01,131
2009-05-02,121
2009-05-03,128
2009-05-04,109
2009-05-05,129
2009-05-06,136
2009-05-07,135
2009-05-08,122
2009-05-09,107
2009-05-10,78
2009-05-11,85
2009-05-12,121
2009-05-13,130
2009-05-14,116
2009-05-15,142
2009-05-16,137
2009-05-17,119
2009-05-18,127
2009-05-19,118
2009-05-20,86
2009-05-21,120
2009-05-22,82
2009-05-23,61
2009-05-24,32
2009-05-25,100
2009-05-26,109
2009-05-27,125
2009-05-28,119
2009-05-29,95
2009-05-30,107
2009-05-31,109
2009-06-01,96
2009-06-02,72
2009-06-03,111
2009-06-04,71
2009-06-05,66
2009-06-06,30
2009-06-07,28
2009-06-08,16
2009-06-09,82
2009-06-10,91
2009-06-11,82
2009-06-12,89
2009-06-13,86
2009-06-14,78
2009-06-15,72
2009-06-16,84
2009-06-17,71
2009-06-18,79
2009-06-19,80
2009-06-20,87
2009-06-21,78
2009-06-22,81
2009-06-23,77
2009-06-24,76
2009-06-25,97
2009-06-26,69
2009-06-27,90
2009-06-28,84
2009-06-29,47
2009-06-30,85
2009-07-01,85
2009-07-02,75
2009-07-03,84
2009-07-04,82
2009-07-05,89
2009-07-06,79
2009-07-07,84
2009-07-08,69
2009-07-09,74
2009-07-10,86
2009-07-11,81
2009-07-12,83
2009-07-13,77
2009-07-14,78
2009-07-15,69
2009-07-16,45
2009-07-17,71
2009-07-18,47
2009-07-19,4
2009-07-20,70
2009-07-21,71
2009-07-22,82
2009-07-23,60
2009-07-24,76
2009-07-25,73
2009-07-26,32
2009-07-27,21
2009-07-28,74
2009-07-29,41
2009-07-30,20
2009-07-31,16
2009-08-01,17
2009-08-02,28
2009-08-03,23
2009-08-04,12
2009-08-05,81
2009-08-06,87
2009-08-07,90
2009-08-08,81
2009-08-09,80
2009-08-10,101
2009-08-11,75
2009-08-12,70
2009-08-13,63
2009-08-14,85
2009-08-15,63
2009-08-16,26
2009-08-17,19
2009-08-18,17
2009-08-19,10
2009-08-20,18
2009-08-21,22
2009-08-22,14
2009-08-23,7
2009-08-24,15
2009-08-25,15
2009-08-26,50
2009-08-27,51
2009-08-28,29
2009-08-29,75
2009-08-30,79
2009-08-31,97
2009-09-01,87
2009-09-02,78
2009-09-03,66
2009-09-04,62
2009-09-05,64
2009-09-06,76
2009-09-07,68
2009-09-08,79
2009-09-09,69
2009-09-10,54
2009-09-11,67
2009-09-12,67
2009-09-13,69
2009-09-14,75
2009-09-15,74
2009-09-16,44
2009-09-17,73
2009-09-18,85
2009-09-19,78
2009-09-20,74
2009-09-21,78
2009-09-22,70
2009-09-23,26
2009-09-24,36
2009-09-25,97
2009-09-26,93
2009-09-27,101
2009-09-28,87
2009-09-29,85
2009-09-30,90
2009-10-01,85
2009-10-02,82
2009-10-03,73
2009-10-04,58
2009-10-05,53
2009-10-06,55
2009-10-07,45
2009-10-08,60
2009-10-09,70
2009-10-10,79
2009-10-11,77
2009-10-12,74
2009-10-13,59
2009-10-14,57
2009-10-15,69
2009-10-16,71
2009-10-17,61
2009-10-18,57
2009-10-19,75
2009-10-20,112
2009-10-21,96
2009-10-22,81
2009-10-23,91
2009-10-24,89
2009-10-25,63
2009-10-26,76
2009-10-27,71
2009-10-28,65
2009-10-29,66
2009-10-30,48
2009-10-31,60
2009-11-01,46
2009-11-02,25
2009-11-03,33
2009-11-04,62
2009-11-05,64
2009-11-06,57
2009-11-07,62
2009-11-08,69
2009-11-09,73
2009-11-10,64
2009-11-11,81
2009-11-12,70
2009-11-13,68
2009-11-14,81
2009-11-15,79
2009-11-16,96
2009-11-17,97
2009-11-18,92
2009-11-19,79
2009-11-20,72
2009-11-21,86
2009-11-22,73
2009-11-23,106
2009-11-24,96
2009-11-25,93
2009-11-26,90
2009-11-27,84
2009-11-28,74
2009-11-29,71
2009-11-30,60
2009-12-01,75
2009-12-02,74
2009-12-03,94
2009-12-04,88
2009-12-05,36
2009-12-06,65
2009-12-07,105
2009-12-08,113
2009-12-09,106
2009-12-10,109
2009-12-11,104
2009-12-12,114
2009-12-13,110
2009-12-14,114
2009-12-15,107
2009-12-16,113
2009-12-17,136
2009-12-18,172
2009-12-19,225
2009-12-20,199
2009-12-21,176
2009-12-22,175
2009-12-23,162
2009-12-24,154
2009-12-25,154
2009-12-26,150
2009-12-27,174
2009-12-28,168
2009-12-29,137
2009-12-30,171
2009-12-31,141
2010-01-01,138
2010-01-02,134
2010-01-03,126
2010-01-04,186
2010-01-05,183
2010-01-06,198
2010-01-07,163
2010-01-08,154
2010-01-09,153
2010-01-10,151
2010-01-11,190
2010-01-12,159
2010-01-13,161
2010-01-14,166
2010-01-15,145
2010-01-16,142
2010-01-17,126
2010-01-18,131
2010-01-19,126
2010-01-20,124
2010-01-21,158
2010-01-22,184
2010-01-23,136
2010-01-24,162
2010-01-25,155
2010-01-26,215
2010-01-27,201
2010-01-28,166
2010-01-29,179
2010-01-30,201
2010-01-31,214
2010-02-01,167
2010-02-02,193
2010-02-03,146
2010-02-04,272
2010-02-05,234
2010-02-06,227
2010-02-07,206
2010-02-08,222
2010-02-09,208
2010-02-10,210
2010-02-11,173
2010-02-12,174
2010-02-13,188
2010-02-14,235
2010-02-15,219
2010-02-16,185
2010-02-17,201
2010-02-18,250
2010-02-19,215
2010-02-20,195
2010-02-21,210
2010-02-22,227
2010-02-23,265
2010-02-24,251
2010-02-25,177
2010-02-26,158
2010-02-27,176
2010-02-28,175
2010-03-01,159
2010-03-02,199
2010-03-03,193
2010-03-04,158
2010-03-05,188
2010-03-06,173
2010-03-07,183
2010-03-08,183
2010-03-09,130
2010-03-10,148
2010-03-11,169
2010-03-12,136
2010-03-13,123
2010-03-14,154
2010-03-15,127
2010-03-16,140
2010-03-17,129
2010-03-18,139
2010-03-19,150
2010-03-20,161
2010-03-21,204
2010-03-22,191
2010-03-23,185
2010-03-24,220
2010-03-25,182
2010-03-26,202
2010-03-27,213
2010-03-28,185
2010-03-29,191
2010-03-30,207
2010-03-31,221
2010-04-01,216
2010-04-02,177
2010-04-03,161
2010-04-04,166
2010-04-05,183
2010-04-06,181
2010-04-07,174
2010-04-08,204
2010-04-09,198
2010-04-10,221
2010-04-11,301
2010-04-12,262
2010-04-13,248
2010-04-14,210
2010-04-15,255
2010-04-16,257
2010-04-17,233
2010-04-18,251
2010-04-19,3354
2010-04-20,273
2010-04-21,243
2010-04-22,253
2010-04-23,198
2010-04-24,200
2010-04-25,202
2010-04-26,203
2010-04-27,213
2010-04-28,232
2010-04-29,228
2010-04-30,179
2010-05-01,169
2010-05-02,211
2010-05-03,182
2010-05-04,186
2010-05-05,176
2010-05-06,163
2010-05-07,179
2010-05-08,158
2010-05-09,179
2010-05-10,185
2010-05-11,155
2010-05-12,130
2010-05-13,160
2010-05-14,166
2010-05-15,154
2010-05-16,112
2010-05-17,133
2010-05-18,178
2010-05-19,224
2010-05-20,206
2010-05-21,238
2010-05-22,234
2010-05-23,227
2010-05-24,309
2010-05-25,249
2010-05-26,255
2010-05-27,287
2010-05-28,267
2010-05-29,276
2010-05-30,244
2010-05-31,201
2010-06-01,189
2010-06-02,183
2010-06-03,194
2010-06-04,238
2010-06-05,169
2010-06-06,195
2010-06-07,198
2010-06-08,208
2010-06-09,222
2010-06-10,219
2010-06-11,219
2010-06-12,248
2010-06-13,213
2010-06-14,244
2010-06-15,249
2010-06-16,273
2010-06-17,190
2010-06-18,203
2010-06-19,192
2010-06-20,217
2010-06-21,225
2010-06-22,245
2010-06-23,229
2010-06-24,254
2010-06-25,242
2010-06-26,207
2010-06-27,203
2010-06-28,236
2010-06-29,227
2010-06-30,267
2010-07-01,269
2010-07-02,287
2010-07-03,247
2010-07-04,278
2010-07-05,224
2010-07-06,250
2010-07-07,209
2010-07-08,222
2010-07-09,219
2010-07-10,267
2010-07-11,240
2010-07-12,417
2010-07-13,2240
2010-07-14,1488
2010-07-15,6126
2010-07-16,1335
2010-07-17,1180
2010-07-18,421
2010-07-19,420
2010-07-20,508
2010-07-21,604
2010-07-22,454
2010-07-23,397
2010-07-24,414
2010-07-25,889
2010-07-26,1822
2010-07-27,470
2010-07-28,425
2010-07-29,3019
2010-07-30,799
2010-07-31,323
2010-08-01,297
2010-08-02,363
2010-08-03,397
2010-08-04,651
2010-08-05,436
2010-08-06,519
2010-08-07,360
2010-08-08,268
2010-08-09,390
2010-08-10,425
2010-08-11,342
2010-08-12,417
2010-08-13,437
2010-08-14,462
2010-08-15,437
2010-08-16,337
2010-08-17,445
2010-08-18,317
2010-08-19,364
2010-08-20,325
2010-08-21,423
2010-08-22,341
2010-08-23,365
2010-08-24,370
2010-08-25,381
2010-08-26,365
2010-08-27,368
2010-08-28,292
2010-08-29,340
2010-08-30,273
2010-08-31,324
2010-09-01,438
2010-09-02,392
2010-09-03,302
2010-09-04,319
2010-09-05,277
2010-09-06,308
2010-09-07,283
2010-09-08,280
2010-09-09,339
2010-09-10,339
2010-09-11,348
2010-09-12,301
2010-09-13,376
2010-09-14,438
2010-09-15,430
2010-09-16,430
2010-09-17,430
2010-09-18,363
2010-09-19,402
2010-09-20,358
2010-09-21,478
2010-09-22,803
2010-09-23,694
2010-09-24,633
2010-09-25,496
2010-09-26,539
2010-09-27,411
2010-09-28,579
2010-09-29,496
2010-09-30,976
2010-10-01,361
2010-10-02,599
2010-10-03,504
2010-10-04,357
2010-10-05,411
2010-10-06,370
2010-10-07,402
2010-10-08,344
2010-10-09,361
2010-10-10,403
2010-10-11,364
2010-10-12,343
2010-10-13,350
2010-10-14,363
2010-10-15,364
2010-10-16,329
2010-10-17,443
2010-10-18,456
2010-10-19,577
2010-10-20,927
2010-10-21,739
2010-10-22,536
2010-10-23,593
2010-10-24,516
2010-10-25,549
2010-10-26,412
2010-10-27,521
2010-10-28,566
2010-10-29,495
2010-10-30,457
2010-10-31,426
2010-11-01,308
2010-11-02,357
2010-11-03,277
2010-11-04,347
2010-11-05,358
2010-11-06,440
2010-11-07,383
2010-11-08,451
2010-11-09,516
2010-11-10,410
2010-11-11,399
2010-11-12,391
2010-11-13,286
2010-11-14,341
2010-11-15,420
2010-11-16,5657
2010-11-17,8318
2010-11-18,433
2010-11-19,2103
2010-11-20,9463
2010-11-21,9343
2010-11-22,9997
2010-11-23,362
2010-11-24,324
2010-11-25,4021
2010-11-26,4926
2010-11-27,1283
2010-11-28,445
2010-11-29,453
2010-11-30,456
2010-12-01,463
2010-12-02,512
2010-12-03,447
2010-12-04,387
2010-12-05,419
2010-12-06,431
2010-12-07,469
2010-12-08,569
2010-12-09,520
2010-12-10,496
2010-12-11,376
2010-12-12,542
2010-12-13,653
2010-12-14,651
2010-12-15,641
2010-12-16,639
2010-12-17,531
2010-12-18,460
2010-12-19,509
2010-12-20,555
2010-12-21,928
2010-12-22,629
2010-12-23,673
2010-12-24,507
2010-12-25,527
2010-12-26,633
2010-12-27,584
2010-12-28,544
2010-12-29,642
2010-12-30,548
2010-12-31,565
2011-01-01,544
2011-01-02,654
2011-01-03,593
2011-01-04,1153
2011-01-05,983
2011-01-06,1315
2011-01-07,660
2011-01-08,1051
2011-01-09,1389
2011-01-10,1228
2011-01-11,1329
2011-01-12,1360
2011-01-13,1155
2011-01-14,1290
2011-01-15,1261
2011-01-16,956
2011-01-17,905
2011-01-18,836
2011-01-19,849
2011-01-20,899
2011-01-21,935
2011-01-22,1157
2011-01-23,1414
2011-01-24,1084
2011-01-25,1344
2011-01-26,870
2011-01-27,1007
2011-01-28,843
2011-01-29,1119
2011-01-30,1317
2011-01-31,2768
2011-02-01,1225
2011-02-02,1018
2011-02-03,885
2011-02-04,801
2011-02-05,908
2011-02-06,876
2011-02-07,861
2011-02-08,888
2011-02-09,879
2011-02-10,1246
2011-02-11,2038
2011-02-12,2349
2011-02-13,1931
2011-02-14,1803
2011-02-15,2020
2011-02-16,2181
2011-02-17,2104
2011-02-18,2273
2011-02-19,2027
2011-02-20,1597
2011-02-21,1951
2011-02-22,1998
2011-02-23,2155
2011-02-24,2285
2011-02-25,2093
2011-02-26,2072
2011-02-27,1915
2011-02-28,2302
2011-03-01,1699
2011-03-02,2827
2011-03-03,1926
2011-03-04,3197
2011-03-05,1988
2011-03-06,2015
2011-03-07,2049
2011-03-08,1930
2011-03-09,2457
2011-03-10,1813
2011-03-11,1706
2011-03-12,1848
2011-03-13,3012
2011-03-14,2666
2011-03-15,2655
2011-03-16,2837
2011-03-17,3338
2011-03-18,3214
2011-03-19,2751
2011-03-20,3016
2011-03-21,3865
2011-03-22,5931
2011-03-23,2339
2011-03-24,4382
2011-03-25,2188
2011-03-26,2002
2011-03-27,3330
2011-03-28,2486
2011-03-29,3145
2011-03-30,2536
2011-03-31,1693
2011-04-01,2086
2011-04-02,1563
2011-04-03,1802
2011-04-04,1792
2011-04-05,2368
2011-04-06,2075
2011-04-07,1861
2011-04-08,1672
2011-04-09,1783
2011-04-10,1712
2011-04-11,1745
2011-04-12,1965
2011-04-13,2052
2011-04-14,2414
2011-04-15,3073
2011-04-16,2010
2011-04-17,1916
2011-04-18,2289
2011-04-19,3095
2011-04-20,3553
2011-04-21,2953
2011-04-22,1906
2011-04-23,2083
2011-04-24,2317
2011-04-25,2453
2011-04-26,2534
2011-04-27,3398
2011-04-28,4577
2011-04-29,2983
2011-04-30,3632
2011-05-01,4397
2011-05-02,3914
2011-05-03,3091
2011-05-04,2972
2011-05-05,2771
2011-05-06,3492
2011-05-07,3330
2011-05-08,3812
2011-05-09,2991
2011-05-10,3479
2011-05-11,3103
2011-05-12,3111
2011-05-13,3365
2011-05-14,4068
2011-05-15,4445
2011-05-16,3820
2011-05-17,4287
2011-05-18,4439
2011-05-19,5656
2011-05-20,4593
2011-05-21,4839
2011-05-22,4909
2011-05-23,5310
2011-05-24,5766
2011-05-25,5831
2011-05-26,6401
2011-05-27,6839
2011-05-28,4866
2011-05-29,4986
2011-05-30,4855
2011-05-31,5303
2011-06-01,6077
2011-06-02,6541
2011-06-03,7105
2011-06-04,8370
2011-06-05,8941
2011-06-06,8500
2011-06-07,9766
2011-06-08,9159
2011-06-09,11653
2011-06-10,12340
2011-06-11,11339
2011-06-12,10877
2011-06-13,12563
2011-06-14,10949
2011-06-15,14218
2011-06-16,12641
2011-06-17,12658
2011-06-18,11456
2011-06-19,11410
2011-06-20,11642
2011-06-21,10947
2011-06-22,9880
2011-06-23,11481
2011-06-24,10354
2011-06-25,11050
2011-06-26,9723
2011-06-27,10303
2011-06-28,11529
2011-06-29,10675
2011-06-30,9937
2011-07-01,9539
2011-07-02,10742
2011-07-03,7889
2011-07-04,8380
2011-07-05,9771
2011-07-06,9077
2011-07-07,10406
2011-07-08,9032
2011-07-09,8537
2011-07-10,7736
2011-07-11,8678
2011-07-12,10323
2011-07-13,8296
2011-07-14,9065
2011-07-15,8791
2011-07-16,8244
2011-07-17,8705
2011-07-18,8349
2011-07-19,8882
2011-07-20,9173
2011-07-21,8831
2011-07-22,8113
2011-07-23,9071
2011-07-24,7340
2011-07-25,8504
2011-07-26,9320
2011-07-27,8220
2011-07-28,8025
2011-07-29,8177
2011-07-30,7275
2011-07-31,6100
2011-08-01,8287
2011-08-02,8461
2011-08-03,8490
2011-08-04,7813
2011-08-05,8324
2011-08-06,7697
2011-08-07,6388
2011-08-08,6744
2011-08-09,7390
2011-08-10,9166
2011-08-11,8202
2011-08-12,7613
2011-08-13,7247
2011-08-14,7594
2011-08-15,7394
2011-08-16,8157
2011-08-17,9686
2011-08-18,7715
2011-08-19,7641
2011-08-20,7500
2011-08-21,7096
2011-08-22,7572
2011-08-23,7912
2011-08-24,7209
2011-08-25,7501
2011-08-26,7170
2011-08-27,7460
2011-08-28,6411
2011-08-29,5492
2011-08-30,8284
2011-08-31,7683
2011-09-01,7298
2011-09-02,7055
2011-09-03,7193
2011-09-04,5883
2011-09-05,7247
2011-09-06,6997
2011-09-07,8003
2011-09-08,6950
2011-09-09,6536
2011-09-10,7250
2011-09-11,6066
2011-09-12,6588
2011-09-13,6287
2011-09-14,6576
2011-09-15,6311
2011-09-16,6396
2011-09-17,6261
2011-09-18,5398
2011-09-19,6020
2011-09-20,6803
2011-09-21,8030
2011-09-22,7816
2011-09-23,6083
2011-09-24,6272
2011-09-25,5750
2011-09-26,5791
2011-09-27,5593
2011-09-28,6112
2011-09-29,6032
2011-09-30,5388
2011-10-01,5957
2011-10-02,5459
2011-10-03,5078
2011-10-04,6552
2011-10-05,5554
2011-10-06,5789
2011-10-07,5920
2011-10-08,5742
2011-10-09,5359
2011-10-10,5557
2011-10-11,5852
2011-10-12,6072
2011-10-13,5812
2011-10-14,4915
2011-10-15,6112
2011-10-16,5577
2011-10-17,4958
2011-10-18,5819
2011-10-19,5039
2011-10-20,4965
2011-10-21,4647
2011-10-22,5211
2011-10-23,5431
2011-10-24,5588
2011-10-25,5657
2011-10-26,5207
2011-10-27,5393
2011-10-28,4744
2011-10-29,4859
2011-10-30,5798
2011-10-31,4738
2011-11-01,5237
2011-11-02,5854
2011-11-03,6044
2011-11-04,6391
2011-11-05,6327
2011-11-06,5792
2011-11-07,5035
2011-11-08,5634
2011-11-09,5968
2011-11-10,6704
2011-11-11,6355
2011-11-12,5189
2011-11-13,4820
2011-11-14,5721
2011-11-15,5550
2011-11-16,6404
2011-11-17,6013
2011-11-18,5021
2011-11-19,5074
2011-11-20,4710
2011-11-21,5036
2011-11-22,4974
2011-11-23,5407
2011-11-24,5520
2011-11-25,5047
2011-11-26,5415
2011-11-27,4690
2011-11-28,5093
2011-11-29,5928
2011-11-30,6550
2011-12-01,6765
2011-12-02,6512
2011-12-03,6036
2011-12-04,5859
2011-12-05,5221
2011-12-06,6334
2011-12-07,7976
2011-12-08,6235
2011-12-09,5752
2011-12-10,5573
2011-12-11,5699
2011-12-12,5199
2011-12-13,5025
2011-12-14,5212
2011-12-15,5706
2011-12-16,5142
2011-12-17,5061
2011-12-18,4741
2011-12-19,4744
2011-12-20,5765
2011-12-21,6426
2011-12-22,5542
2011-12-23,5871
2011-12-24,5498
2011-12-25,4668
2011-12-26,5312
2011-12-27,5715
2011-12-28,5134
2011-12-29,5122
2011-12-30,5106
2011-12-31,5034
2012-01-01,5178
2012-01-02,4984
2012-01-03,5541
2012-01-04,5676
2012-01-05,5927
2012-01-06,6864
2012-01-07,6533
2012-01-08,6139
2012-01-09,6279
2012-01-10,6180
2012-01-11,6450
2012-01-12,7238
2012-01-13,6817
2012-01-14,6694
2012-01-15,6944
2012-01-16,6156
2012-01-17,6987
2012-01-18,6986
2012-01-19,6527
2012-01-20,6870
2012-01-21,6731
2012-01-22,6318
2012-01-23,5374
2012-01-24,6262
2012-01-25,7357
2012-01-26,8014
2012-01-27,6319
2012-01-28,6263
2012-01-29,6044
2012-01-30,6370
2012-01-31,6053
2012-02-01,7083
2012-02-02,6519
2012-02-03,7029
2012-02-04,7164
2012-02-05,7230
2012-02-06,6707
2012-02-07,6220
2012-02-08,6930
2012-02-09,7129
2012-02-10,7403
2012-02-11,8634
2012-02-12,7597
2012-02-13,6948
2012-02-14,8165
2012-02-15,9614
2012-02-16,9526
2012-02-17,9178
2012-02-18,6684
2012-02-19,6454
2012-02-20,5922
2012-02-21,6570
2012-02-22,6220
2012-02-23,7151
2012-02-24,8210
2012-02-25,6893
2012-02-26,6194
2012-02-27,5750
2012-02-28,6906
2012-02-29,6633
2012-03-01,6811
2012-03-02,6812
2012-03-03,7635
2012-03-04,5336
2012-03-05,6339
2012-03-06,7002
2012-03-07,6436
2012-03-08,6620
2012-03-09,6542
2012-03-10,6587
2012-03-11,5373
2012-03-12,5031
2012-03-13,6446
2012-03-14,7330
2012-03-15,6879
2012-03-16,6309
2012-03-17,6784
2012-03-18,7042
2012-03-19,6048
2012-03-20,6763
2012-03-21,6544
2012-03-22,6976
2012-03-23,6621
2012-03-24,6139
2012-03-25,6360
2012-03-26,6212
2012-03-27,6811
2012-03-28,6566
2012-03-29,7045
2012-03-30,7779
2012-03-31,6786
2012-04-01,6217
2012-04-02,5566
2012-04-03,6512
2012-04-04,7681
2012-04-05,7213
2012-04-06,7014
2012-04-07,6729
2012-04-08,5957
2012-04-09,5847
2012-04-10,6679
2012-04-11,8492
2012-04-12,8135
2012-04-13,7967
2012-04-14,7309
2012-04-15,8024
2012-04-16,7189
2012-04-17,8521
2012-04-18,7911
2012-04-19,8526
2012-04-20,7796
2012-04-21,8249
2012-04-22,7334
2012-04-23,6220
2012-04-24,7353
2012-04-25,7593
2012-04-26,7493
2012-04-27,10204
2012-04-28,7008
2012-04-29,7455
2012-04-30,7840
2012-05-01,9317
2012-05-02,10381
2012-05-03,9927
2012-05-04,13943
2012-05-05,14596
2012-05-06,12560
2012-05-07,11193
2012-05-08,18479
2012-05-09,17456
2012-05-10,17553
2012-05-11,13465
2012-05-12,17126
2012-05-13,18272
2012-05-14,15325
2012-05-15,28511
2012-05-16,23106
2012-05-17,16821
2012-05-18,17674
2012-05-19,24391
2012-05-20,36987
2012-05-21,29159
2012-05-22,31830
2012-05-23,23952
2012-05-24,26620
2012-05-25,27151
2012-05-26,29051
2012-05-27,22714
2012-05-28,26748
2012-05-29,29872
2012-05-30,30289
2012-05-31,25517
2012-06-01,20463
2012-06-02,26842
2012-06-03,13098
2012-06-04,34821
2012-06-05,45949
2012-06-06,42606
2012-06-07,17339
2012-06-08,32906
2012-06-09,24072
2012-06-10,33252
2012-06-11,39921
2012-06-12,32766
2012-06-13,20060
2012-06-14,55102
2012-06-15,62006
2012-06-16,55861
2012-06-17,42585
2012-06-18,43641
2012-06-19,38210
2012-06-20,36945
2012-06-21,32535
2012-06-22,26675
2012-06-23,22441
2012-06-24,22452
2012-06-25,22276
2012-06-26,28907
2012-06-27,30473
2012-06-28,30316
2012-06-29,27117
2012-06-30,23222
2012-07-01,22148
2012-07-02,19522
2012-07-03,25449
2012-07-04,21643
2012-07-05,23146
2012-07-06,22165
2012-07-07,24430
2012-07-08,25390
2012-07-09,20477
2012-07-10,25748
2012-07-11,35075
2012-07-12,30812
2012-07-13,24551
2012-07-14,24579
2012-07-15,22255
2012-07-16,26560
2012-07-17,31355
2012-07-18,35262
2012-07-19,32514
2012-07-20,31509
2012-07-21,36414
2012-07-22,34942
2012-07-23,36450
2012-07-24,30972
2012-07-25,29123
2012-07-26,26131
2012-07-27,30521
2012-07-28,27331
2012-07-29,35414
2012-07-30,34168
2012-07-31,34444
2012-08-01,42464
2012-08-02,30259
2012-08-03,32865
2012-08-04,27323
2012-08-05,29654
2012-08-06,33800
2012-08-07,35396
2012-08-08,29055
2012-08-09,39376
2012-08-10,30892
2012-08-11,27960
2012-08-12,33035
2012-08-13,35594
2012-08-14,48487
2012-08-15,34921
2012-08-16,53457
2012-08-17,45425
2012-08-18,41075
2012-08-19,36763
2012-08-20,36659
2012-08-21,36298
2012-08-22,44124
2012-08-23,35965
2012-08-24,31512
2012-08-25,31922
2012-08-26,33383
2012-08-27,29713
2012-08-28,33584
2012-08-29,30031
2012-08-30,33807
2012-08-31,34045
2012-09-01,41195
2012-09-02,39991
2012-09-03,33323
2012-09-04,39368
2012-09-05,38817
2012-09-06,41347
2012-09-07,42805
2012-09-08,33580
2012-09-09,31270
2012-09-10,31636
2012-09-11,33477
2012-09-12,38708
2012-09-13,27280
2012-09-14,29111
2012-09-15,36511
2012-09-16,27455
2012-09-17,27568
2012-09-18,25195
2012-09-19,32003
2012-09-20,32230
2012-09-21,31715
2012-09-22,29984
2012-09-23,22078
2012-09-24,27938
2012-09-25,28932
2012-09-26,26194
2012-09-27,31024
2012-09-28,27751
2012-09-29,34714
2012-09-30,22483
2012-10-01,21116
2012-10-02,24625
2012-10-03,32824
2012-10-04,26965
2012-10-05,33567
2012-10-06,34928
2012-10-07,34072
2012-10-08,33610
2012-10-09,38729
2012-10-10,35185
2012-10-11,31730
2012-10-12,26620
2012-10-13,28629
2012-10-14,33450
2012-10-15,27433
2012-10-16,31368
2012-10-17,33708
2012-10-18,32442
2012-10-19,27869
2012-10-20,25886
2012-10-21,29930
2012-10-22,41269
2012-10-23,43154
2012-10-24,31571
2012-10-25,33105
2012-10-26,26015
2012-10-27,21783
2012-10-28,16349
2012-10-29,18005
2012-10-30,22077
2012-10-31,31096
2012-11-01,26593
2012-11-02,24047
2012-11-03,29011
2012-11-04,24446
2012-11-05,23802
2012-11-06,32464
2012-11-07,32576
2012-11-08,35890
2012-11-09,32253
2012-11-10,24975
2012-11-11,26824
2012-11-12,23742
2012-11-13,24162
2012-11-14,26308
2012-11-15,31171
2012-11-16,37261
2012-11-17,40162
2012-11-18,31766
2012-11-19,34985
2012-11-20,36286
2012-11-21,37882
2012-11-22,38253
2012-11-23,31620
2012-11-24,32007
2012-11-25,29186
2012-11-26,35926
2012-11-27,37453
2012-11-28,27100
2012-11-29,37963
2012-11-30,36545
2012-12-01,30792
2012-12-02,32591
2012-12-03,20269
2012-12-04,22345
2012-12-05,33279
2012-12-06,34018
2012-12-07,35673
2012-12-08,32853
2012-12-09,32350
2012-12-10,31885
2012-12-11,36523
2012-12-12,37025
2012-12-13,36996
2012-12-14,41758
2012-12-15,38727
2012-12-16,33163
2012-12-17,36239
2012-12-18,40790
2012-12-19,49804
2012-12-20,46033
2012-12-21,35009
2012-12-22,44278
2012-12-23,50285
2012-12-24,38157
2012-12-25,34999
2012-12-26,29980
2012-12-27,36275
2012-12-28,43676
2012-12-29,47149
2012-12-30,38773
2012-12-31,43029
2013-01-01,31043
2013-01-02,33054
2013-01-03,37772
2013-01-04,43695
2013-01-05,47523
2013-01-06,39952
2013-01-07,33073
2013-01-08,40589
2013-01-09,38973
2013-01-10,42794
2013-01-11,52731
2013-01-12,52651
2013-01-13,46323
2013-01-14,49918
2013-01-15,43606
2013-01-16,46228
2013-01-17,51931
2013-01-18,49012
2013-01-19,49506
2013-01-20,55341
2013-01-21,41372
2013-01-22,40774
2013-01-23,42541
2013-01-24,47485
2013-01-25,45772
2013-01-26,49643
2013-01-27,52865
2013-01-28,53884
2013-01-29,52883
2013-01-30,50610
2013-01-31,41090
2013-02-01,52660
2013-02-02,57665
2013-02-03,54676
2013-02-04,60665
2013-02-05,55923
2013-02-06,54010
2013-02-07,42036
2013-02-08,63324
2013-02-09,59963
2013-02-10,57607
2013-02-11,56259
2013-02-12,57910
2013-02-13,58658
2013-02-14,58366
2013-02-15,51616
2013-02-16,54609
2013-02-17,52540
2013-02-18,49647
2013-02-19,50257
2013-02-20,53583
2013-02-21,60436
2013-02-22,56531
2013-02-23,61769
2013-02-24,57865
2013-02-25,56800
2013-02-26,68379
2013-02-27,62472
2013-02-28,61163
2013-03-01,62931
2013-03-02,64611
2013-03-03,55949
2013-03-04,53269
2013-03-05,64161
2013-03-06,56286
2013-03-07,63389
2013-03-08,67369
2013-03-09,55348
2013-03-10,55808
2013-03-11,73109
2013-03-12,58718
2013-03-13,49952
2013-03-14,56366
2013-03-15,58581
2013-03-16,63052
2013-03-17,33162
2013-03-18,35457
2013-03-19,43514
2013-03-20,45987
2013-03-21,46313
2013-03-22,56000
2013-03-23,60488
2013-03-24,52390
2013-03-25,52000
2013-03-26,47758
2013-03-27,50219
2013-03-28,52350
2013-03-29,61772
2013-03-30,61255
2013-03-31,60832
2013-04-01,43603
2013-04-02,52743
2013-04-03,62692
2013-04-04,65557
2013-04-05,65667
2013-04-06,60974
2013-04-07,51897
2013-04-08,63379
2013-04-09,62370
2013-04-10,68053
2013-04-11,62938
2013-04-12,67987
2013-04-13,58649
2013-04-14,53293
2013-04-15,56825
2013-04-16,53774
2013-04-17,67440
2013-04-18,56660
2013-04-19,49049
2013-04-20,57662
2013-04-21,47336
2013-04-22,44420
2013-04-23,47124
2013-04-24,61980
2013-04-25,65670
2013-04-26,61379
2013-04-27,55572
2013-04-28,43134
2013-04-29,42865
2013-04-30,52096
2013-05-01,46724
2013-05-02,56865
2013-05-03,54474
2013-05-04,51128
2013-05-05,50747
2013-05-06,50027
2013-05-07,52951
2013-05-08,57522
2013-05-09,50618
2013-05-10,67186
2013-05-11,67681
2013-05-12,73592
2013-05-13,64882
2013-05-14,60740
2013-05-15,67174
2013-05-16,62975
2013-05-17,61300
2013-05-18,59361
2013-05-19,52215
2013-05-20,47157
2013-05-21,48781
2013-05-22,54104
2013-05-23,52052
2013-05-24,59821
2013-05-25,54828
2013-05-26,50928
2013-05-27,40886
2013-05-28,53334
2013-05-29,58380
2013-05-30,54336
2013-05-31,56516
2013-06-01,54481
2013-06-02,53826
2013-06-03,50166
2013-06-04,56634
2013-06-05,56640
2013-06-06,57276
2013-06-07,54462
2013-06-08,52220
2013-06-09,47511
2013-06-10,44912
2013-06-11,45317
2013-06-12,48895
2013-06-13,46119
2013-06-14,43872
2013-06-15,49163
2013-06-16,36018
2013-06-17,43335
2013-06-18,46656
2013-06-19,45116
2013-06-20,47132
2013-06-21,53799
2013-06-22,45963
2013-06-23,44554
2013-06-24,38240
2013-06-25,44671
2013-06-26,44144
2013-06-27,47094
2013-06-28,45044
2013-06-29,50165
2013-06-30,36217
2013-07-01,30277
2013-07-02,39068
2013-07-03,39695
2013-07-04,35238
2013-07-05,35485
2013-07-06,36886
2013-07-07,32914
2013-07-08,30929
2013-07-09,39367
2013-07-10,40849
2013-07-11,39705
2013-07-12,43623
2013-07-13,49385
2013-07-14,37354
2013-07-15,33610
2013-07-16,37553
2013-07-17,40163
2013-07-18,39766
2013-07-19,41105
2013-07-20,36654
2013-07-21,34289
2013-07-22,34945
2013-07-23,39909
2013-07-24,38514
2013-07-25,42877
2013-07-26,41626
2013-07-27,37915
2013-07-28,36122
2013-07-29,38806
2013-07-30,40570
2013-07-31,43808
2013-08-01,48759
2013-08-02,51161
2013-08-03,52204
2013-08-04,44298
2013-08-05,44014
2013-08-06,49991
2013-08-07,54776
2013-08-08,58041
2013-08-09,57097
2013-08-10,50620
2013-08-11,50577
2013-08-12,38686
2013-08-13,50256
2013-08-14,54053
2013-08-15,51034
2013-08-16,57340
2013-08-17,71296
2013-08-18,57884
2013-08-19,56769
2013-08-20,70235
2013-08-21,62767
2013-08-22,62148
2013-08-23,65516
2013-08-24,55034
2013-08-25,52119
2013-08-26,45291
2013-08-27,55282
2013-08-28,62007
2013-08-29,65702
2013-08-30,58822
2013-08-31,61944
2013-09-01,46689
2013-09-02,46812
2013-09-03,52147
2013-09-04,52446
2013-09-05,51779
2013-09-06,61253
2013-09-07,62484
2013-09-08,50614
2013-09-09,45723
2013-09-10,58499
2013-09-11,52785
2013-09-12,48636
2013-09-13,53547
2013-09-14,44823
2013-09-15,42436
2013-09-16,54198
2013-09-17,53392
2013-09-18,68219
2013-09-19,58808
2013-09-20,60532
2013-09-21,57738
2013-09-22,52487
2013-09-23,51526
2013-09-24,65351
2013-09-25,62339
2013-09-26,55690
2013-09-27,57019
2013-09-28,46349
2013-09-29,42820
2013-09-30,40430
2013-10-01,47035
2013-10-02,58523
2013-10-03,60652
2013-10-04,60173
2013-10-05,51115
2013-10-06,45319
2013-10-07,43414
2013-10-08,45878
2013-10-09,44161
2013-10-10,51372
2013-10-11,56865
2013-10-12,51249
2013-10-13,49530
2013-10-14,50884
2013-10-15,57474
2013-10-16,56370
2013-10-17,50124
2013-10-18,48364
2013-10-19,58326
2013-10-20,57031
2013-10-21,47970
2013-10-22,60596
2013-10-23,64950
2013-10-24,55959
2013-10-25,63123
2013-10-26,57541
2013-10-27,47519
2013-10-28,43860
2013-10-29,51090
2013-10-30,50195
2013-10-31,49095
2013-11-01,56822
2013-11-02,45099
2013-11-03,39879
2013-11-04,34979
2013-11-05,46664
2013-11-06,52287
2013-11-07,55761
2013-11-08,59467
2013-11-09,59921
2013-11-10,55136
2013-11-11,56594
2013-11-12,56984
2013-11-13,58313
2013-11-14,65989
2013-11-15,69210
2013-11-16,60373
2013-11-17,46595
2013-11-18,52547
2013-11-19,82342
2013-11-20,90768
2013-11-21,75577
2013-11-22,73241
2013-11-23,77329
2013-11-24,70961
2013-11-25,60804
2013-11-26,71629
2013-11-27,87546
2013-11-28,92785
2013-11-29,99013
2013-11-30,89811
2013-12-01,74092
2013-12-02,72282
2013-12-03,76332
2013-12-04,76885
2013-12-05,80864
2013-12-06,84252
2013-12-07,70430
2013-12-08,66158
2013-12-09,47930
2013-12-10,63728
2013-12-11,69205
2013-12-12,66887
2013-12-13,56843
2013-12-14,61179
2013-12-15,53212
2013-12-16,52891
2013-12-17,70156
2013-12-18,66531
2013-12-19,81414
2013-12-20,70248
2013-12-21,67599
2013-12-22,55027
2013-12-23,52405
2013-12-24,53783
2013-12-25,56120
2013-12-26,54556
2013-12-27,52342
2013-12-28,53680
2013-12-29,46842
2013-12-30,51327
2013-12-31,55125
2014-01-01,48718
2014-01-02,42588
2014-01-03,55330
2014-01-04,61496
2014-01-05,52042
2014-01-06,57680
2014-01-07,68669
2014-01-08,62360
2014-01-09,61058
2014-01-10,59254
2014-01-11,54899
2014-01-12,56136
2014-01-13,49465
2014-01-14,54673
2014-01-15,56031
2014-01-16,62935
2014-01-17,55787
2014-01-18,59298
2014-01-19,51359
2014-01-20,47593
2014-01-21,63707
2014-01-22,73236
2014-01-23,64988
2014-01-24,62832
2014-01-25,66755
2014-01-26,53078
2014-01-27,53442
2014-01-28,64529
2014-01-29,66167
2014-01-30,59673
2014-01-31,61116
2014-02-01,59111
2014-02-02,55904
2014-02-03,51305
2014-02-04,59598
2014-02-05,68238
2014-02-06,67548
2014-02-07,69904
2014-02-08,72579
2014-02-09,63345
2014-02-10,57702
2014-02-11,66011
2014-02-12,67386
2014-02-13,61011
2014-02-14,69344
2014-02-15,73888
2014-02-16,61644
2014-02-17,57630
2014-02-18,61591
2014-02-19,64324
2014-02-20,72695
2014-02-21,68781
2014-02-22,70725
2014-02-23,57724
2014-02-24,59509
2014-02-25,74600
2014-02-26,79607
2014-02-27,72340
2014-02-28,72528
2014-03-01,71391
2014-03-02,62094
2014-03-03,57785
2014-03-04,81438
2014-03-05,83316
2014-03-06,72735
2014-03-07,69439
2014-03-08,72411
2014-03-09,64962
2014-03-10,61520
2014-03-11,71738
2014-03-12,77100
2014-03-13,75925
2014-03-14,73273
2014-03-15,69467
2014-03-16,60519
2014-03-17,59713
2014-03-18,64808
2014-03-19,55848
2014-03-20,72985
2014-03-21,72859
2014-03-22,70792
2014-03-23,67560
2014-03-24,58608
2014-03-25,69248
2014-03-26,73210
2014-03-27,67282
2014-03-28,73854
2014-03-29,64211
2014-03-30,54831
2014-03-31,54971
2014-04-01,65968
2014-04-02,65173
2014-04-03,65279
2014-04-04,68092
2014-04-05,65151
2014-04-06,55034
2014-04-07,51048
2014-04-08,66641
2014-04-09,67129
2014-04-10,64534
2014-04-11,69411
2014-04-12,64292
2014-04-13,47912
2014-04-14,50815
2014-04-15,70083
2014-04-16,73958
2014-04-17,68335
2014-04-18,66215
2014-04-19,56155
2014-04-20,53160
2014-04-21,48406
2014-04-22,61135
2014-04-23,75990
2014-04-24,75880
2014-04-25,70290
2014-04-26,73669
2014-04-27,50662
2014-04-28,53000
2014-04-29,65138
2014-04-30,64708
2014-05-01,64132
2014-05-02,59763
2014-05-03,60557
2014-05-04,53957
2014-05-05,54213
2014-05-06,64839
2014-05-07,76308
2014-05-08,70217
2014-05-09,68663
2014-05-10,66618
2014-05-11,56636
2014-05-12,54108
2014-05-13,73929
2014-05-14,67979
2014-05-15,69489
2014-05-16,75473
2014-05-17,65125
2014-05-18,53962
2014-05-19,51261
2014-05-20,61840
2014-05-21,72029
2014-05-22,69973
2014-05-23,72583
2014-05-24,74470
2014-05-25,51702
2014-05-26,57787
2014-05-27,65451
2014-05-28,70089
2014-05-29,72337
2014-05-30,63959
2014-05-31,65979
2014-06-01,51286
2014-06-02,55896
2014-06-03,65023
2014-06-04,68612
2014-06-05,66709
2014-06-06,65975
2014-06-07,61870
2014-06-08,53148
2014-06-09,47200
2014-06-10,58369
2014-06-11,65229
2014-06-12,62323
2014-06-13,63601
2014-06-14,65116
2014-06-15,53664
2014-06-16,54929
2014-06-17,67991
2014-06-18,69515
2014-06-19,63186
2014-06-20,62641
2014-06-21,57321
2014-06-22,51269
2014-06-23,50777
2014-06-24,60291
2014-06-25,64263
2014-06-26,64243
2014-06-27,61250
2014-06-28,62921
2014-06-29,54902
2014-06-30,50331
2014-07-01,69934
2014-07-02,69881
2014-07-03,65987
2014-07-04,61977
2014-07-05,59874
2014-07-06,49033
2014-07-07,52606
2014-07-08,65983
2014-07-09,69493
2014-07-10,69819
2014-07-11,62972
2014-07-12,58787
2014-07-13,53973
2014-07-14,51912
2014-07-15,64082
2014-07-16,71367
2014-07-17,66077
2014-07-18,65789
2014-07-19,63965
2014-07-20,58647
2014-07-21,53697
2014-07-22,63522
2014-07-23,67406
2014-07-24,65986
2014-07-25,66002
2014-07-26,62366
2014-07-27,57003
2014-07-28,51403
2014-07-29,65053
2014-07-30,62690
2014-07-31,65667
2014-08-01,69804
2014-08-02,66204
2014-08-03,55371
2014-08-04,54448
2014-08-05,67977
2014-08-06,74772
2014-08-07,77365
2014-08-08,69465
2014-08-09,67955
2014-08-10,61297
2014-08-11,59101
2014-08-12,73310
2014-08-13,79012
2014-08-14,75227
2014-08-15,81096
2014-08-16,73695
2014-08-17,65465
2014-08-18,60213
2014-08-19,72553
2014-08-20,75046
2014-08-21,73078
2014-08-22,73255
2014-08-23,66917
2014-08-24,57909
2014-08-25,57212
2014-08-26,69671
2014-08-27,72515
2014-08-28,75672
2014-08-29,68006
2014-08-30,67945
2014-08-31,61386
2014-09-01,58674
2014-09-02,69487
2014-09-03,73425
2014-09-04,69599
2014-09-05,71468
2014-09-06,70656
2014-09-07,60404
2014-09-08,60406
2014-09-09,76790
2014-09-10,81285
2014-09-11,75176
2014-09-12,64458
2014-09-13,67435
2014-09-14,60655
2014-09-15,68368
2014-09-16,78076
2014-09-17,89715
2014-09-18,78712
2014-09-19,76536
2014-09-20,70264
2014-09-21,64344
2014-09-22,58042
2014-09-23,73667
2014-09-24,77073
2014-09-25,75458
2014-09-26,78868
2014-09-27,72751
2014-09-28,61153
2014-09-29,63548
2014-09-30,79295
2014-10-01,77378
2014-10-02,79282
2014-10-03,73285
2014-10-04,74223
2014-10-05,66974
2014-10-06,66287
2014-10-07,79108
2014-10-08,77306
2014-10-09,79146
2014-10-10,82759
2014-10-11,79614
2014-10-12,65729
2014-10-13,65144
2014-10-14,77641
2014-10-15,83074
2014-10-16,74852
2014-10-17,75847
2014-10-18,68296
2014-10-19,67027
2014-10-20,65391
2014-10-21,82388
2014-10-22,80906
2014-10-23,79283
2014-10-24,80561
2014-10-25,81572
2014-10-26,69077
2014-10-27,70693
2014-10-28,85248
2014-10-29,88113
2014-10-30,94513
2014-10-31,91785
2014-11-01,84706
2014-11-02,69519
2014-11-03,76680
2014-11-04,90453
2014-11-05,90638
2014-11-06,89246
2014-11-07,90974
2014-11-08,84048
2014-11-09,74852
2014-11-10,73064
2014-11-11,89472
2014-11-12,84699
2014-11-13,97897
2014-11-14,90652
2014-11-15,85632
2014-11-16,72783
2014-11-17,75683
2014-11-18,88198
2014-11-19,87688
2014-11-20,89249
2014-11-21,86322
2014-11-22,80798
2014-11-23,75731
2014-11-24,78316
2014-11-25,86199
2014-11-26,83182
2014-11-27,87465
2014-11-28,84003
2014-11-29,84970
2014-11-30,80187
2014-12-01,84569
2014-12-02,100693
2014-12-03,99978
2014-12-04,95960
2014-12-05,99542
2014-12-06,90265
2014-12-07,79850
2014-12-08,74595
2014-12-09,91214
2014-12-10,91055
2014-12-11,89373
2014-12-12,84144
2014-12-13,79643
2014-12-14,75271
2014-12-15,81745
2014-12-16,97119
2014-12-17,99380
2014-12-18,97401
2014-12-19,95029
2014-12-20,94670
2014-12-21,86438
2014-12-22,79684
2014-12-23,96686
2014-12-24,100234
2014-12-25,80538
2014-12-26,67884
2014-12-27,77406
2014-12-28,78166
2014-12-29,72771
2014-12-30,86027
2014-12-31,83173
2015-01-01,75981
2015-01-02,60342
2015-01-03,83215
2015-01-04,81566
2015-01-05,82941
2015-01-06,95877
2015-01-07,89006
2015-01-08,92709
2015-01-09,105758
2015-01-10,100537
2015-01-11,106489
2015-01-12,89906
2015-01-13,100893
2015-01-14,98367
2015-01-15,107138
2015-01-16,119812
2015-01-17,104881
2015-01-18,88554
2015-01-19,83918
2015-01-20,99152
2015-01-21,100300
2015-01-22,93417
2015-01-23,95623
2015-01-24,94202
2015-01-25,80759
2015-01-26,85954
2015-01-27,108022
2015-01-28,99414
2015-01-29,85251
2015-01-30,92448
2015-01-31,79874
2015-02-01,86797
2015-02-02,78312
2015-02-03,87349
2015-02-04,91505
2015-02-05,89049
2015-02-06,87707
2015-02-07,84886
2015-02-08,85927
2015-02-09,83439
2015-02-10,105056
2015-02-11,102246
2015-02-12,98718
2015-02-13,88377
2015-02-14,113935
2015-02-15,100639
2015-02-16,82240
2015-02-17,103609
2015-02-18,104223
2015-02-19,104124
2015-02-20,93881
2015-02-21,99386
2015-02-22,88320
2015-02-23,84779
2015-02-24,104654
2015-02-25,103282
2015-02-26,103414
2015-02-27,101372
2015-02-28,103737
2015-03-01,88113
2015-03-02,88080
2015-03-03,107182
2015-03-04,110646
2015-03-05,98962
2015-03-06,97656
2015-03-07,93809
2015-03-08,91274
2015-03-09,90190
2015-03-10,106936
2015-03-11,102139
2015-03-12,103459
2015-03-13,93612
2015-03-14,97226
2015-03-15,91341
2015-03-16,83403
2015-03-17,105729
2015-03-18,99828
2015-03-19,98461
2015-03-20,106909
2015-03-21,102333
2015-03-22,96350
2015-03-23,90151
2015-03-24,102477
2015-03-25,92815
2015-03-26,98394
2015-03-27,101586
2015-03-28,98534
2015-03-29,89091
2015-03-30,92048
2015-03-31,104273
2015-04-01,114827
2015-04-02,120880
2015-04-03,109922
2015-04-04,106104
2015-04-05,87758
2015-04-06,96669
2015-04-07,105403
2015-04-08,113367
2015-04-09,109473
2015-04-10,116597
2015-04-11,109789
2015-04-12,100336
2015-04-13,86731
2015-04-14,116446
2015-04-15,108900
2015-04-16,108099
2015-04-17,99665
2015-04-18,101114
2015-04-19,97726
2015-04-20,93562
2015-04-21,116630
2015-04-22,110410
2015-04-23,113488
2015-04-24,110064
2015-04-25,105725
2015-04-26,100761
2015-04-27,93666
2015-04-28,113502
2015-04-29,113695
2015-04-30,117681
2015-05-01,110813
2015-05-02,101600
2015-05-03,93056
2015-05-04,83996
2015-05-05,104639
2015-05-06,115943
2015-05-07,111413
2015-05-08,110526
2015-05-09,110300
2015-05-10,96146
2015-05-11,87420
2015-05-12,110305
2015-05-13,109757
2015-05-14,110724
2015-05-15,102211
2015-05-16,104674
2015-05-17,89432
2015-05-18,89255
2015-05-19,97102
2015-05-20,109093
2015-05-21,104961
2015-05-22,98152
2015-05-23,103176
2015-05-24,87309
2015-05-25,91274
2015-05-26,107638
2015-05-27,111103
2015-05-28,106376
2015-05-29,110658
2015-05-30,130459
2015-05-31,122358
2015-06-01,97504
2015-06-02,132800
2015-06-03,125867
2015-06-04,129540
2015-06-05,114826
2015-06-06,109031
2015-06-07,93769
2015-06-08,82651
2015-06-09,111827
2015-06-10,121288
2015-06-11,129785
2015-06-12,120775
2015-06-13,125544
2015-06-14,105389
2015-06-15,105528
2015-06-16,128713
2015-06-17,120490
2015-06-18,132164
2015-06-19,125986
2015-06-20,126161
2015-06-21,100679
2015-06-22,96893
2015-06-23,119050
2015-06-24,126816
2015-06-25,113505
2015-06-26,109345
2015-06-27,117872
2015-06-28,103918
2015-06-29,100782
2015-06-30,124919
2015-07-01,155893
2015-07-02,142844
2015-07-03,143108
2015-07-04,129505
2015-07-05,103870
2015-07-06,114868
2015-07-07,181063
2015-07-08,191044
2015-07-09,195743
2015-07-10,195122
2015-07-11,190285
2015-07-12,187106
2015-07-13,208763
2015-07-14,158608
2015-07-15,125006
2015-07-16,112316
2015-07-17,116194
2015-07-18,114999
2015-07-19,134191
2015-07-20,117812
2015-07-21,125426
2015-07-22,134327
2015-07-23,129136
2015-07-24,110647
2015-07-25,108295
2015-07-26,100721
2015-07-27,93691
2015-07-28,114360
2015-07-29,122016
2015-07-30,140654
2015-07-31,124672
2015-08-01,145594
2015-08-02,148609
2015-08-03,104123
2015-08-04,119554
2015-08-05,133122
2015-08-06,131447
2015-08-07,134954
2015-08-08,115521
2015-08-09,101111
2015-08-10,88286
2015-08-11,116095
2015-08-12,116143
2015-08-13,117096
2015-08-14,115955
2015-08-15,110660
2015-08-16,96544
2015-08-17,88755
2015-08-18,120778
2015-08-19,117817
2015-08-20,116597
2015-08-21,119597
2015-08-22,112976
2015-08-23,104503
2015-08-24,94171
2015-08-25,126562
2015-08-26,123099
2015-08-27,123940
2015-08-28,117195
2015-08-29,120174
2015-08-30,109204
2015-08-31,96926
2015-09-01,129239
2015-09-02,131334
2015-09-03,151163
2015-09-04,125419
2015-09-05,102290
2015-09-06,127669
2015-09-07,106068
2015-09-08,124540
2015-09-09,127942
2015-09-10,124154
2015-09-11,123401
2015-09-12,182218
2015-09-13,136901
2015-09-14,144780
2015-09-15,169152
2015-09-16,161904
2015-09-17,169261
2015-09-18,257124
2015-09-19,162292
2015-09-20,114444
2015-09-21,107870
2015-09-22,133147
2015-09-23,135371
2015-09-24,132760
2015-09-25,125913
2015-09-26,126641
2015-09-27,116243
2015-09-28,108985
2015-09-29,136208
2015-09-30,141393
2015-10-01,140704
2015-10-02,136428
2015-10-03,140884
2015-10-04,115486
2015-10-05,102203
2015-10-06,129598
2015-10-07,144808
2015-10-08,135900
2015-10-09,134213
2015-10-10,119971
2015-10-11,123873
2015-10-12,104974
2015-10-13,135314
2015-10-14,134880
2015-10-15,143469
2015-10-16,151767
2015-10-17,143902
2015-10-18,140920
2015-10-19,113453
2015-10-20,146839
2015-10-21,147677
2015-10-22,145383
2015-10-23,152192
2015-10-24,138503
2015-10-25,143941
2015-10-26,130675
2015-10-27,115981
2015-10-28,153686
2015-10-29,161164
2015-10-30,160631
2015-10-31,163874
2015-11-01,155998
2015-11-02,153163
2015-11-03,174238
2015-11-04,185273
2015-11-05,205612
2015-11-06,181876
2015-11-07,166763
2015-11-08,151015
2015-11-09,135500
2015-11-10,156298
2015-11-11,160608
2015-11-12,162111
2015-11-13,160077
2015-11-14,153334
2015-11-15,149283
2015-11-16,140163
2015-11-17,160679
2015-11-18,158726
2015-11-19,166646
2015-11-20,148952
2015-11-21,157942
2015-11-22,148926
2015-11-23,130028
2015-11-24,147039
2015-11-25,152443
2015-11-26,153064
2015-11-27,163457
2015-11-28,161973
2015-11-29,164020
2015-11-30,130631
2015-12-01,185136
2015-12-02,176894
2015-12-03,183026
2015-12-04,163964
2015-12-05,171532
2015-12-06,188934
2015-12-07,177017
2015-12-08,193968
2015-12-09,198869
2015-12-10,217843
2015-12-11,212312
2015-12-12,210801
2015-12-13,204268
2015-12-14,188202
2015-12-15,231972
2015-12-16,224895
2015-12-17,222814
2015-12-18,213507
2015-12-19,217703
2015-12-20,208198
2015-12-21,196582
2015-12-22,233367
2015-12-23,218180
2015-12-24,220100
2015-12-25,213498
2015-12-26,174030
2015-12-27,179398
2015-12-28,160731
2015-12-29,174910
2015-12-30,184606
2015-12-31,177568
2016-01-01,153492
2016-01-02,124562
2016-01-03,148009
2016-01-04,145174
2016-01-05,178757
2016-01-06,183816
2016-01-07,171949
2016-01-08,191234
2016-01-09,179776
2016-01-10,185765
2016-01-11,156134
2016-01-12,193070
2016-01-13,194607
2016-01-14,192625
2016-01-15,181970
2016-01-16,179235
2016-01-17,197566
2016-01-18,196346
2016-01-19,216832
2016-01-20,188141
2016-01-21,209790
2016-01-22,217411
2016-01-23,216300
2016-01-24,188222
2016-01-25,204555
2016-01-26,224440
2016-01-27,228959
2016-01-28,230496
2016-01-29,221717
2016-01-30,223178
2016-01-31,195293
2016-02-01,177995
2016-02-02,226597
2016-02-03,238374
2016-02-04,187590
2016-02-05,202189
2016-02-06,222843
2016-02-07,228752
2016-02-08,210713
2016-02-09,228758
2016-02-10,233133
2016-02-11,229392
2016-02-12,221317
2016-02-13,201779
2016-02-14,184889
2016-02-15,189842
2016-02-16,220771
2016-02-17,216386
2016-02-18,224254
2016-02-19,213865
2016-02-20,218218
2016-02-21,216170
2016-02-22,208632
2016-02-23,236333
2016-02-24,249140
2016-02-25,219907
2016-02-26,217777
2016-02-27,203941
2016-02-28,177026
2016-02-29,239889
2016-03-01,264195
2016-03-02,275696
2016-03-03,265794
2016-03-04,228354
2016-03-05,200885
2016-03-06,235919
2016-03-07,161235
2016-03-08,187354
2016-03-09,197659
2016-03-10,186842
2016-03-11,190816
2016-03-12,195566
2016-03-13,166612
2016-03-14,148034
2016-03-15,189260
2016-03-16,204389
2016-03-17,211990
2016-03-18,206933
2016-03-19,204445
2016-03-20,180774
2016-03-21,174932
2016-03-22,199892
2016-03-23,203331
2016-03-24,190083
2016-03-25,189239
2016-03-26,170788
2016-03-27,159570
2016-03-28,158866
2016-03-29,199511
2016-03-30,200784
2016-03-31,198641
2016-04-01,210101
2016-04-02,203717
2016-04-03,189736
2016-04-04,171979
2016-04-05,209257
2016-04-06,219281
2016-04-07,219327
2016-04-08,221254
2016-04-09,210309
2016-04-10,197696
2016-04-11,186486
2016-04-12,234206
2016-04-13,233881
2016-04-14,225024
2016-04-15,228710
2016-04-16,213326
2016-04-17,180734
2016-04-18,193409
2016-04-19,222146
2016-04-20,225803
2016-04-21,212085
2016-04-22,215578
2016-04-23,209718
2016-04-24,184144
2016-04-25,182728
2016-04-26,221554
2016-04-27,250456
2016-04-28,244991
2016-04-29,245765
2016-04-30,258674
2016-05-01,218033
2016-05-02,185099
2016-05-03,224882
2016-05-04,232335
2016-05-05,239295
2016-05-06,228872
2016-05-07,239111
2016-05-08,196271
2016-05-09,184857
2016-05-10,229164
2016-05-11,247051
2016-05-12,236567
2016-05-13,227324
2016-05-14,231086
2016-05-15,208290
2016-05-16,205428
2016-05-17,235389
2016-05-18,244592
2016-05-19,234990
2016-05-20,212311
2016-05-21,212409
2016-05-22,186290
2016-05-23,185857
2016-05-24,229136
2016-05-25,241308
2016-05-26,249662
2016-05-27,221879
2016-05-28,215890
2016-05-29,188012
2016-05-30,187133
2016-05-31,206139
2016-06-01,219108
2016-06-02,230070
2016-06-03,234198
2016-06-04,229280
2016-06-05,195712
2016-06-06,189699
2016-06-07,222666
2016-06-08,237463
2016-06-09,231007
2016-06-10,230733
2016-06-11,227383
2016-06-12,213884
2016-06-13,214388
2016-06-14,252356
2016-06-15,243950
2016-06-16,261221
2016-06-17,268159
2016-06-18,250084
2016-06-19,237651
2016-06-20,213599
2016-06-21,251038
2016-06-22,251702
2016-06-23,237562
2016-06-24,234349
2016-06-25,237689
2016-06-26,209562
2016-06-27,179355
2016-06-28,218894
2016-06-29,213094
2016-06-30,225270
2016-07-01,227855
2016-07-02,209995
2016-07-03,193420
2016-07-04,181078
2016-07-05,213919
2016-07-06,214758
2016-07-07,220945
2016-07-08,209919
2016-07-09,210367
2016-07-10,182557
2016-07-11,162660
2016-07-12,220224
2016-07-13,218158
2016-07-14,217511
2016-07-15,223608
2016-07-16,211326
2016-07-17,182268
2016-07-18,170550
2016-07-19,222617
2016-07-20,221852
2016-07-21,225540
2016-07-22,222328
2016-07-23,220589
2016-07-24,196879
2016-07-25,184528
2016-07-26,238469
2016-07-27,237160
2016-07-28,230247
2016-07-29,239942
2016-07-30,229532
2016-07-31,199563
2016-08-01,192750
2016-08-02,223211
2016-08-03,250593
2016-08-04,242011
2016-08-05,232181
2016-08-06,230312
2016-08-07,195343
2016-08-08,190622
2016-08-09,234193
2016-08-10,231215
2016-08-11,249969
2016-08-12,251467
2016-08-13,233986
2016-08-14,217779
2016-08-15,195294
2016-08-16,205220
2016-08-17,255551
2016-08-18,235308
2016-08-19,237927
2016-08-20,245781
2016-08-21,215861
2016-08-22,182275
2016-08-23,223439
2016-08-24,239115
2016-08-25,239849
2016-08-26,232179
2016-08-27,225216
2016-08-28,192651
2016-08-29,172942
2016-08-30,230689
2016-08-31,248782
2016-09-01,226485
2016-09-02,233469
2016-09-03,229055
2016-09-04,179466
2016-09-05,180036
2016-09-06,235060
2016-09-07,227470
2016-09-08,253387
2016-09-09,225674
2016-09-10,217602
2016-09-11,196211
2016-09-12,179710
2016-09-13,212575
2016-09-14,238286
2016-09-15,227862
2016-09-16,234039
2016-09-17,216719
2016-09-18,212426
2016-09-19,191320
2016-09-20,225279
2016-09-21,241481
2016-09-22,238107
2016-09-23,229768
2016-09-24,230288
2016-09-25,203262
2016-09-26,196784
2016-09-27,231835
2016-09-28,243880
2016-09-29,234238
2016-09-30,241285
2016-10-01,248283
2016-10-02,216062
2016-10-03,189591
2016-10-04,262919
2016-10-05,261955
2016-10-06,269556
2016-10-07,271720
2016-10-08,267630
2016-10-09,246367
2016-10-10,214471
2016-10-11,224874
2016-10-12,262381
2016-10-13,233861
2016-10-14,230869
2016-10-15,237969
2016-10-16,209941
2016-10-17,199380
2016-10-18,238308
2016-10-19,249890
2016-10-20,193894
2016-10-21,277881
2016-10-22,259606
2016-10-23,218557
2016-10-24,192805
2016-10-25,224797
2016-10-26,238593
2016-10-27,221912
2016-10-28,332738
2016-10-29,244844
2016-10-30,231753
2016-10-31,205888
2016-11-01,245090
2016-11-02,248724
2016-11-03,266541
2016-11-04,273554
2016-11-05,246912
2016-11-06,236590
2016-11-07,224275
2016-11-08,278006
2016-11-09,293639
2016-11-10,272452
2016-11-11,266076
2016-11-12,258788
2016-11-13,232027
2016-11-14,214112
2016-11-15,273779
2016-11-16,280069
2016-11-17,292210
2016-11-18,274468
2016-11-19,275106
2016-11-20,251094
2016-11-21,245387
2016-11-22,285594
2016-11-23,284594
2016-11-24,270902
2016-11-25,334927
2016-11-26,315082
2016-11-27,272138
2016-11-28,244106
2016-11-29,296853
2016-11-30,289509
2016-12-01,292197
2016-12-02,234648
2016-12-03,320404
2016-12-04,287426
2016-12-05,245346
2016-12-06,278951
2016-12-07,321864
2016-12-08,308390
2016-12-09,285229
2016-12-10,265777
2016-12-11,246433
2016-12-12,227950
2016-12-13,272420
2016-12-14,294932
2016-12-15,287773
2016-12-16,281809
2016-12-17,279405
2016-12-18,236048
2016-12-19,237815
2016-12-20,284845
2016-12-21,294779
2016-12-22,322897
2016-12-23,316659
2016-12-24,302853
2016-12-25,239727
2016-12-26,196917
2016-12-27,249310
2016-12-28,294254
2016-12-29,306161
2016-12-30,305871
2016-12-31,285649
2017-01-01,246392
2017-01-02,178210
2017-01-03,289864
2017-01-04,309774
2017-01-05,326559
2017-01-06,290976
2017-01-07,344515
2017-01-08,281788
2017-01-09,256914
2017-01-10,274694
2017-01-11,322023
2017-01-12,305180
2017-01-13,287174
2017-01-14,279376
2017-01-15,244361
2017-01-16,228627
2017-01-17,273886
2017-01-18,288085
2017-01-19,300771
2017-01-20,301376
2017-01-21,297984
2017-01-22,259412
2017-01-23,238313
2017-01-24,232181
2017-01-25,281612
2017-01-26,307876
2017-01-27,311840
2017-01-28,261455
2017-01-29,247177
2017-01-30,240969
2017-01-31,252964
2017-02-01,310700
2017-02-02,345155
2017-02-03,258411
2017-02-04,323316
2017-02-05,285317
2017-02-06,294119
2017-02-07,227395
2017-02-08,329294
2017-02-09,308783
2017-02-10,343011
2017-02-11,304452
2017-02-12,259283
2017-02-13,233746
2017-02-14,293068
2017-02-15,316138
2017-02-16,288256
2017-02-17,291742
2017-02-18,320287
2017-02-19,282995
2017-02-20,251769
2017-02-21,282545
2017-02-22,279300
2017-02-23,279390
2017-02-24,328652
2017-02-25,344094
2017-02-26,321776
2017-02-27,271371
2017-02-28,283344
2017-03-01,327993
2017-03-02,313872
2017-03-03,331010
2017-03-04,335316
2017-03-05,267615
2017-03-06,278613
2017-03-07,287161
2017-03-08,327660
2017-03-09,298572
2017-03-10,304950
2017-03-11,308143
2017-03-12,278520
2017-03-13,221890
2017-03-14,271118
2017-03-15,313521
2017-03-16,291859
2017-03-17,324045
2017-03-18,294562
2017-03-19,263838
2017-03-20,265264
2017-03-21,282041
2017-03-22,285186
2017-03-23,316736
2017-03-24,288601
2017-03-25,287863
2017-03-26,248159
2017-03-27,212121
2017-03-28,239598
2017-03-29,294356
2017-03-30,281566
2017-03-31,286240
2017-04-01,264489
2017-04-02,255450
2017-04-03,239926
2017-04-04,291447
2017-04-05,255315
2017-04-06,318447
2017-04-07,288603
2017-04-08,295952
2017-04-09,228357
2017-04-10,235884
2017-04-11,275333
2017-04-12,308971
2017-04-13,276595
2017-04-14,228861
2017-04-15,286847
2017-04-16,268966
2017-04-17,212506
2017-04-18,249295
2017-04-19,306241
2017-04-20,309329
2017-04-21,267105
2017-04-22,323750
2017-04-23,273027
2017-04-24,241307
2017-04-25,228869
2017-04-26,323902
2017-04-27,333681
2017-04-28,298572
2017-04-29,305275
2017-04-30,342452
2017-05-01,277231
2017-05-02,298713
2017-05-03,331853
2017-05-04,295856
2017-05-05,355477
2017-05-06,268063
2017-05-07,359626
2017-05-08,318583
2017-05-09,364493
2017-05-10,333786
2017-05-11,310565
2017-05-12,296048
2017-05-13,314692
2017-05-14,330290
2017-05-15,369626
2017-05-16,329174
2017-05-17,231174
2017-05-18,320234
2017-05-19,292129
2017-05-20,316575
2017-05-21,354658
2017-05-22,320772
2017-05-23,331832
2017-05-24,368883
2017-05-25,337300
2017-05-26,350697
2017-05-27,333246
2017-05-28,331118
2017-05-29,303810
2017-05-30,327067
2017-05-31,348282
2017-06-01,320570
2017-06-02,319518
2017-06-03,263977
2017-06-04,306401
2017-06-05,271739
2017-06-06,289433
2017-06-07,299875
2017-06-08,338586
2017-06-09,307520
2017-06-10,281141
2017-06-11,252863
2017-06-12,225164
2017-06-13,270293
2017-06-14,291997
2017-06-15,286667
2017-06-16,292028
2017-06-17,271170
2017-06-18,233700
2017-06-19,209590
2017-06-20,270629
2017-06-21,270479
2017-06-22,279802
2017-06-23,267646
2017-06-24,263558
2017-06-25,220585
2017-06-26,185556
2017-06-27,261236
2017-06-28,261244
2017-06-29,277315
2017-06-30,232242
2017-07-01,266611
2017-07-02,220431
2017-07-03,197001
2017-07-04,250732
2017-07-05,256896
2017-07-06,235183
2017-07-07,229362
2017-07-08,243701
2017-07-09,217942
2017-07-10,185752
2017-07-11,254534
2017-07-12,269230
2017-07-13,255769
2017-07-14,244062
2017-07-15,231468
2017-07-16,216403
2017-07-17,205572
2017-07-18,232289
2017-07-19,260297
2017-07-20,253751
2017-07-21,230917
2017-07-22,269822
2017-07-23,215060
2017-07-24,183292
2017-07-25,244135
2017-07-26,242508
2017-07-27,236540
2017-07-28,225642
2017-07-29,249262
2017-07-30,207954
2017-07-31,194083
2017-08-01,221113
2017-08-02,131517
2017-08-03,214787
2017-08-04,212494
2017-08-05,234435
2017-08-06,235282
2017-08-07,203225
2017-08-08,250460
2017-08-09,275658
2017-08-10,257587
2017-08-11,262547
2017-08-12,279050
2017-08-13,261787
2017-08-14,264085
2017-08-15,258580
2017-08-16,309307
2017-08-17,276650
2017-08-18,348663
2017-08-19,306634
2017-08-20,265055
2017-08-21,215938
2017-08-22,238261
2017-08-23,196535
2017-08-24,313947
2017-08-25,201512
2017-08-26,212966
2017-08-27,224767
2017-08-28,257353
2017-08-29,227732
2017-08-30,277116
2017-08-31,275899
2017-09-01,281484
2017-09-02,275441
2017-09-03,241192
2017-09-04,195277
2017-09-05,270877
2017-09-06,277536
2017-09-07,277373
2017-09-08,256801
2017-09-09,271412
2017-09-10,218989
2017-09-11,199604
2017-09-12,249906
2017-09-13,254315
2017-09-14,261998
2017-09-15,274409
2017-09-16,292019
2017-09-17,224604
2017-09-18,196066
2017-09-19,224494
2017-09-20,283930
2017-09-21,234227
2017-09-22,253655
2017-09-23,224267
2017-09-24,203920
2017-09-25,190361
2017-09-26,226456
2017-09-27,258422
2017-09-28,265589
2017-09-29,270635
2017-09-30,256088
2017-10-01,212054
2017-10-02,205136
2017-10-03,289506
2017-10-04,283263
2017-10-05,239155
2017-10-06,272169
2017-10-07,284873
2017-10-08,223787
2017-10-09,243269
2017-10-10,296284
2017-10-11,304628
2017-10-12,294790
2017-10-13,294103
2017-10-14,307442
2017-10-15,291961
2017-10-16,285460
2017-10-17,312270
2017-10-18,337269
2017-10-19,330440
2017-10-20,354449
2017-10-21,313573
2017-10-22,309740
2017-10-23,291028
2017-10-24,316494
2017-10-25,346255
2017-10-26,310307
2017-10-27,272795
2017-10-28,246320
2017-10-29,208701
2017-10-30,330347
2017-10-31,316229
2017-11-01,280457
2017-11-02,351643
2017-11-03,341758
2017-11-04,278022
2017-11-05,290965
2017-11-06,251893
2017-11-07,273204
2017-11-08,332788
2017-11-09,303526
2017-11-10,339718
2017-11-11,274238
2017-11-12,192296
2017-11-13,187868
2017-11-14,308959
2017-11-15,272569
2017-11-16,319738
2017-11-17,311279
2017-11-18,305592
2017-11-19,269038
2017-11-20,267256
2017-11-21,332996
2017-11-22,373499
2017-11-23,311983
2017-11-24,353137
2017-11-25,307443
2017-11-26,332671
2017-11-27,331089
2017-11-28,381746
2017-11-29,365309
2017-11-30,399046
2017-12-01,384108
2017-12-02,412655
2017-12-03,325457
2017-12-04,347308
2017-12-05,407468
2017-12-06,404982
2017-12-07,443085
2017-12-08,375097
2017-12-09,385649
2017-12-10,401683
2017-12-11,336725
2017-12-12,376743
2017-12-13,372755
2017-12-14,417782
2017-12-15,498327
2017-12-16,401046
2017-12-17,367109
2017-12-18,389396
2017-12-19,398230
2017-12-20,378650
2017-12-21,370510
2017-12-22,334586
2017-12-23,380167
2017-12-24,307343
2017-12-25,274541
2017-12-26,229465
2017-12-27,247558
2017-12-28,312090
2017-12-29,303181
2017-12-30,356954
2017-12-31,338192
2018-01-01,293150
2018-01-02,241781
2018-01-03,343835
2018-01-04,397099
2018-01-05,424930
2018-01-06,339584
2018-01-07,356638
2018-01-08,372728
2018-01-09,346021
2018-01-10,355038
2018-01-11,347867
2018-01-12,334774
2018-01-13,304905
2018-01-14,264453
2018-01-15,236197
2018-01-16,272289
2018-01-17,306329
2018-01-18,314409
2018-01-19,308066
2018-01-20,242826
2018-01-21,236491
2018-01-22,217662
2018-01-23,250250
2018-01-24,266259
2018-01-25,251804
2018-01-26,238617
2018-01-27,219006
2018-01-28,192552
2018-01-29,213856
2018-01-30,230161
2018-01-31,239721
2018-02-01,208477
2018-02-02,252658
2018-02-03,237907
2018-02-04,190991
2018-02-05,172799
2018-02-06,221606
2018-02-07,245205
2018-02-08,207813
2018-02-09,177600
2018-02-10,178980
2018-02-11,176448
2018-02-12,148022
2018-02-13,185815
2018-02-14,188463
2018-02-15,197914
2018-02-16,196034
2018-02-17,185330
2018-02-18,172164
2018-02-19,160487
2018-02-20,191795
2018-02-21,194146
2018-02-22,208499
2018-02-23,182861
2018-02-24,180881
2018-02-25,153266
2018-02-26,144116
2018-02-27,192140
2018-02-28,215529
2018-03-01,190336
2018-03-02,236865
2018-03-03,193043
2018-03-04,180012
2018-03-05,154995
2018-03-06,205925
2018-03-07,208934
2018-03-08,212990
2018-03-09,190041
2018-03-10,202325
2018-03-11,149645
2018-03-12,157387
2018-03-13,185391
2018-03-14,199359
2018-03-15,193233
2018-03-16,201231
2018-03-17,188412
2018-03-18,151581
2018-03-19,164662
2018-03-20,193649
2018-03-21,193349
2018-03-22,199414
2018-03-23,180564
2018-03-24,177474
2018-03-25,159557
2018-03-26,137767
2018-03-27,187627
2018-03-28,185580
2018-03-29,181170
2018-03-30,189708
2018-03-31,184109
2018-04-01,149422
2018-04-02,134063
2018-04-03,167297
2018-04-04,203763
2018-04-05,184073
2018-04-06,181563
2018-04-07,170037
2018-04-08,156045
2018-04-09,139931
2018-04-10,174262
2018-04-11,188420
2018-04-12,180116
2018-04-13,216680
2018-04-14,213476
2018-04-15,165180
2018-04-16,170840
2018-04-17,194444
2018-04-18,204256
2018-04-19,200601
2018-04-20,215460
2018-04-21,210806
2018-04-22,191280
2018-04-23,169140
2018-04-24,227530
2018-04-25,254115
2018-04-26,217807
2018-04-27,217399
2018-04-28,212789
2018-04-29,195098
2018-04-30,183970
2018-05-01,215758
2018-05-02,198325
2018-05-03,211036
2018-05-04,228105
2018-05-05,224717
2018-05-06,196126
2018-05-07,172808
2018-05-08,204966
2018-05-09,219767
2018-05-10,204870
2018-05-11,215521
2018-05-12,207180
2018-05-13,181435
2018-05-14,159678
2018-05-15,211460
2018-05-16,208343
2018-05-17,214157
2018-05-18,190559
2018-05-19,216567
2018-05-20,167656
2018-05-21,160007
2018-05-22,201342
2018-05-23,207174
2018-05-24,222708
2018-05-25,203045
2018-05-26,198950
2018-05-27,155996
2018-05-28,143548
2018-05-29,193107
2018-05-30,205054
2018-05-31,205065
2018-06-01,206434
2018-06-02,202024
2018-06-03,175965
2018-06-04,167361
2018-06-05,205707
2018-06-06,214417
2018-06-07,207308
2018-06-08,207478
2018-06-09,197826
2018-06-10,176165
2018-06-11,178199
2018-06-12,213841
2018-06-13,216868
2018-06-14,212861
2018-06-15,212268
2018-06-16,201405
2018-06-17,156024
2018-06-18,145697
2018-06-19,194561
2018-06-20,192925
2018-06-21,199443
2018-06-22,200476
2018-06-23,202605
2018-06-24,160094
2018-06-25,160889
2018-06-26,202384
2018-06-27,189734
2018-06-28,189286
2018-06-29,195903
2018-06-30,194781
2018-07-01,177850
2018-07-02,153590
2018-07-03,206843
2018-07-04,217454
2018-07-05,202069
2018-07-06,202644
2018-07-07,200645
2018-07-08,164824
2018-07-09,158068
2018-07-10,207113
2018-07-11,215582
2018-07-12,201461
2018-07-13,207981
2018-07-14,206501
2018-07-15,175457
2018-07-16,158428
2018-07-17,213969
2018-07-18,232988
2018-07-19,233423
2018-07-20,225209
2018-07-21,226624
2018-07-22,187115
2018-07-23,167677
2018-07-24,229267
2018-07-25,259681
2018-07-26,249153
2018-07-27,230371
2018-07-28,232611
2018-07-29,181841
2018-07-30,172571
2018-07-31,231194
2018-08-01,243605
2018-08-02,238254
2018-08-03,222822
2018-08-04,232631
2018-08-05,192734
2018-08-06,171393
2018-08-07,219182
2018-08-08,236664
2018-08-09,229538
2018-08-10,224240
2018-08-11,225039
2018-08-12,192383
2018-08-13,168701
2018-08-14,217498
2018-08-15,252798
2018-08-16,246453
2018-08-17,231588
2018-08-18,235779
2018-08-19,190027
2018-08-20,160953
2018-08-21,219846
2018-08-22,219700
2018-08-23,224556
2018-08-24,217783
2018-08-25,221959
2018-08-26,194348
2018-08-27,170639
2018-08-28,228105
2018-08-29,236946
2018-08-30,235269
2018-08-31,233840
2018-09-01,238742
2018-09-02,211475
2018-09-03,184549
2018-09-04,225108
2018-09-05,239179
2018-09-06,239752
2018-09-07,252096
2018-09-08,230467
2018-09-09,204845
2018-09-10,189692
2018-09-11,222896
2018-09-12,235581
2018-09-13,234945
2018-09-14,238745
2018-09-15,222793
2018-09-16,207977
2018-09-17,183257
2018-09-18,234638
2018-09-19,243988
2018-09-20,254975
2018-09-21,256395
2018-09-22,271895
2018-09-23,219313
2018-09-24,207316
2018-09-25,232919
2018-09-26,252831
2018-09-27,244339
2018-09-28,251370
2018-09-29,249120
2018-09-30,222999
2018-10-01,202769
2018-10-02,246715
2018-10-03,240516
2018-10-04,243421
2018-10-05,248507
2018-10-06,241427
2018-10-07,211156
2018-10-08,228053
2018-10-09,248539
2018-10-10,227930
2018-10-11,248595
2018-10-12,263133
2018-10-13,242007
2018-10-14,203670
2018-10-15,189382
2018-10-16,275179
2018-10-17,253692
2018-10-18,256046
2018-10-19,262097
2018-10-20,251863
2018-10-21,226041
2018-10-22,204973
2018-10-23,258670
2018-10-24,259442
2018-10-25,249226
2018-10-26,258309
2018-10-27,252578
2018-10-28,234417
2018-10-29,215642
2018-10-30,268437
2018-10-31,287918
2018-11-01,283544
2018-11-02,287280
2018-11-03,291068
2018-11-04,247673
2018-11-05,227812
2018-11-06,296121
2018-11-07,287736
2018-11-08,296423
2018-11-09,277000
2018-11-10,283169
2018-11-11,247306
2018-11-12,252318
2018-11-13,299069
2018-11-14,273921
2018-11-15,298467
2018-11-16,291417
2018-11-17,281542
2018-11-18,261656
2018-11-19,238152
2018-11-20,269669
2018-11-21,289178
2018-11-22,256648
2018-11-23,264840
2018-11-24,273163
2018-11-25,252098
2018-11-26,241629
2018-11-27,255439
2018-11-28,262608
2018-11-29,262385
2018-11-30,245476
2018-12-01,248405
2018-12-02,242869
2018-12-03,221638
2018-12-04,241899
2018-12-05,268288
2018-12-06,256866
2018-12-07,280647
2018-12-08,256260
2018-12-09,231396
2018-12-10,237199
2018-12-11,253492
2018-12-12,255884
2018-12-13,258758
2018-12-14,266833
2018-12-15,278920
2018-12-16,263266
2018-12-17,225514
2018-12-18,296455
2018-12-19,269737
2018-12-20,303112
2018-12-21,282961
2018-12-22,280819
2018-12-23,251411
2018-12-24,249208
2018-12-25,278345
2018-12-26,259740
2018-12-27,281299
2018-12-28,302272
2018-12-29,312629
2018-12-30,265539
2018-12-31,259993
2019-01-01,262156
2019-01-02,235962
2019-01-03,271254
2019-01-04,287236
2019-01-05,283639
2019-01-06,269800
2019-01-07,251626
2019-01-08,288395
2019-01-09,317835
2019-01-10,320862
2019-01-11,322521
2019-01-12,308786
2019-01-13,289110
2019-01-14,274001
2019-01-15,328347
2019-01-16,303723
2019-01-17,300303
2019-01-18,301831
2019-01-19,301209
2019-01-20,278163
2019-01-21,298310
2019-01-22,318014
2019-01-23,293867
2019-01-24,294826
2019-01-25,305100
2019-01-26,301308
2019-01-27,291618
2019-01-28,270053
2019-01-29,314145
2019-01-30,322943
2019-01-31,326464
2019-02-01,355463
2019-02-02,336458
2019-02-03,326778
2019-02-04,296693
2019-02-05,333283
2019-02-06,355737
2019-02-07,349536
2019-02-08,348852
2019-02-09,338765
2019-02-10,312044
2019-02-11,300988
2019-02-12,306294
2019-02-13,280415
2019-02-14,351763
2019-02-15,355387
2019-02-16,293999
2019-02-17,328388
2019-02-18,333342
2019-02-19,340732
2019-02-20,350809
2019-02-21,314477
2019-02-22,297846
2019-02-23,345853
2019-02-24,332384
2019-02-25,319415
2019-02-26,336907
2019-02-27,366540
2019-02-28,346992
2019-03-01,363582
2019-03-02,358999
2019-03-03,334093
2019-03-04,355379
2019-03-05,299053
2019-03-06,287123
2019-03-07,277059
2019-03-08,284343
2019-03-09,281355
2019-03-10,242148
2019-03-11,213311
2019-03-12,295347
2019-03-13,283494
2019-03-14,289746
2019-03-15,296296
2019-03-16,297043
2019-03-17,257862
2019-03-18,229545
2019-03-19,295868
2019-03-20,300170
2019-03-21,309969
2019-03-22,299253
2019-03-23,301074
2019-03-24,243698
2019-03-25,225854
2019-03-26,331976
2019-03-27,364359
2019-03-28,382987
2019-03-29,391430
2019-03-30,372210
2019-03-31,380885
2019-04-01,381017
2019-04-02,368830
2019-04-03,399788
2019-04-04,359695
2019-04-05,355190
2019-04-06,389330
2019-04-07,358694
2019-04-08,350775
2019-04-09,371357
2019-04-10,347007
2019-04-11,396555
2019-04-12,402838
2019-04-13,370803
2019-04-14,372747
2019-04-15,337753
2019-04-16,378518
2019-04-17,360202
2019-04-18,350624
2019-04-19,383921
2019-04-20,361327
2019-04-21,316998
2019-04-22,391655
2019-04-23,343778
2019-04-24,308701
2019-04-25,408488
2019-04-26,381814
2019-04-27,382316
2019-04-28,361068
2019-04-29,370734
2019-04-30,375722
2019-05-01,343530
2019-05-02,441503
2019-05-03,453530
2019-05-04,380286
2019-05-05,355820
2019-05-06,329928
2019-05-07,379677
2019-05-08,331258
2019-05-09,392583
2019-05-10,362259
2019-05-11,322817
2019-05-12,342883
2019-05-13,335989
2019-05-14,395645
2019-05-15,365851
2019-05-16,367770
2019-05-17,376404
2019-05-18,361101
2019-05-19,356488
2019-05-20,349370
2019-05-21,382346
2019-05-22,381806
2019-05-23,394425
2019-05-24,386371
2019-05-25,375251
2019-05-26,336725
2019-05-27,378170
2019-05-28,397362
2019-05-29,388163
2019-05-30,405680
2019-05-31,380436
2019-06-01,297332
2019-06-02,332683
2019-06-03,296803
2019-06-04,298573
2019-06-05,375258
2019-06-06,372950
2019-06-07,364241
2019-06-08,350837
2019-06-09,289353
2019-06-10,303995
2019-06-11,353238
2019-06-12,342481
2019-06-13,327817
2019-06-14,364332
2019-06-15,366800
2019-06-16,328944
2019-06-17,291005
2019-06-18,325107
2019-06-19,395833
2019-06-20,393676
2019-06-21,335503
2019-06-22,340270
2019-06-23,348876
2019-06-24,379798
2019-06-25,389742
2019-06-26,362773
2019-06-27,400275
2019-06-28,361736
2019-06-29,402208
2019-06-30,359408
2019-07-01,331488
2019-07-02,335068
2019-07-03,372538
2019-07-04,397822
2019-07-05,367259
2019-07-06,384125
2019-07-07,343940
2019-07-08,317574
2019-07-09,382571
2019-07-10,360912
2019-07-11,319958
2019-07-12,324982
2019-07-13,359022
2019-07-14,304917
2019-07-15,303598
2019-07-16,349198
2019-07-17,364104
2019-07-18,326026
2019-07-19,316180
2019-07-20,295821
2019-07-21,316890
2019-07-22,290315
2019-07-23,320014
2019-07-24,318527
2019-07-25,298021
2019-07-26,332821
2019-07-27,321962
2019-07-28,285303
2019-07-29,270298
2019-07-30,336802
2019-07-31,325404
2019-08-01,365365
2019-08-02,334055
2019-08-03,351912
2019-08-04,322044
2019-08-05,298908
2019-08-06,339439
2019-08-07,371200
2019-08-08,371099
2019-08-09,337681
2019-08-10,340779
2019-08-11,296160
2019-08-12,273829
2019-08-13,303429
2019-08-14,372396
2019-08-15,360292
2019-08-16,347665
2019-08-17,329612
2019-08-18,288858
2019-08-19,272670
2019-08-20,334003
2019-08-21,330033
2019-08-22,310246
2019-08-23,321642
2019-08-24,341802
2019-08-25,302866
2019-08-26,288509
2019-08-27,320607
2019-08-28,324830
2019-08-29,340046
2019-08-30,346632
2019-08-31,354086
2019-09-01,334953
2019-09-02,286290
2019-09-03,332210
2019-09-04,371160
2019-09-05,324786
2019-09-06,354564
2019-09-07,361557
2019-09-08,313200
2019-09-09,288675
2019-09-10,316776
2019-09-11,339095
2019-09-12,335488
2019-09-13,339179
2019-09-14,304754
2019-09-15,306079
2019-09-16,269894
2019-09-17,349588
2019-09-18,344478
2019-09-19,360495
2019-09-20,347683
2019-09-21,346684
2019-09-22,327869
2019-09-23,320534
2019-09-24,291270
2019-09-25,354861
2019-09-26,344481
2019-09-27,351959
2019-09-28,308072
2019-09-29,314603
2019-09-30,288741
2019-10-01,310563
2019-10-02,331601
2019-10-03,329630
2019-10-04,327553
2019-10-05,337092
2019-10-06,327322
2019-10-07,272002
2019-10-08,329585
2019-10-09,332900
2019-10-10,313256
2019-10-11,349568
2019-10-12,347151
2019-10-13,294307
2019-10-14,286728
2019-10-15,304339
2019-10-16,343596
2019-10-17,333942
2019-10-18,335831
2019-10-19,336781
2019-10-20,309978
2019-10-21,281701
2019-10-22,356175
2019-10-23,343605
2019-10-24,342396
2019-10-25,308759
2019-10-26,329754
2019-10-27,303667
2019-10-28,259950
2019-10-29,306072
2019-10-30,309671
2019-10-31,309036
2019-11-01,300764
2019-11-02,316005
2019-11-03,284492
2019-11-04,288923
2019-11-05,310461
2019-11-06,335848
2019-11-07,310233
2019-11-08,331260
2019-11-09,312968
2019-11-10,296263
2019-11-11,305819
2019-11-12,327923
2019-11-13,301498
2019-11-14,316825
2019-11-15,346713
2019-11-16,328596
2019-11-17,280472
2019-11-18,267646
2019-11-19,306922
2019-11-20,325344
2019-11-21,320968
2019-11-22,326268
2019-11-23,303820
2019-11-24,312497
2019-11-25,264550
2019-11-26,283453
2019-11-27,319583
2019-11-28,312699
2019-11-29,316163
2019-11-30,305221
2019-12-01,285038
2019-12-02,268274
2019-12-03,318746
2019-12-04,334127
2019-12-05,332371
2019-12-06,319278
2019-12-07,311214
2019-12-08,282784
2019-12-09,278911
2019-12-10,317143
2019-12-11,321614
2019-12-12,288287
2019-12-13,310205
2019-12-14,329664
2019-12-15,291430
2019-12-16,258490
2019-12-17,330283
2019-12-18,314990
2019-12-19,318334
2019-12-20,319319
2019-12-21,332263
2019-12-22,305218
2019-12-23,282302
2019-12-24,314060
2019-12-25,283875
2019-12-26,241663
2019-12-27,302992
2019-12-28,325404
2019-12-29,291425
2019-12-30,281595
2019-12-31,326792
2020-01-01,290113
2020-01-02,252041
2020-01-03,292076
2020-01-04,323322
2020-01-05,282469
2020-01-06,288375
2020-01-07,297978
2020-01-08,347388
2020-01-09,318775
2020-01-10,322995
2020-01-11,332612
2020-01-12,303718
2020-01-13,279004
2020-01-14,299929
2020-01-15,347123
2020-01-16,328984
2020-01-17,326746
2020-01-18,324043
2020-01-19,291102
2020-01-20,282255
2020-01-21,313119
2020-01-22,311988
2020-01-23,326536
2020-01-24,337439
2020-01-25,311975
2020-01-26,283456
2020-01-27,256882
2020-01-28,285529
2020-01-29,339926
2020-01-30,340235
2020-01-31,332740
2020-02-01,329513
2020-02-02,305035
2020-02-03,292526
2020-02-04,336374
2020-02-05,307948
2020-02-06,363312
2020-02-07,322063
2020-02-08,333458
2020-02-09,315665
2020-02-10,319127
2020-02-11,295583
2020-02-12,362017
2020-02-13,351115
2020-02-14,336906
2020-02-15,329258
2020-02-16,317073
2020-02-17,299669
2020-02-18,338679
2020-02-19,326617
2020-02-20,340245
2020-02-21,312108
2020-02-22,341544
2020-02-23,300314
2020-02-24,289256
2020-02-25,328186
2020-02-26,339457
2020-02-27,329297
2020-02-28,338341
2020-02-29,361811
2020-03-01,309225
2020-03-02,312894
2020-03-03,341804
2020-03-04,346981
2020-03-05,350670
2020-03-06,350584
2020-03-07,338913
2020-03-08,313939
2020-03-09,304692
2020-03-10,347501
2020-03-11,329640
2020-03-12,290403
2020-03-13,346208
2020-03-14,279787
2020-03-15,276157
2020-03-16,224995
2020-03-17,269706
2020-03-18,279400
2020-03-19,233312
2020-03-20,265650
2020-03-21,282961
2020-03-22,238483
2020-03-23,215626
2020-03-24,257090
2020-03-25,280495
2020-03-26,219864
2020-03-27,286681
2020-03-28,273330
2020-03-29,242092
2020-03-30,234902
2020-03-31,278426
2020-04-01,288497
2020-04-02,285484
2020-04-03,300173
2020-04-04,276290
2020-04-05,255810
2020-04-06,237949
2020-04-07,282780
2020-04-08,312093
2020-04-09,281903
2020-04-10,289403
2020-04-11,286245
2020-04-12,249300
2020-04-13,232663
2020-04-14,282115
2020-04-15,303297
2020-04-16,309571
2020-04-17,322065
2020-04-18,287329
2020-04-19,285710
2020-04-20,254217
2020-04-21,307315
2020-04-22,311604
2020-04-23,283812
2020-04-24,327538
2020-04-25,317826
2020-04-26,278653
2020-04-27,257183
2020-04-28,311231
2020-04-29,326622
2020-04-30,330453
2020-05-01,320996
2020-05-02,330692
2020-05-03,292794
2020-05-04,283713
2020-05-05,324175
2020-05-06,327803
2020-05-07,334804
2020-05-08,343831
2020-05-09,324830
2020-05-10,310255
2020-05-11,283965
2020-05-12,311810
2020-05-13,342450
2020-05-14,300075
2020-05-15,268230
2020-05-16,311349
2020-05-17,295406
2020-05-18,236109
2020-05-19,275819
2020-05-20,273079
2020-05-21,276314
2020-05-22,302390
2020-05-23,279053
2020-05-24,267161
2020-05-25,216661
2020-05-26,267520
2020-05-27,286883
2020-05-28,300122
2020-05-29,299195
2020-05-30,282900
2020-05-31,284272
2020-06-01,258679
2020-06-02,302178
2020-06-03,309077
2020-06-04,311292
2020-06-05,315922
2020-06-06,331568
2020-06-07,281487
2020-06-08,254883
2020-06-09,316459
2020-06-10,328275
2020-06-11,325071
2020-06-12,336857
2020-06-13,309980
2020-06-14,283322
2020-06-15,279267
2020-06-16,292930
2020-06-17,343181
2020-06-18,331113
2020-06-19,283229
2020-06-20,345172
2020-06-21,281647
2020-06-22,257126
2020-06-23,307919
2020-06-24,351350
2020-06-25,311282
2020-06-26,315679
2020-06-27,328569
2020-06-28,272348
2020-06-29,266091
2020-06-30,314633
2020-07-01,306470
2020-07-02,378243
2020-07-03,339583
2020-07-04,328111
2020-07-05,292918
2020-07-06,273277
2020-07-07,337438
2020-07-08,349183
2020-07-09,347155
2020-07-10,360264
2020-07-11,345455
2020-07-12,310721
2020-07-13,280577
2020-07-14,311422
2020-07-15,357304
2020-07-16,318574
2020-07-17,347807
2020-07-18,290651
2020-07-19,313434
2020-07-20,274760
2020-07-21,312328
2020-07-22,313225
2020-07-23,362942
2020-07-24,336642
2020-07-25,369379
2020-07-26,290745
2020-07-27,301470
2020-07-28,325670
2020-07-29,354578
2020-07-30,348171
2020-07-31,329552
2020-08-01,355841
2020-08-02,292411
2020-08-03,287274
2020-08-04,334884
2020-08-05,331593
2020-08-06,291732
2020-08-07,355441
2020-08-08,327567
2020-08-09,277541
2020-08-10,275355
2020-08-11,307417
2020-08-12,348619
2020-08-13,342681
2020-08-14,330404
2020-08-15,364596
2020-08-16,309511
2020-08-17,293281
2020-08-18,289951
2020-08-19,345262
2020-08-20,336798
2020-08-21,331692
2020-08-22,313233
2020-08-23,309102
2020-08-24,288097
2020-08-25,334453
2020-08-26,301149
2020-08-27,328538
2020-08-28,324864
2020-08-29,352507
2020-08-30,291351
2020-08-31,266253
2020-09-01,310507
2020-09-02,371932
2020-09-03,320161
2020-09-04,309964
2020-09-05,300156
2020-09-06,324735
2020-09-07,259114
2020-09-08,328195
2020-09-09,329869
2020-09-10,322090
2020-09-11,343341
2020-09-12,308418
2020-09-13,297197
2020-09-14,257139
2020-09-15,354139
2020-09-16,335404
2020-09-17,340182
2020-09-18,347971
2020-09-19,326825
2020-09-20,293024
2020-09-21,261793
2020-09-22,299875
2020-09-23,311137
2020-09-24,349682
2020-09-25,318692
2020-09-26,345568
2020-09-27,281897
2020-09-28,259071
2020-09-29,297814
2020-09-30,346072
2020-10-01,351559
2020-10-02,304501
2020-10-03,316074
2020-10-04,304050
2020-10-05,274666
2020-10-06,296008
2020-10-07,318419
2020-10-08,369727
2020-10-09,329634
2020-10-10,339516
2020-10-11,294795
2020-10-12,257432
2020-10-13,316052
2020-10-14,330486
2020-10-15,318899
2020-10-16,337853
2020-10-17,319946
2020-10-18,278812
2020-10-19,234770
2020-10-20,303273
2020-10-21,331530
2020-10-22,308370
2020-10-23,341684
2020-10-24,321149
2020-10-25,304376
2020-10-26,242713
2020-10-27,255168
2020-10-28,255201
2020-10-29,259312
2020-10-30,277944
2020-10-31,268106
2020-11-01,274626
2020-11-02,276789
2020-11-03,225309
2020-11-04,330191
2020-11-05,320084
2020-11-06,320140
2020-11-07,334792
2020-11-08,273474
2020-11-09,243534
2020-11-10,320713
2020-11-11,308423
2020-11-12,319069
2020-11-13,329790
2020-11-14,301565
2020-11-15,272221
2020-11-16,248287
2020-11-17,312500
2020-11-18,351102
2020-11-19,362576
2020-11-20,309861
2020-11-21,346730
2020-11-22,308999
2020-11-23,273827
2020-11-24,301666
2020-11-25,331054
2020-11-26,362783
2020-11-27,321863