Date,Fee Percentage
2009-01-10,0
2009-01-11,0
2009-01-12,0
2009-01-13,0
2009-01-14,0
2009-01-15,0
2009-01-16,0
2009-01-17,0
2009-01-18,0
2009-01-19,0
2009-01-20,0
2009-01-21,0
2009-01-22,0
2009-01-23,0
2009-01-24,0
2009-01-25,0
2009-01-26,0
2009-01-27,0
2009-01-28,0
2009-01-29,0
2009-01-30,0
2009-01-31,0
2009-02-01,0
2009-02-02,0
2009-02-03,0
2009-02-04,0.272905
2009-02-05,0
2009-02-06,0
2009-02-07,0
2009-02-08,0
2009-02-09,0
2009-02-10,0
2009-02-11,0
2009-02-12,0
2009-02-13,0
2009-02-14,0
2009-02-15,0
2009-02-16,0
2009-02-17,0
2009-02-18,0
2009-02-19,0
2009-02-20,0
2009-02-21,0
2009-02-22,0
2009-02-23,0
2009-02-24,0
2009-02-25,0
2009-02-26,0
2009-02-27,0
2009-02-28,0
2009-03-01,0
2009-03-02,0
2009-03-03,0
2009-03-04,0
2009-03-05,0
2009-03-06,0
2009-03-07,0
2009-03-08,0
2009-03-09,0
2009-03-10,0
2009-03-11,0
2009-03-12,0
2009-03-13,0
2009-03-14,0
2009-03-15,0
2009-03-16,0
2009-03-17,0
2009-03-18,0
2009-03-19,0
2009-03-20,0
2009-03-21,0
2009-03-22,0
2009-03-23,0
2009-03-24,0
2009-03-25,0
2009-03-26,0
2009-03-27,0
2009-03-28,0
2009-03-29,0
2009-03-30,0
2009-03-31,0
2009-04-01,0
2009-04-02,0
2009-04-03,0
2009-04-04,0
2009-04-05,0
2009-04-06,0
2009-04-07,0
2009-04-08,0
2009-04-09,0
2009-04-10,0
2009-04-11,0
2009-04-12,0
2009-04-13,0
2009-04-14,0
2009-04-15,0
2009-04-16,0
2009-04-17,0
2009-04-18,0
2009-04-19,0
2009-04-20,0
2009-04-21,0
2009-04-22,0
2009-04-23,0
2009-04-24,0
2009-04-25,0
2009-04-26,0
2009-04-27,0
2009-04-28,0
2009-04-29,0
2009-04-30,0
2009-05-01,0
2009-05-02,0
2009-05-03,0.00400032
2009-05-04,0
2009-05-05,0
2009-05-06,0
2009-05-07,0
2009-05-08,0
2009-05-09,0
2009-05-10,0
2009-05-11,0
2009-05-12,0.1
2009-05-13,0
2009-05-14,0
2009-05-15,0
2009-05-16,0
2009-05-17,0
2009-05-18,0
2009-05-19,0
2009-05-20,0
2009-05-21,0
2009-05-22,0
2009-05-23,0
2009-05-24,0
2009-05-25,0
2009-05-26,0
2009-05-27,0
2009-05-28,0
2009-05-29,0
2009-05-30,0
2009-05-31,0
2009-06-01,0
2009-06-02,0
2009-06-03,0
2009-06-04,0
2009-06-05,0
2009-06-06,0
2009-06-07,0
2009-06-08,0
2009-06-09,0
2009-06-10,0
2009-06-11,0
2009-06-12,0
2009-06-13,0
2009-06-14,0
2009-06-15,0
2009-06-16,0
2009-06-17,0
2009-06-18,0
2009-06-19,0
2009-06-20,0
2009-06-21,0
2009-06-22,0
2009-06-23,0
2009-06-24,0
2009-06-25,0
2009-06-26,0
2009-06-27,0
2009-06-28,0
2009-06-29,0
2009-06-30,0
2009-07-01,0
2009-07-02,0
2009-07-03,0
2009-07-04,0
2009-07-05,0
2009-07-06,0
2009-07-07,0
2009-07-08,0
2009-07-09,0
2009-07-10,0
2009-07-11,0
2009-07-12,0
2009-07-13,0
2009-07-14,0
2009-07-15,0
2009-07-16,0
2009-07-17,0
2009-07-18,0
2009-07-19,0
2009-07-20,0
2009-07-21,0.00231418
2009-07-22,0
2009-07-23,0
2009-07-24,0
2009-07-25,0
2009-07-26,0
2009-07-27,0
2009-07-28,0
2009-07-29,0
2009-07-30,0
2009-07-31,0
2009-08-01,0
2009-08-02,0
2009-08-03,0
2009-08-04,0
2009-08-05,0
2009-08-06,0
2009-08-07,0
2009-08-08,0.00234254
2009-08-09,0
2009-08-10,0
2009-08-11,0
2009-08-12,0
2009-08-13,0
2009-08-14,0
2009-08-15,0
2009-08-16,0
2009-08-17,0
2009-08-18,0
2009-08-19,0
2009-08-20,0
2009-08-21,0
2009-08-22,0
2009-08-23,0
2009-08-24,0
2009-08-25,0
2009-08-26,0
2009-08-27,0
2009-08-28,0
2009-08-29,0
2009-08-30,0
2009-08-31,0
2009-09-01,0
2009-09-02,0
2009-09-03,0
2009-09-04,0
2009-09-05,0
2009-09-06,0
2009-09-07,0
2009-09-08,0
2009-09-09,0
2009-09-10,0
2009-09-11,0
2009-09-12,0
2009-09-13,0
2009-09-14,0
2009-09-15,0
2009-09-16,0
2009-09-17,0
2009-09-18,0.00237624
2009-09-19,0
2009-09-20,0
2009-09-21,0
2009-09-22,0
2009-09-23,0
2009-09-24,0
2009-09-25,0
2009-09-26,0
2009-09-27,0
2009-09-28,0
2009-09-29,0
2009-09-30,0
2009-10-01,0
2009-10-02,0
2009-10-03,0
2009-10-04,0
2009-10-05,0
2009-10-06,0
2009-10-07,0
2009-10-08,0
2009-10-09,0
2009-10-10,0
2009-10-11,0
2009-10-12,0
2009-10-13,0
2009-10-14,0
2009-10-15,0
2009-10-16,0
2009-10-17,0
2009-10-18,0
2009-10-19,0
2009-10-20,0
2009-10-21,0.00237629
2009-10-22,0
2009-10-23,0
2009-10-24,0
2009-10-25,0
2009-10-26,0
2009-10-27,0
2009-10-28,0
2009-10-29,0
2009-10-30,0
2009-10-31,0
2009-11-01,0
2009-11-02,0
2009-11-03,0
2009-11-04,0
2009-11-05,0
2009-11-06,0
2009-11-07,0
2009-11-08,0
2009-11-09,0
2009-11-10,0
2009-11-11,0
2009-11-12,0
2009-11-13,0
2009-11-14,0
2009-11-15,0
2009-11-16,0
2009-11-17,0
2009-11-18,0
2009-11-19,0
2009-11-20,0
2009-11-21,0
2009-11-22,0
2009-11-23,0
2009-11-24,0
2009-11-25,0
2009-11-26,0
2009-11-27,0
2009-11-28,0
2009-11-29,0
2009-11-30,0
2009-12-01,0
2009-12-02,0.00218905
2009-12-03,0
2009-12-04,0
2009-12-05,0
2009-12-06,0
2009-12-07,0
2009-12-08,0
2009-12-09,0
2009-12-10,0
2009-12-11,0
2009-12-12,0
2009-12-13,0
2009-12-14,0
2009-12-15,0
2009-12-16,0
2009-12-17,0
2009-12-18,0
2009-12-19,0
2009-12-20,0
2009-12-21,0
2009-12-22,0
2009-12-23,0
2009-12-24,0
2009-12-25,0
2009-12-26,0
2009-12-27,0
2009-12-28,0
2009-12-29,0
2009-12-30,0
2009-12-31,0
2010-01-01,0
2010-01-02,0
2010-01-03,0
2010-01-04,0
2010-01-05,0
2010-01-06,0
2010-01-07,0
2010-01-08,0
2010-01-09,0
2010-01-10,0
2010-01-11,0
2010-01-12,0
2010-01-13,0.00240743
2010-01-14,0
2010-01-15,0
2010-01-16,0
2010-01-17,0
2010-01-18,0
2010-01-19,0
2010-01-20,0
2010-01-21,0
2010-01-22,0
2010-01-23,0
2010-01-24,0
2010-01-25,0
2010-01-26,0
2010-01-27,0
2010-01-28,0
2010-01-29,0
2010-01-30,0
2010-01-31,0
2010-02-01,0
2010-02-02,0
2010-02-03,0
2010-02-04,0
2010-02-05,0
2010-02-06,0
2010-02-07,0
2010-02-08,0
2010-02-09,0
2010-02-10,0.00210526
2010-02-11,0
2010-02-12,0
2010-02-13,0
2010-02-14,0
2010-02-15,0
2010-02-16,0
2010-02-17,0
2010-02-18,0
2010-02-19,0
2010-02-20,0
2010-02-21,0
2010-02-22,0
2010-02-23,0
2010-02-24,0
2010-02-25,0
2010-02-26,0
2010-02-27,0
2010-02-28,0
2010-03-01,0
2010-03-02,0
2010-03-03,0
2010-03-04,0
2010-03-05,0
2010-03-06,0
2010-03-07,0
2010-03-08,0
2010-03-09,0
2010-03-10,0
2010-03-11,0
2010-03-12,0
2010-03-13,0
2010-03-14,0
2010-03-15,0
2010-03-16,0
2010-03-17,0
2010-03-18,0
2010-03-19,0
2010-03-20,0
2010-03-21,0
2010-03-22,0
2010-03-23,0
2010-03-24,0
2010-03-25,0
2010-03-26,0
2010-03-27,0
2010-03-28,0
2010-03-29,0
2010-03-30,0
2010-03-31,0
2010-04-01,0
2010-04-02,0
2010-04-03,0
2010-04-04,0
2010-04-05,0.00753623
2010-04-06,0
2010-04-07,0
2010-04-08,0
2010-04-09,0
2010-04-10,0
2010-04-11,0
2010-04-12,0
2010-04-13,0
2010-04-14,0
2010-04-15,0
2010-04-16,0
2010-04-17,0
2010-04-18,0
2010-04-19,0
2010-04-20,0
2010-04-21,0
2010-04-22,0
2010-04-23,0
2010-04-24,0
2010-04-25,0
2010-04-26,0
2010-04-27,0
2010-04-28,0
2010-04-29,0
2010-04-30,0
2010-05-01,0
2010-05-02,0
2010-05-03,0
2010-05-04,0
2010-05-05,0
2010-05-06,0
2010-05-07,0
2010-05-08,0
2010-05-09,0
2010-05-10,0
2010-05-11,0
2010-05-12,0
2010-05-13,0
2010-05-14,0
2010-05-15,0.0425736
2010-05-16,0.0831067
2010-05-17,0
2010-05-18,0
2010-05-19,0
2010-05-20,0
2010-05-21,0
2010-05-22,0
2010-05-23,0.00219622
2010-05-24,0
2010-05-25,0
2010-05-26,0
2010-05-27,0
2010-05-28,0
2010-05-29,0
2010-05-30,0
2010-05-31,0
2010-06-01,0
2010-06-02,0
2010-06-03,0
2010-06-04,0
2010-06-05,0
2010-06-06,0
2010-06-07,0
2010-06-08,0
2010-06-09,0
2010-06-10,0
2010-06-11,0
2010-06-12,0
2010-06-13,0
2010-06-14,0
2010-06-15,0
2010-06-16,0
2010-06-17,0
2010-06-18,0
2010-06-19,0
2010-06-20,0
2010-06-21,0
2010-06-22,0
2010-06-23,0
2010-06-24,0
2010-06-25,0
2010-06-26,0
2010-06-27,0
2010-06-28,0
2010-06-29,0
2010-06-30,0
2010-07-01,0.00255592
2010-07-02,0
2010-07-03,0
2010-07-04,0
2010-07-05,0
2010-07-06,0
2010-07-07,0
2010-07-08,0
2010-07-09,0
2010-07-10,0
2010-07-11,0
2010-07-12,0
2010-07-13,0
2010-07-14,0
2010-07-15,0.00000314201
2010-07-16,0.000766883
2010-07-17,0.000438313
2010-07-18,0.000306362
2010-07-19,0.0040671
2010-07-20,0.000112296
2010-07-21,0
2010-07-22,0
2010-07-23,0
2010-07-24,0.0000472635
2010-07-25,0
2010-07-26,0.00621406
2010-07-27,0.00172396
2010-07-28,0.00200131
2010-07-29,0.00159146
2010-07-30,0.00451309
2010-07-31,0.0015417
2010-08-01,0.00200753
2010-08-02,0.000107316
2010-08-03,0.000330593
2010-08-04,0
2010-08-05,0
2010-08-06,0
2010-08-07,0.0114043
2010-08-08,0
2010-08-09,0
2010-08-10,0.00558692
2010-08-11,0
2010-08-12,0
2010-08-13,0
2010-08-14,0
2010-08-15,0
2010-08-16,0
2010-08-17,0.000999957
2010-08-18,0
2010-08-19,0.00422717
2010-08-20,0
2010-08-21,0
2010-08-22,0
2010-08-23,0
2010-08-24,0
2010-08-25,0.00378001
2010-08-26,0
2010-08-27,0
2010-08-28,0
2010-08-29,6.63607e-9
2010-08-30,0.00261452
2010-08-31,0.00261762
2010-09-01,0.000543217
2010-09-02,0.00020772
2010-09-03,0
2010-09-04,0
2010-09-05,0
2010-09-06,0.00000749822
2010-09-07,1.32146e-10
2010-09-08,0
2010-09-09,1.14394e-9
2010-09-10,0.000320931
2010-09-11,7.07779e-10
2010-09-12,0
2010-09-13,0.000812478
2010-09-14,8.52428e-11
2010-09-15,0.0000315255
2010-09-16,0
2010-09-17,0
2010-09-18,0
2010-09-19,0.000412259
2010-09-20,0
2010-09-21,0
2010-09-22,3.58201e-10
2010-09-23,0
2010-09-24,0
2010-09-25,0
2010-09-26,0
2010-09-27,0
2010-09-28,0.0000576941
2010-09-29,0.00179103
2010-09-30,0
2010-10-01,0
2010-10-02,0.00187849
2010-10-03,0.0000019957
2010-10-04,0.0000154043
2010-10-05,1.76989e-10
2010-10-06,0
2010-10-07,9.01372e-10
2010-10-08,0
2010-10-09,0
2010-10-10,0
2010-10-11,0
2010-10-12,1.50248e-9
2010-10-13,0
2010-10-14,0.000299263
2010-10-15,0
2010-10-16,0
2010-10-17,0
2010-10-18,0
2010-10-19,0.00000919569
2010-10-20,0
2010-10-21,0
2010-10-22,0.00000414678
2010-10-23,0
2010-10-24,0.0001192
2010-10-25,0
2010-10-26,0
2010-10-27,0
2010-10-28,0
2010-10-29,0
2010-10-30,0
2010-10-31,0
2010-11-01,0
2010-11-02,0
2010-11-03,0
2010-11-04,0
2010-11-05,0
2010-11-06,0
2010-11-07,0
2010-11-08,0
2010-11-09,0.000166008
2010-11-10,0
2010-11-11,0
2010-11-12,0
2010-11-13,0
2010-11-14,0
2010-11-15,0
2010-11-16,0.000181912
2010-11-17,0
2010-11-18,0
2010-11-19,0
2010-11-20,0.000187404
2010-11-21,0.000662973
2010-11-22,0.000776373
2010-11-23,0.00159347
2010-11-24,0.00140939
2010-11-25,0.000317757
2010-11-26,0
2010-11-27,0.000418809
2010-11-28,0.0000850969
2010-11-29,0
2010-11-30,0.0000853821
2010-12-01,0.0000153445
2010-12-02,0.0000717792
2010-12-03,0.00010241
2010-12-04,0.0000353995
2010-12-05,0.0000166399
2010-12-06,0.000207011
2010-12-07,0.0000482877
2010-12-08,0.0000833823
2010-12-09,0.000134591
2010-12-10,0.0000743482
2010-12-11,0.000181599
2010-12-12,0.00019457
2010-12-13,0.000302971
2010-12-14,0.000162967
2010-12-15,0.0000466459
2010-12-16,0.0000602899
2010-12-17,0.00012266
2010-12-18,0.000376988
2010-12-19,0.0000771967
2010-12-20,0.000119089
2010-12-21,0.0000783915
2010-12-22,0.000149134
2010-12-23,0.000160803
2010-12-24,0.000100887
2010-12-25,0.000121427
2010-12-26,0.000062318
2010-12-27,0.000138498
2010-12-28,0.0000946589
2010-12-29,0.000157303
2010-12-30,0.000135274
2010-12-31,0.000125449
2011-01-01,0.0000406613
2011-01-02,0.000161694
2011-01-03,0.000179075
2011-01-04,0.00108494
2011-01-05,0.0000949661
2011-01-06,0.000170433
2011-01-07,0.000290759
2011-01-08,0.0000783719
2011-01-09,0.000030636
2011-01-10,0.000366976
2011-01-11,0.0000735539
2011-01-12,0.0000492562
2011-01-13,0.000472972
2011-01-14,0.0000201467
2011-01-15,0.0000805003
2011-01-16,0.000183016
2011-01-17,0.000133288
2011-01-18,0.000261945
2011-01-19,0.000055481
2011-01-20,0.0000842417
2011-01-21,0.000184712
2011-01-22,0.0000809029
2011-01-23,0.000706272
2011-01-24,0.000447331
2011-01-25,0.000320751
2011-01-26,0.000244876
2011-01-27,0.000104456
2011-01-28,0.0000310089
2011-01-29,0.000226845
2011-01-30,0.000602406
2011-01-31,0.000652534
2011-02-01,0.000510937
2011-02-02,0.0006019
2011-02-03,0.0000542307
2011-02-04,0.000265221
2011-02-05,0.000224794
2011-02-06,0.000217157
2011-02-07,0.000162951
2011-02-08,0.000203595
2011-02-09,0.000261757
2011-02-10,0.000049856
2011-02-11,0.000404044
2011-02-12,0.000194045
2011-02-13,0.000571079
2011-02-14,0.000242045
2011-02-15,0.00208629
2011-02-16,0.000274594
2011-02-17,0.00094486
2011-02-18,0.000140183
2011-02-19,0.000433392
2011-02-20,0.000277769
2011-02-21,0.000254037
2011-02-22,0.0000475973
2011-02-23,0.0000696058
2011-02-24,0.00011936
2011-02-25,0.0000626045
2011-02-26,0.000264025
2011-02-27,0.00031008
2011-02-28,0.00056886
2011-03-01,0.000493152
2011-03-02,0.0000319551
2011-03-03,0.000018803
2011-03-04,0.00233327
2011-03-05,0.0003102
2011-03-06,0.00192639
2011-03-07,0.00280807
2011-03-08,0.00291193
2011-03-09,0.00212318
2011-03-10,0.00130381
2011-03-11,0.000759779
2011-03-12,0.00334418
2011-03-13,0.000985554
2011-03-14,0.000783635
2011-03-15,0.00104433
2011-03-16,0.00138586
2011-03-17,0.00118617
2011-03-18,0.000851425
2011-03-19,0.000775387
2011-03-20,0.0010971
2011-03-21,0.00181075
2011-03-22,0.00530096
2011-03-23,0.00556756
2011-03-24,0.00717292
2011-03-25,0.0032455
2011-03-26,0.00177458
2011-03-27,0.00144159
2011-03-28,0.00431452
2011-03-29,0.00319478
2011-03-30,0.00316985
2011-03-31,0.00336078
2011-04-01,0.0028845
2011-04-02,0.00444725
2011-04-03,0.00293299
2011-04-04,0.00524821
2011-04-05,0.00381422
2011-04-06,0.00463038
2011-04-07,0.00569529
2011-04-08,0.00273842
2011-04-09,0.00318764
2011-04-10,0.00307639
2011-04-11,0.00625909
2011-04-12,0.00459022
2011-04-13,0.00340572
2011-04-14,0.00250369
2011-04-15,0.00930205
2011-04-16,0.00200088
2011-04-17,0.00116617
2011-04-18,0.000165544
2011-04-19,0.00275507
2011-04-20,0.000208347
2011-04-21,0.000148497
2011-04-22,0.000778804
2011-04-23,0.00336621
2011-04-24,0.0041419
2011-04-25,0.00481332
2011-04-26,0.00946408
2011-04-27,0.00268675
2011-04-28,0.00381967
2011-04-29,0.00447316
2011-04-30,0.000997759
2011-05-01,0.00251457
2011-05-02,0.00689026
2011-05-03,0.00415504
2011-05-04,0.00249067
2011-05-05,0.00229838
2011-05-06,0.00605331
2011-05-07,0.00267898
2011-05-08,0.00298427
2011-05-09,0.00147462
2011-05-10,0.00685619
2011-05-11,0.00143178
2011-05-12,0.00460819
2011-05-13,0.00351205
2011-05-14,0.00256601
2011-05-15,0.000801819
2011-05-16,0.00449534
2011-05-17,0.00614075
2011-05-18,0.0064121
2011-05-19,0.0108166
2011-05-20,0.00874319
2011-05-21,0.00496154
2011-05-22,0.00326287
2011-05-23,0.00213492
2011-05-24,0.00390883
2011-05-25,0.00590804
2011-05-26,0.00562255
2011-05-27,0.00499799
2011-05-28,0.00258473
2011-05-29,0.00619336
2011-05-30,0.0054761
2011-05-31,0.00675583
2011-06-01,0.00724903
2011-06-02,0.00874138
2011-06-03,0.00660203
2011-06-04,0.00430109
2011-06-05,0.0067646
2011-06-06,0.00425618
2011-06-07,0.00354165
2011-06-08,0.00567063
2011-06-09,0.00574411
2011-06-10,0.00539084
2011-06-11,0.00415284
2011-06-12,0.00238323
2011-06-13,0.00248709
2011-06-14,0.0028101
2011-06-15,0.00234558
2011-06-16,0.000890217
2011-06-17,0.000378675
2011-06-18,0.00199238
2011-06-19,0.00220273
2011-06-20,0.000555577
2011-06-21,0.00152987
2011-06-22,0.000540774
2011-06-23,0.00135051
2011-06-24,0.000898997
2011-06-25,0.000347579
2011-06-26,0.000217859
2011-06-27,0.000650917
2011-06-28,0.00129839
2011-06-29,0.000272607
2011-06-30,0.000881026
2011-07-01,0.00116084
2011-07-02,0.00169924
2011-07-03,0.00166025
2011-07-04,0.00254921
2011-07-05,0.00120525
2011-07-06,0.00461947
2011-07-07,0.00301141
2011-07-08,0.00296258
2011-07-09,0.00437287
2011-07-10,0.000616521
2011-07-11,0.00054158
2011-07-12,0.00141541
2011-07-13,0.00117956
2011-07-14,0.00106755
2011-07-15,0.000695071
2011-07-16,0.00276722
2011-07-17,0.000868552
2011-07-18,0.00212942
2011-07-19,0.000392545
2011-07-20,0.000542124
2011-07-21,0.00192792
2011-07-22,0.000666412
2011-07-23,0.000890975
2011-07-24,0.00115159
2011-07-25,0.00233643
2011-07-26,0.000745612
2011-07-27,0.000650095
2011-07-28,0.0007125
2011-07-29,0.000218563
2011-07-30,0.00111856
2011-07-31,0.00183286
2011-08-01,0.00114947
2011-08-02,0.00144645
2011-08-03,0.00186998
2011-08-04,0.00187777
2011-08-05,0.00267302
2011-08-06,0.00128334
2011-08-07,0.00626978
2011-08-08,0.00194575
2011-08-09,0.000642053
2011-08-10,0.000508071
2011-08-11,0.000952973
2011-08-12,0.00145455
2011-08-13,0.00183081
2011-08-14,0.00180994
2011-08-15,0.00272604
2011-08-16,0.00277054
2011-08-17,0.00300065
2011-08-18,0.0021029
2011-08-19,0.00149893
2011-08-20,0.00140098
2011-08-21,0.00244728
2011-08-22,0.00226248
2011-08-23,0.00274843
2011-08-24,0.00158958
2011-08-25,0.00156656
2011-08-26,0.00160175
2011-08-27,0.00168046
2011-08-28,0.000189853
2011-08-29,0.0024346
2011-08-30,0.00220279
2011-08-31,0.00429786
2011-09-01,0.00220586
2011-09-02,0.00170918
2011-09-03,0.00267551
2011-09-04,0.00169725
2011-09-05,0.000573274
2011-09-06,0.000303307
2011-09-07,0.000207499
2011-09-08,0.00150637
2011-09-09,0.00119107
2011-09-10,0.00194926
2011-09-11,0.00198566
2011-09-12,0.000510633
2011-09-13,0.000845481
2011-09-14,0.00117281
2011-09-15,0.00130847
2011-09-16,0.0024741
2011-09-17,0.00072596
2011-09-18,0.00157796
2011-09-19,0.00184214
2011-09-20,0.0018066
2011-09-21,0.00190151
2011-09-22,0.00131964
2011-09-23,0.00128596
2011-09-24,0.00120504
2011-09-25,0.00305251
2011-09-26,0.00112959
2011-09-27,0.00105311
2011-09-28,0.00109571
2011-09-29,0.00124114
2011-09-30,0.00105266
2011-10-01,0.00132501
2011-10-02,0.000857838
2011-10-03,0.00098587
2011-10-04,0.00223874
2011-10-05,0.000900379
2011-10-06,0.000980783
2011-10-07,0.00157201
2011-10-08,0.00107274
2011-10-09,0.00117313
2011-10-10,0.000942664
2011-10-11,0.00113561
2011-10-12,0.0016727
2011-10-13,0.00150793
2011-10-14,0.00130534
2011-10-15,0.000937818
2011-10-16,0.00115813
2011-10-17,0.00126449
2011-10-18,0.000906942
2011-10-19,0.000874381
2011-10-20,0.00102683
2011-10-21,0.00193014
2011-10-22,0.000496346
2011-10-23,0.000482327
2011-10-24,0.000576053
2011-10-25,0.00099073
2011-10-26,0.000741129
2011-10-27,0.000620724
2011-10-28,0.000528433
2011-10-29,0.000826634
2011-10-30,0.000824488
2011-10-31,0.00162188
2011-11-01,0.00073035
2011-11-02,0.00103741
2011-11-03,0.000746106
2011-11-04,0.000896487
2011-11-05,0.000793658
2011-11-06,0.00135647
2011-11-07,0.000999428
2011-11-08,0.0013159
2011-11-09,0.000353563
2011-11-10,0.000354327
2011-11-11,0.000941795
2011-11-12,0.000716576
2011-11-13,0.000998992
2011-11-14,0.00113785
2011-11-15,0.000801996
2011-11-16,0.000827279
2011-11-17,0.000175993
2011-11-18,0.000080342
2011-11-19,0.0000706132
2011-11-20,0.0000766806
2011-11-21,0.00026616
2011-11-22,0.00011822
2011-11-23,0.0000955245
2011-11-24,0.00022767
2011-11-25,0.000251862
2011-11-26,0.000425385
2011-11-27,0.000170956
2011-11-28,0.000141743
2011-11-29,0.0000767698
2011-11-30,0.000127369
2011-12-01,0.0000423684
2011-12-02,0.00026672
2011-12-03,0.0000771815
2011-12-04,0.000132892
2011-12-05,0.000114865
2011-12-06,0.00010636
2011-12-07,0.0000560957
2011-12-08,0.0000692917
2011-12-09,0.0000607392
2011-12-10,0.000188353
2011-12-11,0.000252616
2011-12-12,0.0268495
2011-12-13,0.0241706
2011-12-14,0.00125443
2011-12-15,0.000827478
2011-12-16,0.00173935
2011-12-17,0.000557711
2011-12-18,0.0010486
2011-12-19,0.00095369
2011-12-20,0.000880676
2011-12-21,0.00108762
2011-12-22,0.000765742
2011-12-23,0.000787254
2011-12-24,0.0010322
2011-12-25,0.000728078
2011-12-26,0.00100205
2011-12-27,0.00045482
2011-12-28,0.000470904
2011-12-29,0.0012794
2011-12-30,0.00073462
2011-12-31,0.00119292
2012-01-01,0.00154622
2012-01-02,0.00101374
2012-01-03,0.00214138
2012-01-04,0.00208331
2012-01-05,0.00336278
2012-01-06,0.000900158
2012-01-07,0.00103526
2012-01-08,0.00146266
2012-01-09,0.00102541
2012-01-10,0.00147846
2012-01-11,0.00124982
2012-01-12,0.00148756
2012-01-13,0.0105095
2012-01-14,0.00347401
2012-01-15,0.00299421
2012-01-16,0.0085676
2012-01-17,0.00679367
2012-01-18,0.00170637
2012-01-19,0.00305025
2012-01-20,0.00695056
2012-01-21,0.00675975
2012-01-22,0.00150549
2012-01-23,0.00102087
2012-01-24,0.00174573
2012-01-25,0.00254165
2012-01-26,0.00229311
2012-01-27,0.00116391
2012-01-28,0.00615001
2012-01-29,0.00259852
2012-01-30,0.0666618
2012-01-31,0.0088967
2012-02-01,0.00237569
2012-02-02,0.000830965
2012-02-03,0.00314932
2012-02-04,0.00186302
2012-02-05,0.00237727
2012-02-06,0.00125432
2012-02-07,0.00136907
2012-02-08,0.00207644
2012-02-09,0.00166711
2012-02-10,0.0027862
2012-02-11,0.00130641
2012-02-12,0.000849089
2012-02-13,0.00121953
2012-02-14,0.00106665
2012-02-15,0.00121331
2012-02-16,0.000470176
2012-02-17,0.000590862
2012-02-18,0.000381174
2012-02-19,0.000467026
2012-02-20,0.000686118
2012-02-21,0.000978992
2012-02-22,0.000832414
2012-02-23,0.000430922
2012-02-24,0.000751548
2012-02-25,0.000780936
2012-02-26,0.000759142
2012-02-27,0.00100654
2012-02-28,0.00158688
2012-02-29,0.000963008
2012-03-01,0.00109522
2012-03-02,0.00098783
2012-03-03,0.000783772
2012-03-04,0.000728737
2012-03-05,0.000651813
2012-03-06,0.00145603
2012-03-07,0.00127207
2012-03-08,0.0010961
2012-03-09,0.000774986
2012-03-10,0.000699014
2012-03-11,0.00113682
2012-03-12,0.000685076
2012-03-13,0.000615488
2012-03-14,0.00233159
2012-03-15,0.000808577
2012-03-16,0.000768708
2012-03-17,0.00176308
2012-03-18,0.000757286
2012-03-19,0.000927701
2012-03-20,0.000912138
2012-03-21,0.000968521
2012-03-22,0.000665426
2012-03-23,0.000389204
2012-03-24,0.000545958
2012-03-25,0.00184724
2012-03-26,0.0016918
2012-03-27,0.000659933
2012-03-28,0.000746527
2012-03-29,0.000710097
2012-03-30,0.000373141
2012-03-31,0.000447524
2012-04-01,0.000532545
2012-04-02,0.000619882
2012-04-03,0.000602031
2012-04-04,0.000607667
2012-04-05,0.000649875
2012-04-06,0.000519669
2012-04-07,0.000850633
2012-04-08,0.000939424
2012-04-09,0.000305872
2012-04-10,0.00024388
2012-04-11,0.000877925
2012-04-12,0.000360047
2012-04-13,0.000509908
2012-04-14,0.000535387
2012-04-15,0.000596474
2012-04-16,0.000260926
2012-04-17,0.000375884
2012-04-18,0.000599858
2012-04-19,0.000606209
2012-04-20,0.000875837
2012-04-21,0.000248488
2012-04-22,0.000378934
2012-04-23,0.000571592
2012-04-24,0.000536778
2012-04-25,0.000910108
2012-04-26,0.00054878
2012-04-27,0.000720785
2012-04-28,0.000396847
2012-04-29,0.000800762
2012-04-30,0.000397614
2012-05-01,0.000475829
2012-05-02,0.00065125
2012-05-03,0.000657134
2012-05-04,0.000880547
2012-05-05,0.000939894
2012-05-06,0.000651466
2012-05-07,0.0012012
2012-05-08,0.000611813
2012-05-09,0.000324069
2012-05-10,0.000580617
2012-05-11,0.000770416
2012-05-12,0.000673578
2012-05-13,0.000345279
2012-05-14,0.00100933
2012-05-15,0.00117415
2012-05-16,0.000518507
2012-05-17,0.000380457
2012-05-18,0.000347868
2012-05-19,0.000980739
2012-05-20,0.0024997
2012-05-21,0.000911483
2012-05-22,0.000489464
2012-05-23,0.000340867
2012-05-24,0.00109303
2012-05-25,0.00172449
2012-05-26,0.00072564
2012-05-27,0.000328113
2012-05-28,0.000835844
2012-05-29,0.000919179
2012-05-30,0.000531628
2012-05-31,0.000726305
2012-06-01,0.000258017
2012-06-02,0.000586821
2012-06-03,0.000358839
2012-06-04,0.00107504
2012-06-05,0.000597902
2012-06-06,0.000694467
2012-06-07,0.000495689
2012-06-08,0.000432732
2012-06-09,0.000310056
2012-06-10,0.0016684
2012-06-11,0.00069135
2012-06-12,0.000645683
2012-06-13,0.000462598
2012-06-14,0.00159351
2012-06-15,0.000802487
2012-06-16,0.000979898
2012-06-17,0.000715004
2012-06-18,0.00176906
2012-06-19,0.001123
2012-06-20,0.00116401
2012-06-21,0.00133306
2012-06-22,0.00322101
2012-06-23,0.000846551
2012-06-24,0.00058129
2012-06-25,0.000791729
2012-06-26,0.000867101
2012-06-27,0.00111199
2012-06-28,0.00084573
2012-06-29,0.000467451
2012-06-30,0.000477991
2012-07-01,0.00108851
2012-07-02,0.000731669
2012-07-03,0.00161627
2012-07-04,0.000744304
2012-07-05,0.000605141
2012-07-06,0.000664932
2012-07-07,0.0011882
2012-07-08,0.00103722
2012-07-09,0.00142038
2012-07-10,0.00073071
2012-07-11,0.00112118
2012-07-12,0.00171413
2012-07-13,0.000944415
2012-07-14,0.000573539
2012-07-15,0.000670698
2012-07-16,0.00124424
2012-07-17,0.000975412
2012-07-18,0.000818003
2012-07-19,0.00170301
2012-07-20,0.00221832
2012-07-21,0.00177187
2012-07-22,0.000854328
2012-07-23,0.00124429
2012-07-24,0.000844033
2012-07-25,0.000951099
2012-07-26,0.00150532
2012-07-27,0.000744753
2012-07-28,0.000848954
2012-07-29,0.00118954
2012-07-30,0.00164314
2012-07-31,0.00206136
2012-08-01,0.000720454
2012-08-02,0.000889117
2012-08-03,0.00108859
2012-08-04,0.0017753
2012-08-05,0.00116111
2012-08-06,0.00131148
2012-08-07,0.00125771
2012-08-08,0.000953295
2012-08-09,0.0029564
2012-08-10,0.00362952
2012-08-11,0.000877528
2012-08-12,0.00116587
2012-08-13,0.00113386
2012-08-14,0.00136266
2012-08-15,0.00135099
2012-08-16,0.00197618
2012-08-17,0.00137447
2012-08-18,0.00107318
2012-08-19,0.00080704
2012-08-20,0.000362397
2012-08-21,0.000285968
2012-08-22,0.000447715
2012-08-23,0.000289156
2012-08-24,0.000257744
2012-08-25,0.000188562
2012-08-26,0.000540664
2012-08-27,0.000613165
2012-08-28,0.000431516
2012-08-29,0.000320503
2012-08-30,0.000178638
2012-08-31,0.000257049
2012-09-01,0.000313457
2012-09-02,0.000425727
2012-09-03,0.000547508
2012-09-04,0.0008894
2012-09-05,0.000455591
2012-09-06,0.000282667
2012-09-07,0.000112774
2012-09-08,0.000113208
2012-09-09,0.000301515
2012-09-10,0.00059623
2012-09-11,0.00011171
2012-09-12,0.000170372
2012-09-13,0.000176493
2012-09-14,0.0000873466
2012-09-15,0.000114384
2012-09-16,0.000203752
2012-09-17,0.000105954
2012-09-18,0.000111027
2012-09-19,0.000169026
2012-09-20,0.0000683057
2012-09-21,0.000119906
2012-09-22,0.00010942
2012-09-23,0.000104199
2012-09-24,0.000241853
2012-09-25,0.000353788
2012-09-26,0.000821702
2012-09-27,0.00114022
2012-09-28,0.00119325
2012-09-29,0.00231027
2012-09-30,0.00101778
2012-10-01,0.000819632
2012-10-02,0.00101804
2012-10-03,0.00154697
2012-10-04,0.00147026
2012-10-05,0.0105087
2012-10-06,0.00102428
2012-10-07,0.00119947
2012-10-08,0.00144535
2012-10-09,0.00158022
2012-10-10,0.00195615
2012-10-11,0.00273781
2012-10-12,0.00175433
2012-10-13,0.000750401
2012-10-14,0.000808271
2012-10-15,0.00128182
2012-10-16,0.00171945
2012-10-17,0.00104022
2012-10-18,0.00186813
2012-10-19,0.000518796
2012-10-20,0.000609578
2012-10-21,0.000680949
2012-10-22,0.00104926
2012-10-23,0.0011237
2012-10-24,0.000790645
2012-10-25,0.00113694
2012-10-26,0.00115038
2012-10-27,0.00171507
2012-10-28,0.000742862
2012-10-29,0.00142863
2012-10-30,0.00169466
2012-10-31,0.00056285
2012-11-01,0.000589411
2012-11-02,0.000818664
2012-11-03,0.00322163
2012-11-04,0.000991388
2012-11-05,0.000810676
2012-11-06,0.00120192
2012-11-07,0.00131067
2012-11-08,0.00165489
2012-11-09,0.00191136
2012-11-10,0.00231164
2012-11-11,0.00512163
2012-11-12,0.00414454
2012-11-13,0.00371535
2012-11-14,0.00235167
2012-11-15,0.00156986
2012-11-16,0.00124195
2012-11-17,0.000846519
2012-11-18,0.00102564
2012-11-19,0.00131835
2012-11-20,0.00208408
2012-11-21,0.00181129
2012-11-22,0.00343327
2012-11-23,0.00148144
2012-11-24,0.00230228
2012-11-25,0.00196684
2012-11-26,0.00353096
2012-11-27,0.0023994
2012-11-28,0.00579017
2012-11-29,0.0023314
2012-11-30,0.00243514
2012-12-01,0.00309414
2012-12-02,0.00410324
2012-12-03,0.00142951
2012-12-04,0.00107482
2012-12-05,0.00114648
2012-12-06,0.000936042
2012-12-07,0.000949297
2012-12-08,0.00124587
2012-12-09,0.00253828
2012-12-10,0.00176983
2012-12-11,0.00269626
2012-12-12,0.00198131
2012-12-13,0.000817948
2012-12-14,0.00112907
2012-12-15,0.00112093
2012-12-16,0.00154396
2012-12-17,0.00151436
2012-12-18,0.00187026
2012-12-19,0.00171305
2012-12-20,0.00304031
2012-12-21,0.00322285
2012-12-22,0.00228345
2012-12-23,0.00300109
2012-12-24,0.00357379
2012-12-25,0.00267233
2012-12-26,0.00402568
2012-12-27,0.00443753
2012-12-28,0.00440219
2012-12-29,0.0036098
2012-12-30,0.00303598
2012-12-31,0.00456249
2013-01-01,0.00172216
2013-01-02,0.00167378
2013-01-03,0.00174264
2013-01-04,0.00213644
2013-01-05,0.00164304
2013-01-06,0.00152996
2013-01-07,0.00312535
2013-01-08,0.0021642
2013-01-09,0.0015413
2013-01-10,0.00207444
2013-01-11,0.0106462
2013-01-12,0.0034231
2013-01-13,0.00392893
2013-01-14,0.00430706
2013-01-15,0.00300054
2013-01-16,0.00150028
2013-01-17,0.00199846
2013-01-18,0.00209293
2013-01-19,0.00229243
2013-01-20,0.00403733
2013-01-21,0.00280697
2013-01-22,0.00248848
2013-01-23,0.00239273
2013-01-24,0.00179975
2013-01-25,0.00266438
2013-01-26,0.00276677
2013-01-27,0.00358702
2013-01-28,0.00315751
2013-01-29,0.00254058
2013-01-30,0.00200533
2013-01-31,0.00131481
2013-02-01,0.00299058
2013-02-02,0.00295747
2013-02-03,0.00531857
2013-02-04,0.00386983
2013-02-05,0.00217404
2013-02-06,0.00218016
2013-02-07,0.00173671
2013-02-08,0.00279463
2013-02-09,0.00217347
2013-02-10,0.00257147
2013-02-11,0.00335701
2013-02-12,0.00378529
2013-02-13,0.00368051
2013-02-14,0.00475024
2013-02-15,0.00282986
2013-02-16,0.0046594
2013-02-17,0.00407426
2013-02-18,0.00392816
2013-02-19,0.00380254
2013-02-20,0.00310716
2013-02-21,0.00411856
2013-02-22,0.00459285
2013-02-23,0.0035377
2013-02-24,0.00389075
2013-02-25,0.00253006
2013-02-26,0.00362773
2013-02-27,0.00356655
2013-02-28,0.00374322
2013-03-01,0.00380653
2013-03-02,0.00411052
2013-03-03,0.00352844
2013-03-04,0.00492562
2013-03-05,0.00536222
2013-03-06,0.00272132
2013-03-07,0.00657713
2013-03-08,0.0039045
2013-03-09,0.00389715
2013-03-10,0.005151
2013-03-11,0.00493874
2013-03-12,0.0062371
2013-03-13,0.00364897
2013-03-14,0.00348284
2013-03-15,0.0044349
2013-03-16,0.00120902
2013-03-17,0.00138918
2013-03-18,0.00336794
2013-03-19,0.00100593
2013-03-20,0.00261166
2013-03-21,0.00203955
2013-03-22,0.0024056
2013-03-23,0.00474329
2013-03-24,0.00360731
2013-03-25,0.00419489
2013-03-26,0.00279838
2013-03-27,0.00200447
2013-03-28,0.00256184
2013-03-29,0.00343239
2013-03-30,0.0041539
2013-03-31,0.0036037
2013-04-01,0.00290289
2013-04-02,0.0029177
2013-04-03,0.0023951
2013-04-04,0.00320047
2013-04-05,0.00305685
2013-04-06,0.00288239
2013-04-07,0.0029229
2013-04-08,0.00497921
2013-04-09,0.00301993
2013-04-10,0.0022354
2013-04-11,0.00232286
2013-04-12,0.00266428
2013-04-13,0.00322003
2013-04-14,0.00312545
2013-04-15,0.00631965
2013-04-16,0.0070636
2013-04-17,0.00306669
2013-04-18,0.00447621
2013-04-19,0.00074988
2013-04-20,0.00305392
2013-04-21,0.00418366
2013-04-22,0.00331117
2013-04-23,0.00282645
2013-04-24,0.0038787
2013-04-25,0.00287364
2013-04-26,0.00376927
2013-04-27,0.00337636
2013-04-28,0.00511203
2013-04-29,0.00546783
2013-04-30,0.00240391
2013-05-01,0.00457653
2013-05-02,0.00368793
2013-05-03,0.00502314
2013-05-04,0.00563598
2013-05-05,0.00939754
2013-05-06,0.00702523
2013-05-07,0.00513882
2013-05-08,0.00481181
2013-05-09,0.00634702
2013-05-10,0.00932099
2013-05-11,0.00768249
2013-05-12,0.0084291
2013-05-13,0.0102923
2013-05-14,0.00514429
2013-05-15,0.00746234
2013-05-16,0.00811863
2013-05-17,0.0106496
2013-05-18,0.00643915
2013-05-19,0.00547786
2013-05-20,0.0113765
2013-05-21,0.00801457
2013-05-22,0.00687826
2013-05-23,0.00678347
2013-05-24,0.0079961
2013-05-25,0.00649293
2013-05-26,0.00644257
2013-05-27,0.00815392
2013-05-28,0.00730031
2013-05-29,0.00772572
2013-05-30,0.00665446
2013-05-31,0.00770302
2013-06-01,0.00666821
2013-06-02,0.0086775
2013-06-03,0.0113245
2013-06-04,0.00747244
2013-06-05,0.00833692
2013-06-06,0.00899888
2013-06-07,0.00541556
2013-06-08,0.00654195
2013-06-09,0.0105318
2013-06-10,0.00527576
2013-06-11,0.00746424
2013-06-12,0.00783749
2013-06-13,0.00758237
2013-06-14,0.00665159
2013-06-15,0.00513271
2013-06-16,0.00792051
2013-06-17,0.0060193
2013-06-18,0.00658891
2013-06-19,0.00595475
2013-06-20,0.00630122
2013-06-21,0.00950971
2013-06-22,0.00601584
2013-06-23,0.0130726
2013-06-24,0.0099054
2013-06-25,0.0063375
2013-06-26,0.00480812
2013-06-27,0.00642538
2013-06-28,0.00547241
2013-06-29,0.00706067
2013-06-30,0.00473452
2013-07-01,0.00731539
2013-07-02,0.00270222
2013-07-03,0.00483932
2013-07-04,0.00343505
2013-07-05,0.00277505
2013-07-06,0.00302703
2013-07-07,0.00425612
2013-07-08,0.00287892
2013-07-09,0.00395239
2013-07-10,0.00300748
2013-07-11,0.00240135
2013-07-12,0.00341207
2013-07-13,0.00302291
2013-07-14,0.00383167
2013-07-15,0.00410702
2013-07-16,0.00323332
2013-07-17,0.00368501
2013-07-18,0.00311165
2013-07-19,0.0037544
2013-07-20,0.00261538
2013-07-21,0.00479867
2013-07-22,0.00491363
2013-07-23,0.00365942
2013-07-24,0.00294891
2013-07-25,0.00310045
2013-07-26,0.00402423
2013-07-27,0.00261958
2013-07-28,0.00717298
2013-07-29,0.004027
2013-07-30,0.00394786
2013-07-31,0.00376936
2013-08-01,0.00559359
2013-08-02,0.00342587
2013-08-03,0.00316918
2013-08-04,0.00405923
2013-08-05,0.00587166
2013-08-06,0.00337153
2013-08-07,0.00551856
2013-08-08,0.00388169
2013-08-09,0.00688632
2013-08-10,0.00706239
2013-08-11,0.0058025
2013-08-12,0.00766393
2013-08-13,0.00298946
2013-08-14,0.00228929
2013-08-15,0.00333631
2013-08-16,0.00781479
2013-08-17,0.0043221
2013-08-18,0.00303994
2013-08-19,0.00575694
2013-08-20,0.00439666
2013-08-21,0.00353061
2013-08-22,0.00251471
2013-08-23,0.00486554
2013-08-24,0.00405153
2013-08-25,0.00499368
2013-08-26,0.00558521
2013-08-27,0.0056974
2013-08-28,0.00443174
2013-08-29,0.0321179
2013-08-30,0.00105406
2013-08-31,0.00526503
2013-09-01,0.00357416
2013-09-02,0.0030645
2013-09-03,0.00564828
2013-09-04,0.00338202
2013-09-05,0.00297779
2013-09-06,0.00374891
2013-09-07,0.00457782
2013-09-08,0.00408692
2013-09-09,0.00668377
2013-09-10,0.00295538
2013-09-11,0.00400145
2013-09-12,0.00271803
2013-09-13,0.00425497
2013-09-14,0.00331302
2013-09-15,0.00349254
2013-09-16,0.00709084
2013-09-17,0.00615765
2013-09-18,0.0477373
2013-09-19,0.0137244
2013-09-20,0.0106292
2013-09-21,0.00370895
2013-09-22,0.00599517
2013-09-23,0.00541028
2013-09-24,0.00393832
2013-09-25,0.00323948
2013-09-26,0.0037687
2013-09-27,0.00370978
2013-09-28,0.0119696
2013-09-29,0.00500292
2013-09-30,0.00464942
2013-10-01,0.00310635
2013-10-02,0.00365354
2013-10-03,0.00334499
2013-10-04,0.00393077
2013-10-05,0.00314766
2013-10-06,0.00592129
2013-10-07,0.00510147
2013-10-08,0.00460831
2013-10-09,0.00238693
2013-10-10,0.00342749
2013-10-11,0.00408478
2013-10-12,0.00282066
2013-10-13,0.00463465
2013-10-14,0.00434074
2013-10-15,0.00361403
2013-10-16,0.00411483
2013-10-17,0.00470642
2013-10-18,0.00422891
2013-10-19,0.00417486
2013-10-20,0.00363063
2013-10-21,0.00405773
2013-10-22,0.00354904
2013-10-23,0.00346587
2013-10-24,0.00421752
2013-10-25,0.00495533
2013-10-26,0.00181462
2013-10-27,0.0052732
2013-10-28,0.0112261
2013-10-29,0.00492298
2013-10-30,0.00202995
2013-10-31,0.00415245
2013-11-01,0.00451047
2013-11-02,0.00555148
2013-11-03,0.00367198
2013-11-04,0.00697778
2013-11-05,0.00527929
2013-11-06,0.0042568
2013-11-07,0.015818
2013-11-08,0.010387
2013-11-09,0.0101085
2013-11-10,0.00639731
2013-11-11,0.00583545
2013-11-12,0.00823529
2013-11-13,0.00204927
2013-11-14,0.00183215
2013-11-15,0.00201226
2013-11-16,0.000656124
2013-11-17,0.000972289
2013-11-18,0.00154102
2013-11-19,0.00126547
2013-11-20,0.00138666
2013-11-21,0.00149995
2013-11-22,0.00120421
2013-11-23,0.000987151
2013-11-24,0.00137059
2013-11-25,0.00116074
2013-11-26,0.0013447
2013-11-27,0.000626437
2013-11-28,0.00093945
2013-11-29,0.000899641
2013-11-30,0.00100651
2013-12-01,0.0010982
2013-12-02,0.00125786
2013-12-03,0.00146458
2013-12-04,0.00176166
2013-12-05,0.00146821
2013-12-06,0.00153142
2013-12-07,0.00163888
2013-12-08,0.00159655
2013-12-09,0.000943038
2013-12-10,0.00141577
2013-12-11,0.00210091
2013-12-12,0.00157268
2013-12-13,0.00155209
2013-12-14,0.00168178
2013-12-15,0.00199502
2013-12-16,0.00256937
2013-12-17,0.000745556
2013-12-18,0.000968298
2013-12-19,0.000936518
2013-12-20,0.00121048
2013-12-21,0.0017328
2013-12-22,0.00128306
2013-12-23,0.00123624
2013-12-24,0.00168875
2013-12-25,0.00122446
2013-12-26,0.00161229
2013-12-27,0.00216585
2013-12-28,0.00195763
2013-12-29,0.00202161
2013-12-30,0.00170713
2013-12-31,0.00145774
2014-01-01,0.00219067
2014-01-02,0.00176259
2014-01-03,0.00188582
2014-01-04,0.00160366
2014-01-05,0.00189095
2014-01-06,0.0014984
2014-01-07,0.00298418
2014-01-08,0.0016627
2014-01-09,0.00181352
2014-01-10,0.00213594
2014-01-11,0.00225583
2014-01-12,0.00288537
2014-01-13,0.00286592
2014-01-14,0.00226731
2014-01-15,0.00216891
2014-01-16,0.00280262
2014-01-17,0.00220635
2014-01-18,0.00347537
2014-01-19,0.00376439
2014-01-20,0.00186497
2014-01-21,0.00200917
2014-01-22,0.0025178
2014-01-23,0.00301464
2014-01-24,0.00329726
2014-01-25,0.00203385
2014-01-26,0.00266079
2014-01-27,0.00289962
2014-01-28,0.00146786
2014-01-29,0.00229619
2014-01-30,0.00274672
2014-01-31,0.00252754
2014-02-01,0.00357461
2014-02-02,0.00249666
2014-02-03,0.00222264
2014-02-04,0.00254066
2014-02-05,0.00180745
2014-02-06,0.00160789
2014-02-07,0.00250636
2014-02-08,0.00174935
2014-02-09,0.00221397
2014-02-10,0.0021983
2014-02-11,0.00162361
2014-02-12,0.00191739
2014-02-13,0.00259429
2014-02-14,0.00219132
2014-02-15,0.0023615
2014-02-16,0.00129715
2014-02-17,0.00195857
2014-02-18,0.00458767
2014-02-19,0.00264911
2014-02-20,0.00316827
2014-02-21,0.00260319
2014-02-22,0.00276226
2014-02-23,0.00308873
2014-02-24,0.00289895
2014-02-25,0.0019747
2014-02-26,0.00162976
2014-02-27,0.00211728
2014-02-28,0.00251658
2014-03-01,0.0027962
2014-03-02,0.00151763
2014-03-03,0.00197032
2014-03-04,0.00160748
2014-03-05,0.00170746
2014-03-06,0.00210261
2014-03-07,0.00233901
2014-03-08,0.000562733
2014-03-09,0.000718967
2014-03-10,0.00133492
2014-03-11,0.00107417
2014-03-12,0.00158093
2014-03-13,0.00156458
2014-03-14,0.00187328
2014-03-15,0.00225872
2014-03-16,0.00186464
2014-03-17,0.00322183
2014-03-18,0.00239196
2014-03-19,0.000370957
2014-03-20,0.00124493
2014-03-21,0.00203936
2014-03-22,0.00246963
2014-03-23,0.00427147
2014-03-24,0.00325576
2014-03-25,0.00192468
2014-03-26,0.0026526
2014-03-27,0.00296231
2014-03-28,0.00170953
2014-03-29,0.00150193
2014-03-30,0.0024458
2014-03-31,0.00180454
2014-04-01,0.00170706
2014-04-02,0.00180265
2014-04-03,0.00175078
2014-04-04,0.00172239
2014-04-05,0.00203159
2014-04-06,0.00153122
2014-04-07,0.00238915
2014-04-08,0.00303082
2014-04-09,0.00324836
2014-04-10,0.00337079
2014-04-11,0.00169488
2014-04-12,0.00182362
2014-04-13,0.00227287
2014-04-14,0.00248497
2014-04-15,0.0025092
2014-04-16,0.00242822
2014-04-17,0.0018052
2014-04-18,0.00183257
2014-04-19,0.001574
2014-04-20,0.00277631
2014-04-21,0.0025608
2014-04-22,0.00176996
2014-04-23,0.00180168
2014-04-24,0.00208714
2014-04-25,0.00339662
2014-04-26,0.00246668
2014-04-27,0.002719
2014-04-28,0.00386209
2014-04-29,0.00222906
2014-04-30,0.00222443
2014-05-01,0.00266871
2014-05-02,0.00249071
2014-05-03,0.0018015
2014-05-04,0.00182822
2014-05-05,0.00230076
2014-05-06,0.00220622
2014-05-07,0.0021823
2014-05-08,0.00160855
2014-05-09,0.000982985
2014-05-10,0.00126897
2014-05-11,0.00151092
2014-05-12,0.00221664
2014-05-13,0.00257106
2014-05-14,0.00180111
2014-05-15,0.00165196
2014-05-16,0.00156253
2014-05-17,0.00181555
2014-05-18,0.00194097
2014-05-19,0.0032079
2014-05-20,0.00213799
2014-05-21,0.000894466
2014-05-22,0.00177431
2014-05-23,0.00163582
2014-05-24,0.00103568
2014-05-25,0.00120947
2014-05-26,0.00125345
2014-05-27,0.00163588
2014-05-28,0.00129654
2014-05-29,0.00159498
2014-05-30,0.00182486
2014-05-31,0.00126852
2014-06-01,0.00161969
2014-06-02,0.00147334
2014-06-03,0.00121995
2014-06-04,0.00152387
2014-06-05,0.00115085
2014-06-06,0.00130857
2014-06-07,0.00104775
2014-06-08,0.00145188
2014-06-09,0.00116354
2014-06-10,0.00286609
2014-06-11,0.00196869
2014-06-12,0.00212329
2014-06-13,0.00114672
2014-06-14,0.00159967
2014-06-15,0.00198622
2014-06-16,0.00203397
2014-06-17,0.00168488
2014-06-18,0.00250058
2014-06-19,0.00233438
2014-06-20,0.00162743
2014-06-21,0.00194356
2014-06-22,0.00200009
2014-06-23,0.00172999
2014-06-24,0.00177356
2014-06-25,0.00129654
2014-06-26,0.00246248
2014-06-27,0.00196728
2014-06-28,0.00224054
2014-06-29,0.00273722
2014-06-30,0.00239884
2014-07-01,0.00172065
2014-07-02,0.00149121
2014-07-03,0.00136662
2014-07-04,0.00184003
2014-07-05,0.00263661
2014-07-06,0.00196003
2014-07-07,0.00248781
2014-07-08,0.00244322
2014-07-09,0.00330229
2014-07-10,0.00248978
2014-07-11,0.00220691
2014-07-12,0.00255769
2014-07-13,0.00187995
2014-07-14,0.00199011
2014-07-15,0.00231599
2014-07-16,0.00218018
2014-07-17,0.00217652
2014-07-18,0.00249038
2014-07-19,0.00237497
2014-07-20,0.0033797
2014-07-21,0.00313894
2014-07-22,0.00241106
2014-07-23,0.00311204
2014-07-24,0.0026522
2014-07-25,0.00199452
2014-07-26,0.00214915
2014-07-27,0.00279544
2014-07-28,0.00348339
2014-07-29,0.00213479
2014-07-30,0.00212448
2014-07-31,0.0026778
2014-08-01,0.00258531
2014-08-02,0.00232708
2014-08-03,0.00215585
2014-08-04,0.0021247
2014-08-05,0.00256975
2014-08-06,0.00199756
2014-08-07,0.00283339
2014-08-08,0.00256607
2014-08-09,0.00329777
2014-08-10,0.00263092
2014-08-11,0.00271671
2014-08-12,0.00218085
2014-08-13,0.00170087
2014-08-14,0.0017984
2014-08-15,0.00162323
2014-08-16,0.00166482
2014-08-17,0.00185262
2014-08-18,0.00724055
2014-08-19,0.00117621
2014-08-20,0.00205812
2014-08-21,0.0021322
2014-08-22,0.00148836
2014-08-23,0.00033937
2014-08-24,0.0012366
2014-08-25,0.0032322
2014-08-26,0.00124832
2014-08-27,0.000652953
2014-08-28,0.00081655
2014-08-29,0.00143476
2014-08-30,0.00170411
2014-08-31,0.00158524
2014-09-01,0.00166485
2014-09-02,0.00157832
2014-09-03,0.00204763
2014-09-04,0.00222938
2014-09-05,0.00254764
2014-09-06,0.00219806
2014-09-07,0.00666307
2014-09-08,0.00273177
2014-09-09,0.00245533
2014-09-10,0.00280627
2014-09-11,0.00263703
2014-09-12,0.00223619
2014-09-13,0.00234965
2014-09-14,0.00296365
2014-09-15,0.00301762
2014-09-16,0.00269096
2014-09-17,0.00323866
2014-09-18,0.00265244
2014-09-19,0.00174519
2014-09-20,0.00151085
2014-09-21,0.00137229
2014-09-22,0.00116711
2014-09-23,0.00219418
2014-09-24,0.0015396
2014-09-25,0.00143224
2014-09-26,0.00194923
2014-09-27,0.00861279
2014-09-28,0.00198946
2014-09-29,0.00232791
2014-09-30,0.00173821
2014-10-01,0.00183827
2014-10-02,0.00184878
2014-10-03,0.00190832
2014-10-04,0.00166255
2014-10-05,0.00193436
2014-10-06,0.00127551
2014-10-07,0.00113323
2014-10-08,0.00156195
2014-10-09,0.00137842
2014-10-10,0.00144639
2014-10-11,0.00129911
2014-10-12,0.00178319
2014-10-13,0.00237653
2014-10-14,0.00168796
2014-10-15,0.00151557
2014-10-16,0.00103029
2014-10-17,0.0011545
2014-10-18,0.00126084
2014-10-19,0.00173755
2014-10-20,0.00237681
2014-10-21,0.00156469
2014-10-22,0.002224
2014-10-23,0.00146898
2014-10-24,0.00117833
2014-10-25,0.00160279
2014-10-26,0.00130526
2014-10-27,0.00129187
2014-10-28,0.00126469
2014-10-29,0.00159517
2014-10-30,0.00179369
2014-10-31,0.00194553
2014-11-01,0.000998068
2014-11-02,0.00166088
2014-11-03,0.0025973
2014-11-04,0.00154501
2014-11-05,0.00120859
2014-11-06,0.00141591
2014-11-07,0.00179828
2014-11-08,0.00163905
2014-11-09,0.00193549
2014-11-10,0.00280659
2014-11-11,0.00144275
2014-11-12,0.00192587
2014-11-13,0.0012991
2014-11-14,0.000894166
2014-11-15,0.00135019
2014-11-16,0.00140726
2014-11-17,0.00176749
2014-11-18,0.00165886
2014-11-19,0.00132502
2014-11-20,0.00142692
2014-11-21,0.00126757
2014-11-22,0.000954279
2014-11-23,0.00142239
2014-11-24,0.00197054
2014-11-25,0.00162411
2014-11-26,0.00125911
2014-11-27,0.00117352
2014-11-28,0.00120898
2014-11-29,0.000856493
2014-11-30,0.00114458
2014-12-01,0.00129925
2014-12-02,0.00108437
2014-12-03,0.00102029
2014-12-04,0.00114458
2014-12-05,0.00134573
2014-12-06,0.00110243
2014-12-07,0.00181857
2014-12-08,0.00132969
2014-12-09,0.000949654
2014-12-10,0.00111153
2014-12-11,0.000947804
2014-12-12,0.00146176
2014-12-13,0.0011819
2014-12-14,0.0014795
2014-12-15,0.00197199
2014-12-16,0.00164401
2014-12-17,0.00148556
2014-12-18,0.0013532
2014-12-19,0.00119814
2014-12-20,0.00167202
2014-12-21,0.00169419
2014-12-22,0.00118046
2014-12-23,0.00141824
2014-12-24,0.0011069
2014-12-25,0.00145641
2014-12-26,0.00107433
2014-12-27,0.00272178
2014-12-28,0.00258316
2014-12-29,0.00174588
2014-12-30,0.00196907
2014-12-31,0.00116841
2015-01-01,0.00118685
2015-01-02,0.00170835
2015-01-03,0.00165245
2015-01-04,0.00131521
2015-01-05,0.00202953
2015-01-06,0.00140204
2015-01-07,0.00109445
2015-01-08,0.0010457
2015-01-09,0.00115034
2015-01-10,0.00119828
2015-01-11,0.00159099
2015-01-12,0.00107275
2015-01-13,0.00320334
2015-01-14,0.000853294
2015-01-15,0.000639628
2015-01-16,0.000673331
2015-01-17,0.000745034
2015-01-18,0.00121095
2015-01-19,0.0014141
2015-01-20,0.00142145
2015-01-21,0.00102634
2015-01-22,0.000920627
2015-01-23,0.0011275
2015-01-24,0.00134531
2015-01-25,0.000947048
2015-01-26,0.00141721
2015-01-27,0.000752128
2015-01-28,0.00122406
2015-01-29,0.00123736
2015-01-30,0.00125996
2015-01-31,0.00124397
2015-02-01,0.00158316
2015-02-02,0.00151657
2015-02-03,0.00123601
2015-02-04,0.00101434
2015-02-05,0.00104101
2015-02-06,0.000977738
2015-02-07,0.00124713
2015-02-08,0.00185222
2015-02-09,0.0018688
2015-02-10,0.00171172
2015-02-11,0.0017111
2015-02-12,0.0016672
2015-02-13,0.00169966
2015-02-14,0.0017077
2015-02-15,0.00207115
2015-02-16,0.00189556
2015-02-17,0.00210653
2015-02-18,0.00200607
2015-02-19,0.00175363
2015-02-20,0.00191383
2015-02-21,0.00190263
2015-02-22,0.0021385
2015-02-23,0.0026492
2015-02-24,0.00170299
2015-02-25,0.00201785
2015-02-26,0.00183236
2015-02-27,0.00120499
2015-02-28,0.00098603
2015-03-01,0.00215627
2015-03-02,0.00105784
2015-03-03,0.00081801
2015-03-04,0.0014446
2015-03-05,0.0016064
2015-03-06,0.00140251
2015-03-07,0.00199325
2015-03-08,0.00112233
2015-03-09,0.00060175
2015-03-10,0.00138996
2015-03-11,0.00135113
2015-03-12,0.00176784
2015-03-13,0.00128607
2015-03-14,0.00147325
2015-03-15,0.00155754
2015-03-16,0.00206869
2015-03-17,0.00159992
2015-03-18,0.00186751
2015-03-19,0.000957129
2015-03-20,0.00151951
2015-03-21,0.00197266
2015-03-22,0.00208443
2015-03-23,0.0026158
2015-03-24,0.00195792
2015-03-25,0.00141864
2015-03-26,0.00148375
2015-03-27,0.00145774
2015-03-28,0.00140258
2015-03-29,0.00200393
2015-03-30,0.00226598
2015-03-31,0.00179498
2015-04-01,0.00192652
2015-04-02,0.00156383
2015-04-03,0.0019924
2015-04-04,0.00200423
2015-04-05,0.00309507
2015-04-06,0.00322249
2015-04-07,0.00217207
2015-04-08,0.00196542
2015-04-09,0.00177425
2015-04-10,0.00213615
2015-04-11,0.00273767
2015-04-12,0.00269841
2015-04-13,0.00289172
2015-04-14,0.00181519
2015-04-15,0.00164409
2015-04-16,0.00191364
2015-04-17,0.00121861
2015-04-18,0.00127295
2015-04-19,0.00171643
2015-04-20,0.00124074
2015-04-21,0.00134248
2015-04-22,0.00120694
2015-04-23,0.00122758
2015-04-24,0.00138862
2015-04-25,0.00123698
2015-04-26,0.0104173
2015-04-27,0.00119894
2015-04-28,0.00119816
2015-04-29,0.0012275
2015-04-30,0.00132427
2015-05-01,0.00139226
2015-05-02,0.00111664
2015-05-03,0.00172617
2015-05-04,0.00151554
2015-05-05,0.00120292
2015-05-06,0.00135375
2015-05-07,0.00134279
2015-05-08,0.0012287
2015-05-09,0.00153256
2015-05-10,0.00148366
2015-05-11,0.00162751
2015-05-12,0.00147096
2015-05-13,0.00153076
2015-05-14,0.0013857
2015-05-15,0.00135437
2015-05-16,0.00161573
2015-05-17,0.00171662
2015-05-18,0.00210681
2015-05-19,0.00157067
2015-05-20,0.0012869
2015-05-21,0.00140908
2015-05-22,0.00152298
2015-05-23,0.00116239
2015-05-24,0.00138988
2015-05-25,0.00185686
2015-05-26,0.0016508
2015-05-27,0.00178344
2015-05-28,0.00139396
2015-05-29,0.00161355
2015-05-30,0.0017226
2015-05-31,0.00178474
2015-06-01,0.00419542
2015-06-02,0.00143763
2015-06-03,0.00129688
2015-06-04,0.00131205
2015-06-05,0.0013565
2015-06-06,0.00110538
2015-06-07,0.001329
2015-06-08,0.00132943
2015-06-09,0.00152555
2015-06-10,0.00138707
2015-06-11,0.00154823
2015-06-12,0.00138608
2015-06-13,0.00133809
2015-06-14,0.00158764
2015-06-15,0.00123064
2015-06-16,0.0013348
2015-06-17,0.00118476
2015-06-18,0.00112336
2015-06-19,0.00184492
2015-06-20,0.00148717
2015-06-21,0.00137532
2015-06-22,0.00143461
2015-06-23,0.00255247
2015-06-24,0.0016129
2015-06-25,0.00141961
2015-06-26,0.00172349
2015-06-27,0.00120552
2015-06-28,0.00132004
2015-06-29,0.00186971
2015-06-30,0.00140184
2015-07-01,0.00181328
2015-07-02,0.00162357
2015-07-03,0.00181064
2015-07-04,0.00179935
2015-07-05,0.00195692
2015-07-06,0.00182565
2015-07-07,0.00246035
2015-07-08,0.00340421
2015-07-09,0.00393407
2015-07-10,0.00298127
2015-07-11,0.0020516
2015-07-12,0.00309541
2015-07-13,0.00346484
2015-07-14,0.00231987
2015-07-15,0.00221076
2015-07-16,0.00206516
2015-07-17,0.00194728
2015-07-18,0.00203387
2015-07-19,0.00484135
2015-07-20,0.00264817
2015-07-21,0.00393209
2015-07-22,0.00250196
2015-07-23,0.00244692
2015-07-24,0.00234525
2015-07-25,0.00189333
2015-07-26,0.00262764
2015-07-27,0.00355596
2015-07-28,0.00307882
2015-07-29,0.0022877
2015-07-30,0.00352151
2015-07-31,0.00324476
2015-08-01,0.00364632
2015-08-02,0.0041078
2015-08-03,0.0031811
2015-08-04,0.00264088
2015-08-05,0.00294652
2015-08-06,0.00267677
2015-08-07,0.00324317
2015-08-08,0.00220116
2015-08-09,0.00175709
2015-08-10,0.00148896
2015-08-11,0.0023715
2015-08-12,0.00220285
2015-08-13,0.00184397
2015-08-14,0.0016539
2015-08-15,0.00177238
2015-08-16,0.00197885
2015-08-17,0.00170695
2015-08-18,0.00150284
2015-08-19,0.00131617
2015-08-20,0.00158106
2015-08-21,0.00161905
2015-08-22,0.00160591
2015-08-23,0.00172249
2015-08-24,0.00196448
2015-08-25,0.00127764
2015-08-26,0.00121704
2015-08-27,0.00155281
2015-08-28,0.00158793
2015-08-29,0.00145146
2015-08-30,0.00222283
2015-08-31,0.00253463
2015-09-01,0.00211968
2015-09-02,0.00175043
2015-09-03,0.00385476
2015-09-04,0.00220611
2015-09-05,0.00222026
2015-09-06,0.00299104
2015-09-07,0.00229549
2015-09-08,0.00283625
2015-09-09,0.00180918
2015-09-10,0.00210544
2015-09-11,0.00198346
2015-09-12,0.00317105
2015-09-13,0.00359412
2015-09-14,0.00296837
2015-09-15,0.00246324
2015-09-16,0.00218212
2015-09-17,0.00177616
2015-09-18,0.00211074
2015-09-19,0.00194879
2015-09-20,0.00198048
2015-09-21,0.00228943
2015-09-22,0.00179467
2015-09-23,0.00183558
2015-09-24,0.00200833
2015-09-25,0.00200467
2015-09-26,0.0019478
2015-09-27,0.00248738
2015-09-28,0.0028805
2015-09-29,0.00173909
2015-09-30,0.00160426
2015-10-01,0.00189097
2015-10-02,0.00162913
2015-10-03,0.00167528
2015-10-04,0.00216606
2015-10-05,0.002202
2015-10-06,0.00172073
2015-10-07,0.00147347
2015-10-08,0.00169002
2015-10-09,0.00131089
2015-10-10,0.00185916
2015-10-11,0.0020536
2015-10-12,0.00194921
2015-10-13,0.00181815
2015-10-14,0.00145698
2015-10-15,0.00160454
2015-10-16,0.00143369
2015-10-17,0.001534
2015-10-18,0.00179794
2015-10-19,0.00210541
2015-10-20,0.00191774
2015-10-21,0.00202538
2015-10-22,0.00199051
2015-10-23,0.00187275
2015-10-24,0.00197382
2015-10-25,0.00199215
2015-10-26,0.00172201
2015-10-27,0.00172157
2015-10-28,0.00157696
2015-10-29,0.00150678
2015-10-30,0.001445
2015-10-31,0.0012345
2015-11-01,0.00153192
2015-11-02,0.0015957
2015-11-03,0.00129484
2015-11-04,0.000555438
2015-11-05,0.000529601
2015-11-06,0.000906624
2015-11-07,0.00114719
2015-11-08,0.00115063
2015-11-09,0.00119595
2015-11-10,0.000960037
2015-11-11,0.000990398
2015-11-12,0.000821164
2015-11-13,0.00087121
2015-11-14,0.000889928
2015-11-15,0.000787247
2015-11-16,0.00106017
2015-11-17,0.00104315
2015-11-18,0.00136109
2015-11-19,0.00149426
2015-11-20,0.00125799
2015-11-21,0.00115761
2015-11-22,0.00161917
2015-11-23,0.0020385
2015-11-24,0.00191604
2015-11-25,0.00174814
2015-11-26,0.00141295
2015-11-27,0.00130585
2015-11-28,0.00121567
2015-11-29,0.00136722
2015-11-30,0.00160352
2015-12-01,0.00138692
2015-12-02,0.00125983
2015-12-03,0.0011857
2015-12-04,0.00142471
2015-12-05,0.00106719
2015-12-06,0.000594282
2015-12-07,0.000589205
2015-12-08,0.00103449
2015-12-09,0.00108773
2015-12-10,0.000941236
2015-12-11,0.00111587
2015-12-12,0.00116911
2015-12-13,0.00107454
2015-12-14,0.000636482
2015-12-15,0.000838904
2015-12-16,0.000908357
2015-12-17,0.000857086
2015-12-18,0.000893773
2015-12-19,0.00093599
2015-12-20,0.000900017
2015-12-21,0.000852828
2015-12-22,0.000781285
2015-12-23,0.000813307
2015-12-24,0.000888172
2015-12-25,0.00077001
2015-12-26,0.000753754
2015-12-27,0.00117214
2015-12-28,0.00187796
2015-12-29,0.0014415
2015-12-30,0.00146575
2015-12-31,0.00135547
2016-01-01,0.00218872
2016-01-02,0.00209374
2016-01-03,0.00305738
2016-01-04,0.00267048
2016-01-05,0.00289067
2016-01-06,0.00232213
2016-01-07,0.00225706
2016-01-08,0.00234164
2016-01-09,0.00273907
2016-01-10,0.00353743
2016-01-11,0.0023996
2016-01-12,0.00198449
2016-01-13,0.0026743
2016-01-14,0.00244636
2016-01-15,0.00262344
2016-01-16,0.00203286
2016-01-17,0.00239488
2016-01-18,0.000342064
2016-01-19,0.000430305
2016-01-20,0.000431806
2016-01-21,0.00126947
2016-01-22,0.000944815
2016-01-23,0.000582535
2016-01-24,0.000127959
2016-01-25,0.0000608199
2016-01-26,0.000266666
2016-01-27,0.000445046
2016-01-28,0.000333914
2016-01-29,0.000944211
2016-01-30,0.000653083
2016-01-31,0.00114369
2016-02-01,0.00199719
2016-02-02,0.00101085
2016-02-03,0.00167175
2016-02-04,0.00283119
2016-02-05,0.00152921
2016-02-06,0.00123467
2016-02-07,0.00125947
2016-02-08,0.00129422
2016-02-09,0.0016264
2016-02-10,0.00191218
2016-02-11,0.00169679
2016-02-12,0.00164053
2016-02-13,0.00147266
2016-02-14,0.00135485
2016-02-15,0.00124319
2016-02-16,0.00109243
2016-02-17,0.00107437
2016-02-18,0.00108908
2016-02-19,0.00112749
2016-02-20,0.000965268
2016-02-21,0.000998491
2016-02-22,0.000959505
2016-02-23,0.00103762
2016-02-24,0.00121168
2016-02-25,0.00127609
2016-02-26,0.00146629
2016-02-27,0.00130099
2016-02-28,0.00144594
2016-02-29,0.000530805
2016-03-01,0.000558939
2016-03-02,0.000547789
2016-03-03,0.00161199
2016-03-04,0.00161565
2016-03-05,0.000676313
2016-03-06,0.000319691
2016-03-07,0.00193878
2016-03-08,0.00152142
2016-03-09,0.00195661
2016-03-10,0.00265036
2016-03-11,0.00167688
2016-03-12,0.00170555
2016-03-13,0.00186386
2016-03-14,0.00217791
2016-03-15,0.00173173
2016-03-16,0.00121066
2016-03-17,0.000364996
2016-03-18,0.000591816
2016-03-19,0.000814792
2016-03-20,0.00158199
2016-03-21,0.00190886
2016-03-22,0.00202027
2016-03-23,0.00190233
2016-03-24,0.00185409
2016-03-25,0.00165578
2016-03-26,0.0015782
2016-03-27,0.00245814
2016-03-28,0.00177356
2016-03-29,0.00220774
2016-03-30,0.00267812
2016-03-31,0.0022616
2016-04-01,0.00213947
2016-04-02,0.0024771
2016-04-03,0.00284096
2016-04-04,0.00276659
2016-04-05,0.00210727
2016-04-06,0.00213677
2016-04-07,0.00242062
2016-04-08,0.00160756
2016-04-09,0.0016304
2016-04-10,0.0016456
2016-04-11,0.00165001
2016-04-12,0.00194887
2016-04-13,0.00143902
2016-04-14,0.00142314
2016-04-15,0.00151072
2016-04-16,0.0011651
2016-04-17,0.00112675
2016-04-18,0.00130606
2016-04-19,0.00117951
2016-04-20,0.00117597
2016-04-21,0.00106269
2016-04-22,0.000844572
2016-04-23,0.000795915
2016-04-24,0.00100784
2016-04-25,0.00150398
2016-04-26,0.00160525
2016-04-27,0.0123035
2016-04-28,0.00182368
2016-04-29,0.00189641
2016-04-30,0.00195756
2016-05-01,0.00214811
2016-05-02,0.00183469
2016-05-03,0.00184339
2016-05-04,0.001973
2016-05-05,0.00207186
2016-05-06,0.00205757
2016-05-07,0.0018683
2016-05-08,0.00206219
2016-05-09,0.00215621
2016-05-10,0.00196157
2016-05-11,0.00214195
2016-05-12,0.00184867
2016-05-13,0.00204978
2016-05-14,0.0018818
2016-05-15,0.00249039
2016-05-16,0.00223861
2016-05-17,0.00225213
2016-05-18,0.00214974
2016-05-19,0.00258926
2016-05-20,0.00217363
2016-05-21,0.00255055
2016-05-22,0.00348058
2016-05-23,0.00286451
2016-05-24,0.00258682
2016-05-25,0.00233748
2016-05-26,0.00180922
2016-05-27,0.00154198
2016-05-28,0.0017229
2016-05-29,0.00141685
2016-05-30,0.00172964
2016-05-31,0.00267802
2016-06-01,0.00206676
2016-06-02,0.00238401
2016-06-03,0.00251324
2016-06-04,0.00283552
2016-06-05,0.0031133
2016-06-06,0.00240186
2016-06-07,0.00266759
2016-06-08,0.00243846
2016-06-09,0.00259028
2016-06-10,0.0025096
2016-06-11,0.00231124
2016-06-12,0.00238768
2016-06-13,0.00184486
2016-06-14,0.00238205
2016-06-15,0.00296285
2016-06-16,0.0035773
2016-06-17,0.00292671
2016-06-18,0.00289949
2016-06-19,0.00300089
2016-06-20,0.00314946
2016-06-21,0.00289931
2016-06-22,0.00268745
2016-06-23,0.00284572
2016-06-24,0.00243374
2016-06-25,0.00265172
2016-06-26,0.00288372
2016-06-27,0.00302674
2016-06-28,0.00281969
2016-06-29,0.00319066
2016-06-30,0.00305793
2016-07-01,0.0030488
2016-07-02,0.00286348
2016-07-03,0.00244783
2016-07-04,0.00262217
2016-07-05,0.00211808
2016-07-06,0.00275046
2016-07-07,0.00271209
2016-07-08,0.00197641
2016-07-09,0.00252727
2016-07-10,0.00249068
2016-07-11,0.00256126
2016-07-12,0.00258969
2016-07-13,0.00219474
2016-07-14,0.00234091
2016-07-15,0.00278429
2016-07-16,0.00162746
2016-07-17,0.00259143
2016-07-18,0.00231799
2016-07-19,0.00261756
2016-07-20,0.00245047
2016-07-21,0.00262284
2016-07-22,0.002758
2016-07-23,0.00274998
2016-07-24,0.00319717
2016-07-25,0.00277496
2016-07-26,0.00361942
2016-07-27,0.00307643
2016-07-28,0.00296493
2016-07-29,0.00290694
2016-07-30,0.00340034
2016-07-31,0.00355632
2016-08-01,0.00385515
2016-08-02,0.00421123
2016-08-03,0.00229705
2016-08-04,0.00308876
2016-08-05,0.00230905
2016-08-06,0.00324451
2016-08-07,0.00379368
2016-08-08,0.00378725
2016-08-09,0.00440276
2016-08-10,0.0032947
2016-08-11,0.00352763
2016-08-12,0.00349797
2016-08-13,0.00373826
2016-08-14,0.00303243
2016-08-15,0.00359885
2016-08-16,0.00332221
2016-08-17,0.00300947
2016-08-18,0.00371824
2016-08-19,0.00329481
2016-08-20,0.00340129
2016-08-21,0.00292931
2016-08-22,0.00388313
2016-08-23,0.00327432
2016-08-24,0.00322475
2016-08-25,0.00311661
2016-08-26,0.00296719
2016-08-27,0.00300912
2016-08-28,0.00387324
2016-08-29,0.00370161
2016-08-30,0.00375426
2016-08-31,0.00374189
2016-09-01,0.00351887
2016-09-02,0.00357183
2016-09-03,0.00360495
2016-09-04,0.00386717
2016-09-05,0.0041044
2016-09-06,0.0036087
2016-09-07,0.00392095
2016-09-08,0.00396872
2016-09-09,0.00364672
2016-09-10,0.00363504
2016-09-11,0.00344667
2016-09-12,0.00314994
2016-09-13,0.00336378
2016-09-14,0.0034448
2016-09-15,0.00328295
2016-09-16,0.00374702
2016-09-17,0.00350162
2016-09-18,0.00383563
2016-09-19,0.00328714
2016-09-20,0.00316611
2016-09-21,0.00298334
2016-09-22,0.00347691
2016-09-23,0.00261329
2016-09-24,0.00280224
2016-09-25,0.0029158
2016-09-26,0.0027093
2016-09-27,0.00264704
2016-09-28,0.00364972
2016-09-29,0.00254057
2016-09-30,0.00376877
2016-10-01,0.00272867
2016-10-02,0.0038164
2016-10-03,0.00390383
2016-10-04,0.00374574
2016-10-05,0.00355936
2016-10-06,0.00331172
2016-10-07,0.00338146
2016-10-08,0.00302375
2016-10-09,0.00283357
2016-10-10,0.0021113
2016-10-11,0.00273551
2016-10-12,0.00279985
2016-10-13,0.00253571
2016-10-14,0.00327917
2016-10-15,0.0032702
2016-10-16,0.00182437
2016-10-17,0.00238979
2016-10-18,0.00391413
2016-10-19,0.00303687
2016-10-20,0.00342572
2016-10-21,0.00337497
2016-10-22,0.00244771
2016-10-23,0.00500114
2016-10-24,0.00348707
2016-10-25,0.00221953
2016-10-26,0.00321135
2016-10-27,0.00554624
2016-10-28,0.00323536
2016-10-29,0.00530027
2016-10-30,0.0047047
2016-10-31,0.00481903
2016-11-01,0.00418934
2016-11-02,0.00426318
2016-11-03,0.00160336
2016-11-04,0.00115936
2016-11-05,0.00143356
2016-11-06,0.00127628
2016-11-07,0.00131349
2016-11-08,0.00205842
2016-11-09,0.00256205
2016-11-10,0.00316818
2016-11-11,0.00471136
2016-11-12,0.00522495
2016-11-13,0.00694002
2016-11-14,0.00562394
2016-11-15,0.00513336
2016-11-16,0.00455256
2016-11-17,0.00409478
2016-11-18,0.00557027
2016-11-19,0.00528711
2016-11-20,0.00655321
2016-11-21,0.00598829
2016-11-22,0.00624404
2016-11-23,0.00592843
2016-11-24,0.00631734
2016-11-25,0.00738786
2016-11-26,0.00950364
2016-11-27,0.00837106
2016-11-28,0.00835047
2016-11-29,0.0072303
2016-11-30,0.0073024
2016-12-01,0.00726691
2016-12-02,0.00685532
2016-12-03,0.0067056
2016-12-04,0.00816065
2016-12-05,0.0101003
2016-12-06,0.00618271
2016-12-07,0.0072687
2016-12-08,0.00690002
2016-12-09,0.00676585
2016-12-10,0.00632137
2016-12-11,0.00751157
2016-12-12,0.00722682
2016-12-13,0.00549448
2016-12-14,0.00627169
2016-12-15,0.00573074
2016-12-16,0.00489767
2016-12-17,0.00522436
2016-12-18,0.00610836
2016-12-19,0.00570292
2016-12-20,0.00565364
2016-12-21,0.00518448
2016-12-22,0.00406477
2016-12-23,0.00430736
2016-12-24,0.00377691
2016-12-25,0.00560442
2016-12-26,0.00567971
2016-12-27,0.00576552
2016-12-28,0.00447542
2016-12-29,0.0050584
2016-12-30,0.00592396
2016-12-31,0.00461357
2017-01-01,0.00588669
2017-01-02,0.00638165
2017-01-03,0.00694733
2017-01-04,0.00606354
2017-01-05,0.00776215
2017-01-06,0.00385194
2017-01-07,0.00413058
2017-01-08,0.00496464
2017-01-09,0.00539694
2017-01-10,0.00491097
2017-01-11,0.00512632
2017-01-12,0.00280306
2017-01-13,0.00295518
2017-01-14,0.00419079
2017-01-15,0.00576745
2017-01-16,0.00463712
2017-01-17,0.00501422
2017-01-18,0.00465521
2017-01-19,0.00540814
2017-01-20,0.00454924
2017-01-21,0.00392406
2017-01-22,0.00643314
2017-01-23,0.00777159
2017-01-24,0.00721525
2017-01-25,0.00728526
2017-01-26,0.00698349
2017-01-27,0.00567022
2017-01-28,0.00667886
2017-01-29,0.00975003
2017-01-30,0.00861716
2017-01-31,0.00933732
2017-02-01,0.00817257
2017-02-02,0.00743449
2017-02-03,0.00768343
2017-02-04,0.00668326
2017-02-05,0.0065543
2017-02-06,0.00749599
2017-02-07,0.00937568
2017-02-08,0.00830524
2017-02-09,0.00809366
2017-02-10,0.00528476
2017-02-11,0.00530331
2017-02-12,0.00807673
2017-02-13,0.0109742
2017-02-14,0.00866617
2017-02-15,0.00734232
2017-02-16,0.00785806
2017-02-17,0.00543897
2017-02-18,0.0067943
2017-02-19,0.0120231
2017-02-20,0.00936809
2017-02-21,0.0101836
2017-02-22,0.0095432
2017-02-23,0.00668894
2017-02-24,0.00668149
2017-02-25,0.0119175
2017-02-26,0.0156408
2017-02-27,0.0138551
2017-02-28,0.0106299
2017-03-01,0.0115884
2017-03-02,0.00920859
2017-03-03,0.00903779
2017-03-04,0.00574682
2017-03-05,0.0113474
2017-03-06,0.0172977
2017-03-07,0.0126373
2017-03-08,0.0128264
2017-03-09,0.00865281
2017-03-10,0.00417231
2017-03-11,0.00994761
2017-03-12,0.0131328
2017-03-13,0.0161004
2017-03-14,0.0104218
2017-03-15,0.00962586
2017-03-16,0.0102672
2017-03-17,0.00787011
2017-03-18,0.00785054
2017-03-19,0.00852419
2017-03-20,0.00322904
2017-03-21,0.00772617
2017-03-22,0.00382911
2017-03-23,0.00538277
2017-03-24,0.00986134
2017-03-25,0.00557298
2017-03-26,0.00595554
2017-03-27,0.00870051
2017-03-28,0.0082684
2017-03-29,0.0102363
2017-03-30,0.0117769
2017-03-31,0.00938047
2017-04-01,0.00605641
2017-04-02,0.00603221
2017-04-03,0.00474783
2017-04-04,0.00522511
2017-04-05,0.00838891
2017-04-06,0.0105504
2017-04-07,0.0106268
2017-04-08,0.00358334
2017-04-09,0.00180347
2017-04-10,0.0123697
2017-04-11,0.00952025
2017-04-12,0.0112323
2017-04-13,0.0102901
2017-04-14,0.0101958
2017-04-15,0.0106123
2017-04-16,0.0125055
2017-04-17,0.00832242
2017-04-18,0.00735508
2017-04-19,0.00903703
2017-04-20,0.00936254
2017-04-21,0.0103187
2017-04-22,0.0106834
2017-04-23,0.0104937
2017-04-24,0.0106629
2017-04-25,0.00972729
2017-04-26,0.00836741
2017-04-27,0.0104835
2017-04-28,0.00968615
2017-04-29,0.0102042
2017-04-30,0.0123404
2017-05-01,0.0111695
2017-05-02,0.00908804
2017-05-03,0.0108558
2017-05-04,0.00957447
2017-05-05,0.0104473
2017-05-06,0.00915816
2017-05-07,0.010832
2017-05-08,0.0125812
2017-05-09,0.00803727
2017-05-10,0.00968847
2017-05-11,0.00789608
2017-05-12,0.00921798
2017-05-13,0.0104839
2017-05-14,0.00997827
2017-05-15,0.0116448
2017-05-16,0.0105883
2017-05-17,0.0125184
2017-05-18,0.0118916
2017-05-19,0.0121379
2017-05-20,0.015379
2017-05-21,0.0136654
2017-05-22,0.0153115
2017-05-23,0.0122095
2017-05-24,0.0114323
2017-05-25,0.0133554
2017-05-26,0.0141343
2017-05-27,0.0166988
2017-05-28,0.0199413
2017-05-29,0.0151094
2017-05-30,0.0197341
2017-05-31,0.0150863
2017-06-01,0.0174238
2017-06-02,0.0169349
2017-06-03,0.0166847
2017-06-04,0.0166566
2017-06-05,0.0123637
2017-06-06,0.014627
2017-06-07,0.0208681
2017-06-08,0.0251276
2017-06-09,0.0204186
2017-06-10,0.0172667
2017-06-11,0.0160021
2017-06-12,0.0154925
2017-06-13,0.0139632
2017-06-14,0.0145947
2017-06-15,0.0139508
2017-06-16,0.0140523
2017-06-17,0.0108676
2017-06-18,0.0135644
2017-06-19,0.0120181
2017-06-20,0.0126941
2017-06-21,0.0132432
2017-06-22,0.0124005
2017-06-23,0.0138028
2017-06-24,0.0138665
2017-06-25,0.0140793
2017-06-26,0.0131634
2017-06-27,0.010202
2017-06-28,0.01296
2017-06-29,0.0139291
2017-06-30,0.0108216
2017-07-01,0.0100638
2017-07-02,0.0112046
2017-07-03,0.0109138
2017-07-04,0.0100227
2017-07-05,0.0128636
2017-07-06,0.0090222
2017-07-07,0.0109951
2017-07-08,0.00980466
2017-07-09,0.00667079
2017-07-10,0.00696506
2017-07-11,0.00627359
2017-07-12,0.00728613
2017-07-13,0.00836913
2017-07-14,0.00840622
2017-07-15,0.00825328
2017-07-16,0.0197062
2017-07-17,0.00815958
2017-07-18,0.00733926
2017-07-19,0.008553
2017-07-20,0.00801016
2017-07-21,0.00961073
2017-07-22,0.0108871
2017-07-23,0.0096255
2017-07-24,0.00774965
2017-07-25,0.007022
2017-07-26,0.00226345
2017-07-27,0.00466699
2017-07-28,0.00666684
2017-07-29,0.00438955
2017-07-30,0.00358043
2017-07-31,0.00168967
2017-08-01,0.00649975
2017-08-02,0.00281972
2017-08-03,0.00469501
2017-08-04,0.0057785
2017-08-05,0.00490296
2017-08-06,0.00569714
2017-08-07,0.00506246
2017-08-08,0.00520238
2017-08-09,0.00595903
2017-08-10,0.00654674
2017-08-11,0.00680621
2017-08-12,0.00723893
2017-08-13,0.00875043
2017-08-14,0.00850405
2017-08-15,0.00897092
2017-08-16,0.0128115
2017-08-17,0.0118071
2017-08-18,0.0133131
2017-08-19,0.0126819
2017-08-20,0.0112127
2017-08-21,0.0117603
2017-08-22,0.0121357
2017-08-23,0.018425
2017-08-24,0.0230675
2017-08-25,0.0234959
2017-08-26,0.0298477
2017-08-27,0.0304597
2017-08-28,0.02771
2017-08-29,0.0222186
2017-08-30,0.0235529
2017-08-31,0.0233517
2017-09-01,0.0234097
2017-09-02,0.0211482
2017-09-03,0.0183361
2017-09-04,0.0165625
2017-09-05,0.0134832
2017-09-06,0.00433381
2017-09-07,0.0109614
2017-09-08,0.0113812
2017-09-09,0.0099989
2017-09-10,0.00785343
2017-09-11,0.00899008
2017-09-12,0.00584073
2017-09-13,0.00614162
2017-09-14,0.00469336
2017-09-15,0.0048343
2017-09-16,0.00498261
2017-09-17,0.00532476
2017-09-18,0.00565833
2017-09-19,0.00738646
2017-09-20,0.00898393
2017-09-21,0.00746624
2017-09-22,0.00692306
2017-09-23,0.00636522
2017-09-24,0.00753991
2017-09-25,0.00744759
2017-09-26,0.00750469
2017-09-27,0.00712551
2017-09-28,0.00657333
2017-09-29,0.00582232
2017-09-30,0.00590413
2017-10-01,0.00619249
2017-10-02,0.00823354
2017-10-03,0.00917897
2017-10-04,0.00919494
2017-10-05,0.00946495
2017-10-06,0.00962871
2017-10-07,0.0105043
2017-10-08,0.0104801
2017-10-09,0.0082335
2017-10-10,0.006033
2017-10-11,0.0085636
2017-10-12,0.00832168
2017-10-13,0.00888431
2017-10-14,0.0145094
2017-10-15,0.0149892
2017-10-16,0.012029
2017-10-17,0.00981385
2017-10-18,0.00738112
2017-10-19,0.00919581
2017-10-20,0.00986754
2017-10-21,0.00867681
2017-10-22,0.0106799
2017-10-23,0.00986118
2017-10-24,0.00627653
2017-10-25,0.00778846
2017-10-26,0.00714178
2017-10-27,0.00631328
2017-10-28,0.00871883
2017-10-29,0.0126576
2017-10-30,0.0165337
2017-10-31,0.014441
2017-11-01,0.0119991
2017-11-02,0.0134353
2017-11-03,0.012452
2017-11-04,0.00909654
2017-11-05,0.00441751
2017-11-06,0.00331627
2017-11-07,0.00925942
2017-11-08,0.00777739
2017-11-09,0.00655599
2017-11-10,0.0160582
2017-11-11,0.0139981
2017-11-12,0.0188693
2017-11-13,0.0279868
2017-11-14,0.0176844
2017-11-15,0.016117
2017-11-16,0.017267
2017-11-17,0.0132839
2017-11-18,0.0103548
2017-11-19,0.0107433
2017-11-20,0.00450888
2017-11-21,0.00793352
2017-11-22,0.00838971
2017-11-23,0.00747407
2017-11-24,0.00778094
2017-11-25,0.00875262
2017-11-26,0.00670997
2017-11-27,0.00941743
2017-11-28,0.00975165
2017-11-29,0.0084597
2017-11-30,0.00901281
2017-12-01,0.0100719
2017-12-02,0.0105523
2017-12-03,0.0088948
2017-12-04,0.0100922
2017-12-05,0.0085754
2017-12-06,0.00731069
2017-12-07,0.00731027
2017-12-08,0.0107984
2017-12-09,0.0258027
2017-12-10,0.0195623
2017-12-11,0.0233365
2017-12-12,0.0175071
2017-12-13,0.0168132
2017-12-14,0.0183058
2017-12-15,0.0218796
2017-12-16,0.0218475
2017-12-17,0.0221755
2017-12-18,0.0226885
2017-12-19,0.0192996
2017-12-20,0.0353619
2017-12-21,0.040636
2017-12-22,0.0648255
2017-12-23,0.0779185
2017-12-24,0.0598581
2017-12-25,0.0612693
2017-12-26,0.0381952
2017-12-27,0.0327464
2017-12-28,0.0341459
2017-12-29,0.0378796
2017-12-30,0.0341435
2017-12-31,0.0346138
2018-01-01,0.0322951
2018-01-02,0.0288806
2018-01-03,0.0254028
2018-01-04,0.0270546
2018-01-05,0.0280304
2018-01-06,0.0239643
2018-01-07,0.0231973
2018-01-08,0.0248353
2018-01-09,0.0281397
2018-01-10,0.0336181
2018-01-11,0.0332526
2018-01-12,0.0373732
2018-01-13,0.0351593
2018-01-14,0.0387196
2018-01-15,0.0387042
2018-01-16,0.033872
2018-01-17,0.0208742
2018-01-18,0.0276821
2018-01-19,0.0293855
2018-01-20,0.0260391
2018-01-21,0.0297811
2018-01-22,0.0307721
2018-01-23,0.0203273
2018-01-24,0.0191031
2018-01-25,0.0184929
2018-01-26,0.0163418
2018-01-27,0.0121327
2018-01-28,0.0124053
2018-01-29,0.00485927
2018-01-30,0.0076623
2018-01-31,0.00685246
2018-02-01,0.00866389
2018-02-02,0.0103878
2018-02-03,0.0185539
2018-02-04,0.0161405
2018-02-05,0.0114986
2018-02-06,0.00944591
2018-02-07,0.00852729
2018-02-08,0.0106831
2018-02-09,0.00746476
2018-02-10,0.00802169
2018-02-11,0.00545705
2018-02-12,0.00448086
2018-02-13,0.00418374
2018-02-14,0.00495724
2018-02-15,0.00420754
2018-02-16,0.00452786
2018-02-17,0.00538208
2018-02-18,0.00328669
2018-02-19,0.00270206
2018-02-20,0.0028527
2018-02-21,0.00414857
2018-02-22,0.00300524
2018-02-23,0.00251435
2018-02-24,0.00792324
2018-02-25,0.0126161
2018-02-26,0.00689124
2018-02-27,0.00547108
2018-02-28,0.00537008
2018-03-01,0.00369069
2018-03-02,0.00396017
2018-03-03,0.00422778
2018-03-04,0.00499646
2018-03-05,0.00543144
2018-03-06,0.00483374
2018-03-07,0.00392163
2018-03-08,0.00371075
2018-03-09,0.00356688
2018-03-10,0.00290596
2018-03-11,0.00688607
2018-03-12,0.00463244
2018-03-13,0.00309683
2018-03-14,0.00397434
2018-03-15,0.00348727
2018-03-16,0.00188072
2018-03-17,0.00283089
2018-03-18,0.000877177
2018-03-19,0.00154912
2018-03-20,0.00232826
2018-03-21,0.00286998
2018-03-22,0.00323839
2018-03-23,0.00254603
2018-03-24,0.00265063
2018-03-25,0.00269584
2018-03-26,0.00263661
2018-03-27,0.00154339
2018-03-28,0.00269673
2018-03-29,0.00211599
2018-03-30,0.00304769
2018-03-31,0.0020579
2018-04-01,0.00226754
2018-04-02,0.0020581
2018-04-03,0.00151321
2018-04-04,0.00189127
2018-04-05,0.00177026
2018-04-06,0.00236214
2018-04-07,0.00275476
2018-04-08,0.00364214
2018-04-09,0.00272091
2018-04-10,0.00192906
2018-04-11,0.0024128
2018-04-12,0.00229281
2018-04-13,0.0016905
2018-04-14,0.00292148
2018-04-15,0.00348108
2018-04-16,0.0030293
2018-04-17,0.00193888
2018-04-18,0.002101
2018-04-19,0.00239581
2018-04-20,0.00207808
2018-04-21,0.0019116
2018-04-22,0.00309895
2018-04-23,0.00288789
2018-04-24,0.00266166
2018-04-25,0.00369033
2018-04-26,0.00478854
2018-04-27,0.0063017
2018-04-28,0.00335152
2018-04-29,0.00231628
2018-04-30,0.00215324
2018-05-01,0.0030668
2018-05-02,0.00310886
2018-05-03,0.00364729
2018-05-04,0.00290816
2018-05-05,0.00293736
2018-05-06,0.00309783
2018-05-07,0.00276814
2018-05-08,0.00264095
2018-05-09,0.00328471
2018-05-10,0.00285074
2018-05-11,0.00218205
2018-05-12,0.00304147
2018-05-13,0.00281496
2018-05-14,0.00275071
2018-05-15,0.00280376
2018-05-16,0.00358724
2018-05-17,0.00280684
2018-05-18,0.00552159
2018-05-19,0.00586512
2018-05-20,0.00424764
2018-05-21,0.00335307
2018-05-22,0.00380194
2018-05-23,0.00286353
2018-05-24,0.00283325
2018-05-25,0.00249458
2018-05-26,0.00322749
2018-05-27,0.00370828
2018-05-28,0.00235144
2018-05-29,0.00239236
2018-05-30,0.00206539
2018-05-31,0.00177451
2018-06-01,0.00161512
2018-06-02,0.00166532
2018-06-03,0.00170666
2018-06-04,0.00165403
2018-06-05,0.00138896
2018-06-06,0.00150384
2018-06-07,0.00171282
2018-06-08,0.00169275
2018-06-09,0.00126554
2018-06-10,0.0019515
2018-06-11,0.00123376
2018-06-12,0.00149824
2018-06-13,0.00151561
2018-06-14,0.00203768
2018-06-15,0.00151396
2018-06-16,0.00132212
2018-06-17,0.00208534
2018-06-18,0.00338792
2018-06-19,0.00165243
2018-06-20,0.00631431
2018-06-21,0.0168866
2018-06-22,0.00799666
2018-06-23,0.00355739
2018-06-24,0.00226007
2018-06-25,0.00297666
2018-06-26,0.00269691
2018-06-27,0.00372254
2018-06-28,0.00321393
2018-06-29,0.00289469
2018-06-30,0.00260691
2018-07-01,0.00321145
2018-07-02,0.00195352
2018-07-03,0.00236493
2018-07-04,0.00262897
2018-07-05,0.00240538
2018-07-06,0.0019133
2018-07-07,0.00226051
2018-07-08,0.00281825
2018-07-09,0.00203657
2018-07-10,0.00190705
2018-07-11,0.00195134
2018-07-12,0.0024392
2018-07-13,0.00222961
2018-07-14,0.00221028
2018-07-15,0.00204687
2018-07-16,0.00206126
2018-07-17,0.00192435
2018-07-18,0.00239666
2018-07-19,0.00282015
2018-07-20,0.00297641
2018-07-21,0.00251807
2018-07-22,0.00270689
2018-07-23,0.00254981
2018-07-24,0.00269902
2018-07-25,0.00251053
2018-07-26,0.00265087
2018-07-27,0.00276247
2018-07-28,0.00213425
2018-07-29,0.00255545
2018-07-30,0.00238737
2018-07-31,0.00279398
2018-08-01,0.0029795
2018-08-02,0.00232802
2018-08-03,0.0027725
2018-08-04,0.00233936
2018-08-05,0.00177774
2018-08-06,0.00130079
2018-08-07,0.00142622
2018-08-08,0.00163268
2018-08-09,0.00159359
2018-08-10,0.00185009
2018-08-11,0.00212379
2018-08-12,0.00190951
2018-08-13,0.00208875
2018-08-14,0.00219195
2018-08-15,0.00223901
2018-08-16,0.00212433
2018-08-17,0.0026426
2018-08-18,0.00286527
2018-08-19,0.00256065
2018-08-20,0.00280279
2018-08-21,0.0033888
2018-08-22,0.00240252
2018-08-23,0.00267096
2018-08-24,0.00221993
2018-08-25,0.00250555
2018-08-26,0.00325494
2018-08-27,0.00546859
2018-08-28,0.00332283
2018-08-29,0.00238558
2018-08-30,0.00265273
2018-08-31,0.00281218
2018-09-01,0.00163466
2018-09-02,0.00216578
2018-09-03,0.00198967
2018-09-04,0.00216441
2018-09-05,0.00255633
2018-09-06,0.00334068
2018-09-07,0.00246811
2018-09-08,0.00256203
2018-09-09,0.00267673
2018-09-10,0.00254227
2018-09-11,0.00233564
2018-09-12,0.00251472
2018-09-13,0.0027152
2018-09-14,0.00180331
2018-09-15,0.00286013
2018-09-16,0.00212073
2018-09-17,0.00191766
2018-09-18,0.00162737
2018-09-19,0.00185687
2018-09-20,0.00180775
2018-09-21,0.00200458
2018-09-22,0.00219302
2018-09-23,0.00252577
2018-09-24,0.00267423
2018-09-25,0.001997
2018-09-26,0.00151236
2018-09-27,0.00186138
2018-09-28,0.00263291
2018-09-29,0.00267776
2018-09-30,0.00253611
2018-10-01,0.00240486
2018-10-02,0.00264845
2018-10-03,0.00206334
2018-10-04,0.00270411
2018-10-05,0.00222259
2018-10-06,0.00293429
2018-10-07,0.0028248
2018-10-08,0.00261978
2018-10-09,0.00201244
2018-10-10,0.00223923
2018-10-11,0.00150687
2018-10-12,0.00171804
2018-10-13,0.00166142
2018-10-14,0.00195588
2018-10-15,0.00189086
2018-10-16,0.0018024
2018-10-17,0.00233383
2018-10-18,0.00212902
2018-10-19,0.00180859
2018-10-20,0.00185628
2018-10-21,0.00215395
2018-10-22,0.00232342
2018-10-23,0.00190005
2018-10-24,0.00162018
2018-10-25,0.00168797
2018-10-26,0.0017641
2018-10-27,0.00218042
2018-10-28,0.0022896
2018-10-29,0.00317952
2018-10-30,0.00244179
2018-10-31,0.00219161
2018-11-01,0.00178552
2018-11-02,0.00189185
2018-11-03,0.00143362
2018-11-04,0.00231026
2018-11-05,0.00218396
2018-11-06,0.00214204
2018-11-07,0.00214539
2018-11-08,0.00231145
2018-11-09,0.00269963
2018-11-10,0.00262318
2018-11-11,0.00284275
2018-11-12,0.00258723
2018-11-13,0.00221293
2018-11-14,0.00203039
2018-11-15,0.0022163
2018-11-16,0.00209956
2018-11-17,0.00322221
2018-11-18,0.00310525
2018-11-19,0.00311938
2018-11-20,0.0037921
2018-11-21,0.00321338
2018-11-22,0.00394781
2018-11-23,0.00378547
2018-11-24,0.00320537
2018-11-25,0.00340364
2018-11-26,0.00297065
2018-11-27,0.00301132
2018-11-28,0.00297759
2018-11-29,0.00287423
2018-11-30,0.00372597
2018-12-01,0.00214146
2018-12-02,0.00262661
2018-12-03,0.00238686
2018-12-04,0.00198257
2018-12-05,0.00146207
2018-12-06,0.00146507
2018-12-07,0.00184828
2018-12-08,0.00211333
2018-12-09,0.00225264
2018-12-10,0.0021812
2018-12-11,0.00218131
2018-12-12,0.00190463
2018-12-13,0.00204074
2018-12-14,0.00189527
2018-12-15,0.00215927
2018-12-16,0.00227171
2018-12-17,0.00175036
2018-12-18,0.00172895
2018-12-19,0.00198956
2018-12-20,0.00213488
2018-12-21,0.00209911
2018-12-22,0.00242943
2018-12-23,0.00230475
2018-12-24,0.00200881
2018-12-25,0.00203842
2018-12-26,0.0017068
2018-12-27,0.00146769
2018-12-28,0.00134475
2018-12-29,0.00134029
2018-12-30,0.00145148
2018-12-31,0.00204124
2019-01-01,0.00189772
2019-01-02,0.00201288
2019-01-03,0.00185015
2019-01-04,0.002058
2019-01-05,0.00199675
2019-01-06,0.00160581
2019-01-07,0.00244308
2019-01-08,0.0024068
2019-01-09,0.00233746
2019-01-10,0.00254864
2019-01-11,0.00199908
2019-01-12,0.00228017
2019-01-13,0.00210485
2019-01-14,0.00190483
2019-01-15,0.0021
2019-01-16,0.00152818
2019-01-17,0.00256457
2019-01-18,0.00275908
2019-01-19,0.0023531
2019-01-20,0.00278786
2019-01-21,0.00210716
2019-01-22,0.00127935
2019-01-23,0.00183218
2019-01-24,0.00190999
2019-01-25,0.00154595
2019-01-26,0.00135415
2019-01-27,0.00210688
2019-01-28,0.00208399
2019-01-29,0.00145036
2019-01-30,0.00154456
2019-01-31,0.000938221
2019-02-01,0.0013876
2019-02-02,0.00113021
2019-02-03,0.0012835
2019-02-04,0.00197823
2019-02-05,0.000822094
2019-02-06,0.00057348
2019-02-07,0.000627509
2019-02-08,0.000647694
2019-02-09,0.000709867
2019-02-10,0.0010874
2019-02-11,0.00218914
2019-02-12,0.00104531
2019-02-13,0.00108003
2019-02-14,0.000931557
2019-02-15,0.000949699
2019-02-16,0.00128565
2019-02-17,0.00306038
2019-02-18,0.00280886
2019-02-19,0.00246643
2019-02-20,0.00208445
2019-02-21,0.00276096
2019-02-22,0.00321919
2019-02-23,0.00280018
2019-02-24,0.0025529
2019-02-25,0.00296156
2019-02-26,0.00248585
2019-02-27,0.00220417
2019-02-28,0.00218241
2019-03-01,0.00198903
2019-03-02,0.00232192
2019-03-03,0.0016748
2019-03-04,0.00150812
2019-03-05,0.00160233
2019-03-06,0.00132078
2019-03-07,0.00277417
2019-03-08,0.00282479
2019-03-09,0.00278987
2019-03-10,0.00297161
2019-03-11,0.00288871
2019-03-12,0.00262546
2019-03-13,0.0021366
2019-03-14,0.00320226
2019-03-15,0.00250752
2019-03-16,0.00246159
2019-03-17,0.00260721
2019-03-18,0.00211778
2019-03-19,0.00125991
2019-03-20,0.00165367
2019-03-21,0.00208562
2019-03-22,0.00241427
2019-03-23,0.00152937
2019-03-24,0.00240734
2019-03-25,0.00252876
2019-03-26,0.0020419
2019-03-27,0.00293728
2019-03-28,0.00373519
2019-03-29,0.00336791
2019-03-30,0.00482612
2019-03-31,0.00588657
2019-04-01,0.00479367
2019-04-02,0.00350713
2019-04-03,0.00343044
2019-04-04,0.0110085
2019-04-05,0.0120795
2019-04-06,0.0106185
2019-04-07,0.0103072
2019-04-08,0.0102546
2019-04-09,0.00877244
2019-04-10,0.00585104
2019-04-11,0.0070048
2019-04-12,0.00611521
2019-04-13,0.00674497
2019-04-14,0.0060568
2019-04-15,0.00569246
2019-04-16,0.00508279
2019-04-17,0.00429689
2019-04-18,0.00482245
2019-04-19,0.00398258
2019-04-20,0.00388472
2019-04-21,0.00547168
2019-04-22,0.00618223
2019-04-23,0.0039882
2019-04-24,0.00447581
2019-04-25,0.00641957
2019-04-26,0.00512148
2019-04-27,0.00679933
2019-04-28,0.00749158
2019-04-29,0.00560242
2019-04-30,0.00611072
2019-05-01,0.00464422
2019-05-02,0.00555361
2019-05-03,0.00662723
2019-05-04,0.0064398
2019-05-05,0.00690853
2019-05-06,0.00829631
2019-05-07,0.00653567
2019-05-08,0.00607051
2019-05-09,0.00864099
2019-05-10,0.0084769
2019-05-11,0.00922949
2019-05-12,0.00978617
2019-05-13,0.0111178
2019-05-14,0.00675824
2019-05-15,0.00801522
2019-05-16,0.0090349
2019-05-17,0.0159845
2019-05-18,0.0165753
2019-05-19,0.0161364
2019-05-20,0.0141352
2019-05-21,0.0153942
2019-05-22,0.0187704
2019-05-23,0.0149501
2019-05-24,0.0129136
2019-05-25,0.014636
2019-05-26,0.0162035
2019-05-27,0.0110978
2019-05-28,0.0158996
2019-05-29,0.0146258
2019-05-30,0.0130651
2019-05-31,0.0152304
2019-06-01,0.0100339
2019-06-02,0.0133507
2019-06-03,0.00974107
2019-06-04,0.0118037
2019-06-05,0.0120265
2019-06-06,0.0081382
2019-06-07,0.00599578
2019-06-08,0.00743679
2019-06-09,0.0078744
2019-06-10,0.00693549
2019-06-11,0.00696328
2019-06-12,0.0051224
2019-06-13,0.00838691
2019-06-14,0.00895937
2019-06-15,0.00914798
2019-06-16,0.00777236
2019-06-17,0.00409225
2019-06-18,0.00523852
2019-06-19,0.00406126
2019-06-20,0.00632281
2019-06-21,0.00326167
2019-06-22,0.00762474
2019-06-23,0.00629381
2019-06-24,0.00814338
2019-06-25,0.00604305
2019-06-26,0.00630103
2019-06-27,0.00997844
2019-06-28,0.0119284
2019-06-29,0.0124959
2019-06-30,0.00751116
2019-07-01,0.00561026
2019-07-02,0.00598991
2019-07-03,0.00827556
2019-07-04,0.00551773
2019-07-05,0.0067599
2019-07-06,0.00491246
2019-07-07,0.0071219
2019-07-08,0.00507942
2019-07-09,0.00265949
2019-07-10,0.00294806
2019-07-11,0.00372539
2019-07-12,0.00264882
2019-07-13,0.0028013
2019-07-14,0.00278285
2019-07-15,0.00264623
2019-07-16,0.00345737
2019-07-17,0.00258718
2019-07-18,0.00295402
2019-07-19,0.00154855
2019-07-20,0.00544424
2019-07-21,0.00556702
2019-07-22,0.00260908
2019-07-23,0.000947043
2019-07-24,0.00435384
2019-07-25,0.00325231
2019-07-26,0.00284773
2019-07-27,0.00482748
2019-07-28,0.0053985
2019-07-29,0.00556628
2019-07-30,0.00149109
2019-07-31,0.00293386
2019-08-01,0.0034823
2019-08-02,0.00467555
2019-08-03,0.00569012
2019-08-04,0.00488139
2019-08-05,0.00342125
2019-08-06,0.00206859
2019-08-07,0.00277225
2019-08-08,0.00849762
2019-08-09,0.00477044
2019-08-10,0.004656
2019-08-11,0.00227902
2019-08-12,0.00524546
2019-08-13,0.00466805
2019-08-14,0.00583307
2019-08-15,0.0040374
2019-08-16,0.0035815
2019-08-17,0.00497911
2019-08-18,0.00222903
2019-08-19,0.00304791
2019-08-20,0.00480502
2019-08-21,0.000433794
2019-08-22,0.000218555
2019-08-23,0.000480639
2019-08-24,0.00604814
2019-08-25,0.006624
2019-08-26,0.00360962
2019-08-27,0.00325431
2019-08-28,0.00375362
2019-08-29,0.00377347
2019-08-30,0.00388118
2019-08-31,0.00407775
2019-09-01,0.00302471
2019-09-02,0.00237663
2019-09-03,0.0030799
2019-09-04,0.00376219
2019-09-05,0.00308088
2019-09-06,0.00297439
2019-09-07,0.00319047
2019-09-08,0.0042296
2019-09-09,0.00305203
2019-09-10,0.00382513
2019-09-11,0.00307241
2019-09-12,0.00308206
2019-09-13,0.00357307
2019-09-14,0.0039362
2019-09-15,0.003341
2019-09-16,0.00372655
2019-09-17,0.00295369
2019-09-18,0.00302003
2019-09-19,0.0040063
2019-09-20,0.00479143
2019-09-21,0.00370165
2019-09-22,0.00317627
2019-09-23,0.00111024
2019-09-24,0.00248474
2019-09-25,0.00289766
2019-09-26,0.00261337
2019-09-27,0.00289889
2019-09-28,0.00373306
2019-09-29,0.00342633
2019-09-30,0.00346522
2019-10-01,0.00377773
2019-10-02,0.00414198
2019-10-03,0.0044006
2019-10-04,0.00468235
2019-10-05,0.00385604
2019-10-06,0.00383104
2019-10-07,0.00311554
2019-10-08,0.00351435
2019-10-09,0.00326621
2019-10-10,0.00343914
2019-10-11,0.00408166
2019-10-12,0.00377439
2019-10-13,0.00440419
2019-10-14,0.00379374
2019-10-15,0.00294511
2019-10-16,0.00345223
2019-10-17,0.00270739
2019-10-18,0.00252725
2019-10-19,0.00238629
2019-10-20,0.00213962
2019-10-21,0.00222112
2019-10-22,0.00228124
2019-10-23,0.00196534
2019-10-24,0.00234754
2019-10-25,0.00292884
2019-10-26,0.00263423
2019-10-27,0.00498365
2019-10-28,0.00490276
2019-10-29,0.0019521
2019-10-30,0.00222677
2019-10-31,0.0017009
2019-11-01,0.00250817
2019-11-02,0.00332907
2019-11-03,0.00319779
2019-11-04,0.00322081
2019-11-05,0.00512504
2019-11-06,0.00371746
2019-11-07,0.002738
2019-11-08,0.00290141
2019-11-09,0.00296778
2019-11-10,0.00297138
2019-11-11,0.00331952
2019-11-12,0.00392423
2019-11-13,0.00267472
2019-11-14,0.00267385
2019-11-15,0.0024397
2019-11-16,0.00232648
2019-11-17,0.00331935
2019-11-18,0.00314368
2019-11-19,0.0021462
2019-11-20,0.00366566
2019-11-21,0.00331208
2019-11-22,0.00230717
2019-11-23,0.00255435
2019-11-24,0.00212735
2019-11-25,0.00206269
2019-11-26,0.00248464
2019-11-27,0.00342308
2019-11-28,0.00334528
2019-11-29,0.00339451
2019-11-30,0.00334557
2019-12-01,0.00359199
2019-12-02,0.00322289
2019-12-03,0.00303251
2019-12-04,0.00296312
2019-12-05,0.00126855
2019-12-06,0.00256081
2019-12-07,0.00110387
2019-12-08,0.00180429
2019-12-09,0.00205516
2019-12-10,0.00186807
2019-12-11,0.00187413
2019-12-12,0.00217962
2019-12-13,0.00272374
2019-12-14,0.00308781
2019-12-15,0.00205918
2019-12-16,0.00326797
2019-12-17,0.00285651
2019-12-18,0.00128508
2019-12-19,0.00235566
2019-12-20,0.00285491
2019-12-21,0.00255872
2019-12-22,0.00243154
2019-12-23,0.00168037
2019-12-24,0.0019962
2019-12-25,0.00245225
2019-12-26,0.00220212
2019-12-27,0.00266692
2019-12-28,0.00197412
2019-12-29,0.00203736
2019-12-30,0.0019771
2019-12-31,0.00173708
2020-01-01,0.00206437
2020-01-02,0.00225048
2020-01-03,0.00199098
2020-01-04,0.00161665
2020-01-05,0.00187407
2020-01-06,0.00210016
2020-01-07,0.00188117
2020-01-08,0.00324586
2020-01-09,0.0034652
2020-01-10,0.00246736
2020-01-11,0.00353345
2020-01-12,0.00313889
2020-01-13,0.00292921
2020-01-14,0.00255869
2020-01-15,0.00209325
2020-01-16,0.00197128
2020-01-17,0.00268207
2020-01-18,0.00218528
2020-01-19,0.00353155
2020-01-20,0.00255885
2020-01-21,0.00183534
2020-01-22,0.00310104
2020-01-23,0.00239405
2020-01-24,0.00242892
2020-01-25,0.00230218
2020-01-26,0.00238754
2020-01-27,0.00182138
2020-01-28,0.00132027
2020-01-29,0.00223005
2020-01-30,0.00230322
2020-01-31,0.00135926
2020-02-01,0.00187161
2020-02-02,0.00217993
2020-02-03,0.00237694
2020-02-04,0.00136692
2020-02-05,0.00268324
2020-02-06,0.0029429
2020-02-07,0.00173371
2020-02-08,0.00189313
2020-02-09,0.00282917
2020-02-10,0.00336662
2020-02-11,0.00269685
2020-02-12,0.00336679
2020-02-13,0.00342463
2020-02-14,0.00335302
2020-02-15,0.00308344
2020-02-16,0.00326611
2020-02-17,0.00220999
2020-02-18,0.0019686
2020-02-19,0.00292969
2020-02-20,0.00222966
2020-02-21,0.00270107
2020-02-22,0.0028635
2020-02-23,0.00314964
2020-02-24,0.00244848
2020-02-25,0.00288377
2020-02-26,0.00282756
2020-02-27,0.00328664
2020-02-28,0.00275816
2020-02-29,0.00259793
2020-03-01,0.00289948
2020-03-02,0.0025001
2020-03-03,0.0028066
2020-03-04,0.00310527
2020-03-05,0.00239527
2020-03-06,0.0028598
2020-03-07,0.00281819
2020-03-08,0.0030375
2020-03-09,0.00250024
2020-03-10,0.00211911
2020-03-11,0.00264907
2020-03-12,0.00174751
2020-03-13,0.00252133
2020-03-14,0.0036619
2020-03-15,0.00477046
2020-03-16,0.00504699
2020-03-17,0.0038463
2020-03-18,0.00413563
2020-03-19,0.00520448
2020-03-20,0.00523475
2020-03-21,0.00596385
2020-03-22,0.00665104
2020-03-23,0.00412048
2020-03-24,0.00497943
2020-03-25,0.00319365
2020-03-26,0.00520526
2020-03-27,0.00625092
2020-03-28,0.00391432
2020-03-29,0.00409605
2020-03-30,0.00325873
2020-03-31,0.00259948
2020-04-01,0.00277579
2020-04-02,0.0025831
2020-04-03,0.00250661
2020-04-04,0.00261514
2020-04-05,0.00194629
2020-04-06,0.00249761
2020-04-07,0.00195328
2020-04-08,0.00213953
2020-04-09,0.00303455
2020-04-10,0.00210275
2020-04-11,0.00190893
2020-04-12,0.00226865
2020-04-13,0.00255953
2020-04-14,0.00170495
2020-04-15,0.00292784
2020-04-16,0.00300636
2020-04-17,0.0025731
2020-04-18,0.00273917
2020-04-19,0.00314607
2020-04-20,0.00281103
2020-04-21,0.00262854
2020-04-22,0.00292042
2020-04-23,0.00303005
2020-04-24,0.00449296
2020-04-25,0.00286159
2020-04-26,0.00458822
2020-04-27,0.0038511
2020-04-28,0.0027324
2020-04-29,0.00317799
2020-04-30,0.00290986
2020-05-01,0.00539797
2020-05-02,0.0104665
2020-05-03,0.012292
2020-05-04,0.00784144
2020-05-05,0.00692966
2020-05-06,0.00688607
2020-05-07,0.00684091
2020-05-08,0.00597624
2020-05-09,0.00873763
2020-05-10,0.00756005
2020-05-11,0.00801377
2020-05-12,0.00778218
2020-05-13,0.00904382
2020-05-14,0.00982707
2020-05-15,0.0127452
2020-05-16,0.0164866
2020-05-17,0.0182921
2020-05-18,0.0174382
2020-05-19,0.0153385
2020-05-20,0.0154154
2020-05-21,0.0182716
2020-05-22,0.0195902
2020-05-23,0.0164776
2020-05-24,0.0196602
2020-05-25,0.0121674
2020-05-26,0.00839233
2020-05-27,0.00827711
2020-05-28,0.00697432
2020-05-29,0.0105595
2020-05-30,0.00915515
2020-05-31,0.0117853
2020-06-01,0.00812535
2020-06-02,0.00605523
2020-06-03,0.00639211
2020-06-04,0.00737525
2020-06-05,0.00533874
2020-06-06,0.00531069
2020-06-07,0.00646023
2020-06-08,0.0058485
2020-06-09,0.00421116
2020-06-10,0.00401359
2020-06-11,0.00324777
2020-06-12,0.0037887
2020-06-13,0.00362939
2020-06-14,0.00364324
2020-06-15,0.00334365
2020-06-16,0.00348995
2020-06-17,0.00371504
2020-06-18,0.00512602
2020-06-19,0.00565291
2020-06-20,0.00343255
2020-06-21,0.00546288
2020-06-22,0.00527162
2020-06-23,0.00338256
2020-06-24,0.00373031
2020-06-25,0.00315573
2020-06-26,0.00342524
2020-06-27,0.00279294
2020-06-28,0.00391787
2020-06-29,0.00291842
2020-06-30,0.00333595
2020-07-01,0.00386493
2020-07-02,0.00590449
2020-07-03,0.00548353
2020-07-04,0.00552122
2020-07-05,0.00470426
2020-07-06,0.00414829
2020-07-07,0.00319155
2020-07-08,0.00410064
2020-07-09,0.00440392
2020-07-10,0.00574486
2020-07-11,0.00493505
2020-07-12,0.00538014
2020-07-13,0.00268921
2020-07-14,0.00414806
2020-07-15,0.00691614
2020-07-16,0.00768527
2020-07-17,0.00814231
2020-07-18,0.00910174
2020-07-19,0.011488
2020-07-20,0.00702091
2020-07-21,0.00877293
2020-07-22,0.0117004
2020-07-23,0.014756
2020-07-24,0.0134353
2020-07-25,0.0112954
2020-07-26,0.0122601
2020-07-27,0.0103186
2020-07-28,0.00982184
2020-07-29,0.0151943
2020-07-30,0.0155543
2020-07-31,0.01711
2020-08-01,0.0165504
2020-08-02,0.0150426
2020-08-03,0.0132779
2020-08-04,0.0114864
2020-08-05,0.0113806
2020-08-06,0.013705
2020-08-07,0.016558
2020-08-08,0.0133373
2020-08-09,0.00979776
2020-08-10,0.00888492
2020-08-11,0.0133041
2020-08-12,0.0145503
2020-08-13,0.0128331
2020-08-14,0.011762
2020-08-15,0.00731807
2020-08-16,0.00457242
2020-08-17,0.00331554
2020-08-18,0.00288742
2020-08-19,0.00772815
2020-08-20,0.00783036
2020-08-21,0.00692275
2020-08-22,0.00944452
2020-08-23,0.00668919
2020-08-24,0.00433205
2020-08-25,0.00418606
2020-08-26,0.00572525
2020-08-27,0.00549153
2020-08-28,0.00613773
2020-08-29,0.00470472
2020-08-30,0.00371211
2020-08-31,0.00365574
2020-09-01,0.00341665
2020-09-02,0.00479185
2020-09-03,0.00554114
2020-09-04,0.00486896
2020-09-05,0.00595566
2020-09-06,0.00492929
2020-09-07,0.00295655
2020-09-08,0.00326347
2020-09-09,0.00304974
2020-09-10,0.00280607
2020-09-11,0.0030358
2020-09-12,0.00319296
2020-09-13,0.00221812
2020-09-14,0.00191462
2020-09-15,0.00276554
2020-09-16,0.00269446
2020-09-17,0.00244609
2020-09-18,0.00170212
2020-09-19,0.00192619
2020-09-20,0.00161054
2020-09-21,0.00142742
2020-09-22,0.00171747
2020-09-23,0.00281085
2020-09-24,0.00350359
2020-09-25,0.003679
2020-09-26,0.00263776
2020-09-27,0.00174074
2020-09-28,0.0018443
2020-09-29,0.00247711
2020-09-30,0.0032939
2020-10-01,0.00386027
2020-10-02,0.00543199
2020-10-03,0.00439182
2020-10-04,0.00324162
2020-10-05,0.00305603
2020-10-06,0.00472249
2020-10-07,0.00533881
2020-10-08,0.00519285
2020-10-09,0.0052628
2020-10-10,0.00398333
2020-10-11,0.00383078
2020-10-12,0.00246705
2020-10-13,0.00343227
2020-10-14,0.00321657
2020-10-15,0.00304627
2020-10-16,0.00305047
2020-10-17,0.00268956
2020-10-18,0.00145877
2020-10-19,0.00172691
2020-10-20,0.00146534
2020-10-21,0.00185993
2020-10-22,0.00315898
2020-10-23,0.00391904
2020-10-24,0.00573458
2020-10-25,0.00501938
2020-10-26,0.00398324
2020-10-27,0.00407281
2020-10-28,0.00785035
2020-10-29,0.00830698
2020-10-30,0.0107792
2020-10-31,0.0114769
2020-11-01,0.0155074
2020-11-02,0.00816729
2020-11-03,0.00826574
2020-11-04,0.00890183
2020-11-05,0.0100439
2020-11-06,0.00852937
2020-11-07,0.00741082
2020-11-08,0.00890721
2020-11-09,0.0063192
2020-11-10,0.00662811
2020-11-11,0.00713968
2020-11-12,0.00512433
2020-11-13,0.00531872
2020-11-14,0.0063774
2020-11-15,0.00304092
2020-11-16,0.00264564
2020-11-17,0.0022904
2020-11-18,0.0030304
2020-11-19,0.00327224
2020-11-20,0.00409855
2020-11-21,0.00307051
2020-11-22,0.00245153
2020-11-23,0.00166065
2020-11-24,0.00251779
2020-11-25,0.00385183
2020-11-26,0.0044693
2020-11-27,0.00453841