Date,Inflation Rate
2009-01-10,0
2011-02-06,174.722
2011-02-07,173.646
2011-02-08,172.767
2011-02-09,171.759
2011-02-10,171.09
2011-02-11,170.405
2011-02-12,169.63
2011-02-13,168.559
2011-02-14,167.665
2011-02-15,166.986
2011-02-16,166.26
2011-02-17,165.272
2011-02-18,164.492
2011-02-19,163.776
2011-02-20,162.843
2011-02-21,161.914
2011-02-22,160.755
2011-02-23,159.712
2011-02-24,159.239
2011-02-25,158.787
2011-02-26,158.273
2011-02-27,157.881
2011-02-28,157.514
2011-03-01,156.7
2011-03-02,155.89
2011-03-03,155.383
2011-03-04,154.729
2011-03-05,154.242
2011-03-06,153.85
2011-03-07,153.443
2011-03-08,153.205
2011-03-09,152.796
2011-03-10,152.239
2011-03-11,151.737
2011-03-12,151.349
2011-03-13,150.808
2011-03-14,150.374
2011-03-15,149.877
2011-03-16,149.432
2011-03-17,148.987
2011-03-18,148.534
2011-03-19,147.969
2011-03-20,147.187
2011-03-21,146.507
2011-03-22,145.877
2011-03-23,145.043
2011-03-24,144.485
2011-03-25,143.837
2011-03-26,143.188
2011-03-27,142.567
2011-03-28,141.921
2011-03-29,141.286
2011-03-30,140.546
2011-03-31,139.829
2011-04-01,139.412
2011-04-02,139.006
2011-04-03,138.586
2011-04-04,138.11
2011-04-05,137.731
2011-04-06,137.357
2011-04-07,136.733
2011-04-08,136.154
2011-04-09,135.591
2011-04-10,134.68
2011-04-11,133.984
2011-04-12,133.366
2011-04-13,132.818
2011-04-14,132.376
2011-04-15,131.707
2011-04-16,131.059
2011-04-17,130.404
2011-04-18,129.662
2011-04-19,128.922
2011-04-20,128.318
2011-04-21,127.639
2011-04-22,127.23
2011-04-23,126.917
2011-04-24,126.522
2011-04-25,126.153
2011-04-26,125.817
2011-04-27,125.421
2011-04-28,125.005
2011-04-29,124.695
2011-04-30,124.465
2011-05-01,124.055
2011-05-02,123.745
2011-05-03,123.453
2011-05-04,123.255
2011-05-05,123.056
2011-05-06,122.849
2011-05-07,122.71
2011-05-08,122.476
2011-05-09,122.297
2011-05-10,122.214
2011-05-11,122.1
2011-05-12,121.936
2011-05-13,121.729
2011-05-14,121.612
2011-05-15,121.684
2011-05-16,121.629
2011-05-17,121.505
2011-05-18,121.301
2011-05-19,121.168
2011-05-20,120.678
2011-05-21,120.382
2011-05-22,120.015
2011-05-23,119.644
2011-05-24,119.424
2011-05-25,119.143
2011-05-26,118.83
2011-05-27,118.616
2011-05-28,118.067
2011-05-29,117.646
2011-05-30,117.4
2011-05-31,117.137
2011-06-01,116.894
2011-06-02,116.673
2011-06-03,116.438
2011-06-04,116.322
2011-06-05,116.172
2011-06-06,115.984
2011-06-07,115.807
2011-06-08,115.515
2011-06-09,115.22
2011-06-10,115.017
2011-06-11,114.789
2011-06-12,114.726
2011-06-13,114.502
2011-06-14,114.308
2011-06-15,114.067
2011-06-16,114.026
2011-06-17,113.81
2011-06-18,113.592
2011-06-19,113.392
2011-06-20,113.114
2011-06-21,112.962
2011-06-22,112.835
2011-06-23,112.614
2011-06-24,112.423
2011-06-25,112.26
2011-06-26,111.95
2011-06-27,111.588
2011-06-28,111.347
2011-06-29,111.036
2011-06-30,110.702
2011-07-01,110.305
2011-07-02,110.026
2011-07-03,109.595
2011-07-04,109.311
2011-07-05,108.994
2011-07-06,108.662
2011-07-07,108.402
2011-07-08,108.12
2011-07-09,107.738
2011-07-10,107.336
2011-07-11,106.979
2011-07-12,105.156
2011-07-13,103.245
2011-07-14,101.787
2011-07-15,100.15
2011-07-16,98.9127
2011-07-17,98.6407
2011-07-18,98.3917
2011-07-19,98.1383
2011-07-20,97.8257
2011-07-21,97.451
2011-07-22,97.1705
2011-07-23,96.8392
2011-07-24,96.5167
2011-07-25,96.1071
2011-07-26,95.6656
2011-07-27,95.4551
2011-07-28,95.2621
2011-07-29,94.9856
2011-07-30,94.7177
2011-07-31,94.3772
2011-08-01,93.9732
2011-08-02,93.55
2011-08-03,93.1544
2011-08-04,92.723
2011-08-05,92.322
2011-08-06,92.1258
2011-08-07,91.8847
2011-08-08,91.5348
2011-08-09,91.2239
2011-08-10,90.9255
2011-08-11,90.5283
2011-08-12,90.1544
2011-08-13,89.7798
2011-08-14,89.238
2011-08-15,88.8901
2011-08-16,88.6913
2011-08-17,88.5626
2011-08-18,88.4097
2011-08-19,88.2629
2011-08-20,87.9547
2011-08-21,87.7255
2011-08-22,87.4114
2011-08-23,87.1085
2011-08-24,86.7839
2011-08-25,86.4313
2011-08-26,86.0965
2011-08-27,85.8735
2011-08-28,85.6215
2011-08-29,85.382
2011-08-30,85.2031
2011-08-31,84.9517
2011-09-01,84.7772
2011-09-02,84.5725
2011-09-03,84.3842
2011-09-04,84.1426
2011-09-05,83.9257
2011-09-06,83.7541
2011-09-07,83.5721
2011-09-08,83.3602
2011-09-09,83.21
2011-09-10,82.9946
2011-09-11,82.793
2011-09-12,82.5429
2011-09-13,82.3178
2011-09-14,82.0319
2011-09-15,81.8298
2011-09-16,81.5277
2011-09-17,81.206
2011-09-18,80.8395
2011-09-19,80.5674
2011-09-20,80.2718
2011-09-21,80.0623
2011-09-22,79.8567
2011-09-23,79.5224
2011-09-24,79.1847
2011-09-25,78.8899
2011-09-26,78.6106
2011-09-27,78.2772
2011-09-28,77.9809
2011-09-29,77.8061
2011-09-30,77.6439
2011-10-01,77.4616
2011-10-02,77.4202
2011-10-03,77.3058
2011-10-04,77.1546
2011-10-05,77.0216
2011-10-06,76.8335
2011-10-07,76.649
2011-10-08,76.4897
2011-10-09,76.3001
2011-10-10,76.079
2011-10-11,75.8935
2011-10-12,75.6817
2011-10-13,75.459
2011-10-14,75.1506
2011-10-15,74.9502
2011-10-16,74.5795
2011-10-17,74.1692
2011-10-18,73.8026
2011-10-19,73.4265
2011-10-20,73.0516
2011-10-21,72.8133
2011-10-22,72.6465
2011-10-23,72.4123
2011-10-24,72.1314
2011-10-25,71.8774
2011-10-26,71.5525
2011-10-27,71.2703
2011-10-28,70.9586
2011-10-29,70.6463
2011-10-30,70.289
2011-10-31,70.071
2011-11-01,69.8801
2011-11-02,69.7132
2011-11-03,69.5248
2011-11-04,69.2841
2011-11-05,69.0352
2011-11-06,68.7882
2011-11-07,68.4972
2011-11-08,68.1314
2011-11-09,67.8938
2011-11-10,67.6962
2011-11-11,67.4482
2011-11-12,67.2688
2011-11-13,67.0177
2011-11-14,66.7091
2011-11-15,66.5023
2011-11-16,66.3257
2011-11-17,66.0276
2011-11-18,65.7175
2011-11-19,65.5931
2011-11-20,65.5189
2011-11-21,65.4237
2011-11-22,65.2612
2011-11-23,65.1635
2011-11-24,64.9944
2011-11-25,64.7966
2011-11-26,64.6002
2011-11-27,64.4131
2011-11-28,64.2343
2011-11-29,64.0058
2011-11-30,63.8019
2011-12-01,63.6482
2011-12-02,63.5162
2011-12-03,63.3453
2011-12-04,63.113
2011-12-05,62.8481
2011-12-06,62.6041
2011-12-07,62.3781
2011-12-08,62.1208
2011-12-09,61.9167
2011-12-10,61.8228
2011-12-11,61.6795
2011-12-12,61.5515
2011-12-13,61.448
2011-12-14,61.3004
2011-12-15,61.1336
2011-12-16,60.9633
2011-12-17,60.8113
2011-12-18,60.7004
2011-12-19,60.5464
2011-12-20,60.4488
2011-12-21,60.2661
2011-12-22,60.1625
2011-12-23,60.0775
2011-12-24,59.9819
2011-12-25,59.8574
2011-12-26,59.7994
2011-12-27,59.7109
2011-12-28,59.5859
2011-12-29,59.4776
2011-12-30,59.3464
2011-12-31,59.2308
2012-01-01,59.0944
2012-01-02,58.9699
2012-01-03,58.8738
2012-01-04,58.8095
2012-01-05,58.7151
2012-01-06,58.6393
2012-01-07,58.5515
2012-01-08,58.4674
2012-01-09,58.3738
2012-01-10,58.2831
2012-01-11,58.1547
2012-01-12,58.0461
2012-01-13,57.9075
2012-01-14,57.7656
2012-01-15,57.6706
2012-01-16,57.5393
2012-01-17,57.4326
2012-01-18,57.3698
2012-01-19,57.2365
2012-01-20,57.0992
2012-01-21,56.9751
2012-01-22,56.8844
2012-01-23,56.759
2012-01-24,56.6396
2012-01-25,56.5389
2012-01-26,56.4112
2012-01-27,56.3042
2012-01-28,56.2034
2012-01-29,56.1022
2012-01-30,56.0296
2012-01-31,55.9413
2012-02-01,55.8413
2012-02-02,55.7419
2012-02-03,55.6569
2012-02-04,55.5214
2012-02-05,55.4073
2012-02-06,55.2825
2012-02-07,55.1241
2012-02-08,55.0085
2012-02-09,54.8661
2012-02-10,54.7329
2012-02-11,54.5936
2012-02-12,54.4515
2012-02-13,54.3146
2012-02-14,54.1616
2012-02-15,53.9688
2012-02-16,53.7633
2012-02-17,53.5637
2012-02-18,53.4045
2012-02-19,53.3349
2012-02-20,53.2018
2012-02-21,53.0584
2012-02-22,52.8817
2012-02-23,52.6886
2012-02-24,52.5525
2012-02-25,52.3766
2012-02-26,52.1459
2012-02-27,51.9466
2012-02-28,51.88
2012-02-29,51.8464
2012-03-01,51.7781
2012-03-02,51.6605
2012-03-03,51.4806
2012-03-04,51.2072
2012-03-05,50.9604
2012-03-06,50.8063
2012-03-07,50.6778
2012-03-08,50.6007
2012-03-09,50.5921
2012-03-10,50.5676
2012-03-11,50.5272
2012-03-12,50.4901
2012-03-13,50.4878
2012-03-14,50.4803
2012-03-15,50.4209
2012-03-16,50.3409
2012-03-17,50.3169
2012-03-18,50.3144
2012-03-19,50.2742
2012-03-20,50.2049
2012-03-21,50.1885
2012-03-22,50.1207
2012-03-23,50.0596
2012-03-24,49.9435
2012-03-25,49.9236
2012-03-26,49.8739
2012-03-27,49.7866
2012-03-28,49.7104
2012-03-29,49.6383
2012-03-30,49.5006
2012-03-31,49.4067
2012-04-01,49.3217
2012-04-02,49.2194
2012-04-03,49.0912
2012-04-04,48.9576
2012-04-05,48.8851
2012-04-06,48.7995
2012-04-07,48.7049
2012-04-08,48.6173
2012-04-09,48.5264
2012-04-10,48.4449
2012-04-11,48.3644
2012-04-12,48.2403
2012-04-13,48.1472
2012-04-14,48.081
2012-04-15,47.9823
2012-04-16,47.8483
2012-04-17,47.7905
2012-04-18,47.7128
2012-04-19,47.6435
2012-04-20,47.5933
2012-04-21,47.5049
2012-04-22,47.4217
2012-04-23,47.3393
2012-04-24,47.2163
2012-04-25,47.0925
2012-04-26,46.9746
2012-04-27,46.9033
2012-04-28,46.772
2012-04-29,46.6685
2012-04-30,46.5996
2012-05-01,46.5093
2012-05-02,46.413
2012-05-03,46.2994
2012-05-04,46.1656
2012-05-05,46.0368
2012-05-06,45.918
2012-05-07,45.7913
2012-05-08,45.6463
2012-05-09,45.5728
2012-05-10,45.482
2012-05-11,45.3874
2012-05-12,45.2597
2012-05-13,45.0795
2012-05-14,44.9352
2012-05-15,44.7593
2012-05-16,44.5652
2012-05-17,44.329
2012-05-18,44.2245
2012-05-19,44.0871
2012-05-20,43.9534
2012-05-21,43.7748
2012-05-22,43.5488
2012-05-23,43.3003
2012-05-24,43.0558
2012-05-25,42.8209
2012-05-26,42.7286
2012-05-27,42.6664
2012-05-28,42.5897
2012-05-29,42.529
2012-05-30,42.4603
2012-05-31,42.3535
2012-06-01,42.2502
2012-06-02,42.1448
2012-06-03,42.0217
2012-06-04,41.9112
2012-06-05,41.7752
2012-06-06,41.7024
2012-06-07,41.6181
2012-06-08,41.4829
2012-06-09,41.3486
2012-06-10,41.2063
2012-06-11,41.0813
2012-06-12,40.9433
2012-06-13,40.7965
2012-06-14,40.6113
2012-06-15,40.5374
2012-06-16,40.4596
2012-06-17,40.3679
2012-06-18,40.255
2012-06-19,40.1391
2012-06-20,39.9823
2012-06-21,39.8173
2012-06-22,39.6672
2012-06-23,39.5442
2012-06-24,39.5176
2012-06-25,39.46
2012-06-26,39.3988
2012-06-27,39.3435
2012-06-28,39.2862
2012-06-29,39.19
2012-06-30,39.1194
2012-07-01,39.0427
2012-07-02,38.9778
2012-07-03,38.9153
2012-07-04,38.8908
2012-07-05,38.8404
2012-07-06,38.8124
2012-07-07,38.7577
2012-07-08,38.7276
2012-07-09,38.7003
2012-07-10,38.66
2012-07-11,38.6266
2012-07-12,38.5305
2012-07-13,38.4942
2012-07-14,38.4492
2012-07-15,38.408
2012-07-16,38.3383
2012-07-17,38.2762
2012-07-18,38.2584
2012-07-19,38.2212
2012-07-20,38.1666
2012-07-21,38.1225
2012-07-22,38.0785
2012-07-23,38.0246
2012-07-24,37.9618
2012-07-25,37.9026
2012-07-26,37.8448
2012-07-27,37.8126
2012-07-28,37.778
2012-07-29,37.7374
2012-07-30,37.6834
2012-07-31,37.6466
2012-08-01,37.5878
2012-08-02,37.529
2012-08-03,37.5201
2012-08-04,37.4983
2012-08-05,37.4899
2012-08-06,37.4655
2012-08-07,37.432
2012-08-08,37.4058
2012-08-09,37.3753
2012-08-10,37.3624
2012-08-11,37.3454
2012-08-12,37.3379
2012-08-13,37.3221
2012-08-14,37.3099
2012-08-15,37.2782
2012-08-16,37.2642
2012-08-17,37.2334
2012-08-18,37.2039
2012-08-19,37.1633
2012-08-20,37.137
2012-08-21,37.0963
2012-08-22,37.0686
2012-08-23,37.0492
2012-08-24,37.0351
2012-08-25,36.9977
2012-08-26,36.9773
2012-08-27,36.9913
2012-08-28,36.9606
2012-08-29,36.9264
2012-08-30,36.8955
2012-08-31,36.8798
2012-09-01,36.8286
2012-09-02,36.8026
2012-09-03,36.7892
2012-09-04,36.7501
2012-09-05,36.713
2012-09-06,36.7089
2012-09-07,36.7052
2012-09-08,36.6758
2012-09-09,36.6504
2012-09-10,36.6423
2012-09-11,36.6204
2012-09-12,36.5867
2012-09-13,36.5561
2012-09-14,36.4991
2012-09-15,36.4988
2012-09-16,36.4721
2012-09-17,36.4346
2012-09-18,36.431
2012-09-19,36.4146
2012-09-20,36.3749
2012-09-21,36.3409
2012-09-22,36.3325
2012-09-23,36.3196
2012-09-24,36.3
2012-09-25,36.2799
2012-09-26,36.2512
2012-09-27,36.2102
2012-09-28,36.2039
2012-09-29,36.1984
2012-09-30,36.1803
2012-10-01,36.1764
2012-10-02,36.1315
2012-10-03,36.1271
2012-10-04,36.0837
2012-10-05,36.0546
2012-10-06,36.0197
2012-10-07,36.0151
2012-10-08,35.983
2012-10-09,35.9902
2012-10-10,36.0006
2012-10-11,35.9911
2012-10-12,35.9952
2012-10-13,35.9684
2012-10-14,35.9455
2012-10-15,35.9223
2012-10-16,35.928
2012-10-17,35.9226
2012-10-18,35.8967
2012-10-19,35.8972
2012-10-20,35.8776
2012-10-21,35.8941
2012-10-22,35.9036
2012-10-23,35.8932
2012-10-24,35.8632
2012-10-25,35.8652
2012-10-26,35.8699
2012-10-27,35.8847
2012-10-28,35.8989
2012-10-29,35.9089
2012-10-30,35.8957
2012-10-31,35.8555
2012-11-01,35.8125
2012-11-02,35.7909
2012-11-03,35.7536
2012-11-04,35.7193
2012-11-05,35.6941
2012-11-06,35.6815
2012-11-07,35.6375
2012-11-08,35.5972
2012-11-09,35.5729
2012-11-10,35.5668
2012-11-11,35.5342
2012-11-12,35.5028
2012-11-13,35.4625
2012-11-14,35.4081
2012-11-15,35.3822
2012-11-16,35.3482
2012-11-17,35.3255
2012-11-18,35.3083
2012-11-19,35.2775
2012-11-20,35.2686
2012-11-21,35.2412
2012-11-22,35.2223
2012-11-23,35.2166
2012-11-24,35.204
2012-11-25,35.1967
2012-11-26,35.1915
2012-11-27,35.182
2012-11-28,35.1572
2012-11-29,35.1067
2012-11-30,35.0021
2012-12-01,34.9157
2012-12-02,34.8377
2012-12-03,34.766
2012-12-04,34.6768
2012-12-05,34.5653
2012-12-06,34.4857
2012-12-07,34.3886
2012-12-08,34.3038
2012-12-09,34.2246
2012-12-10,34.1348
2012-12-11,34.072
2012-12-12,34.0053
2012-12-13,33.9164
2012-12-14,33.8628
2012-12-15,33.7963
2012-12-16,33.7059
2012-12-17,33.6193
2012-12-18,33.5273
2012-12-19,33.4538
2012-12-20,33.3732
2012-12-21,33.2822
2012-12-22,33.2027
2012-12-23,33.1293
2012-12-24,33.0221
2012-12-25,32.9157
2012-12-26,32.8337
2012-12-27,32.753
2012-12-28,32.6871
2012-12-29,32.6221
2012-12-30,32.542
2012-12-31,32.4672
2013-01-01,32.3917
2013-01-02,32.311
2013-01-03,32.2359
2013-01-04,32.1654
2013-01-05,32.0725
2013-01-06,31.9655
2013-01-07,31.8771
2013-01-08,31.7952
2013-01-09,31.7214
2013-01-10,31.637
2013-01-11,31.5563
2013-01-12,31.4788
2013-01-13,31.3948
2013-01-14,31.3233
2013-01-15,31.2302
2013-01-16,31.1407
2013-01-17,31.0779
2013-01-18,30.9913
2013-01-19,30.9111
2013-01-20,30.8276
2013-01-21,30.7585
2013-01-22,30.663
2013-01-23,30.596
2013-01-24,30.5165
2013-01-25,30.4542
2013-01-26,30.3839
2013-01-27,30.3163
2013-01-28,30.2299
2013-01-29,30.1385
2013-01-30,30.068
2013-01-31,30.0032
2013-02-01,29.9364
2013-02-02,29.8566
2013-02-03,29.7796
2013-02-04,29.7245
2013-02-05,29.6597
2013-02-06,29.6029
2013-02-07,29.5337
2013-02-08,29.4669
2013-02-09,29.4049
2013-02-10,29.3312
2013-02-11,29.2568
2013-02-12,29.1983
2013-02-13,29.1331
2013-02-14,29.0807
2013-02-15,29.0193
2013-02-16,28.9555
2013-02-17,28.8803
2013-02-18,28.8148
2013-02-19,28.7553
2013-02-20,28.7037
2013-02-21,28.6394
2013-02-22,28.5647
2013-02-23,28.5014
2013-02-24,28.4242
2013-02-25,28.3563
2013-02-26,28.2999
2013-02-27,28.2272
2013-02-28,28.1486
2013-03-01,28.0839
2013-03-02,28.0274
2013-03-03,27.9849
2013-03-04,27.929
2013-03-05,27.8725
2013-03-06,27.8103
2013-03-07,27.7401
2013-03-08,27.6701
2013-03-09,27.5912
2013-03-10,27.5173
2013-03-11,27.4708
2013-03-12,27.395
2013-03-13,27.3153
2013-03-14,27.2592
2013-03-15,27.2216
2013-03-16,27.1582
2013-03-17,27.0833
2013-03-18,27.0257
2013-03-19,26.9754
2013-03-20,26.9067
2013-03-21,26.8515
2013-03-22,26.7985
2013-03-23,26.7723
2013-03-24,26.7001
2013-03-25,26.6397
2013-03-26,26.5708
2013-03-27,26.5003
2013-03-28,26.429
2013-03-29,26.3786
2013-03-30,26.3167
2013-03-31,26.2429
2013-04-01,26.1884
2013-04-02,26.1612
2013-04-03,26.1168
2013-04-04,26.0679
2013-04-05,26.0275
2013-04-06,25.9746
2013-04-07,25.9282
2013-04-08,25.8671
2013-04-09,25.8064
2013-04-10,25.751
2013-04-11,25.7044
2013-04-12,25.659
2013-04-13,25.6202
2013-04-14,25.5683
2013-04-15,25.5354
2013-04-16,25.475
2013-04-17,25.4291
2013-04-18,25.385
2013-04-19,25.3151
2013-04-20,25.2446
2013-04-21,25.179
2013-04-22,25.1297
2013-04-23,25.0774
2013-04-24,25.0274
2013-04-25,24.9835
2013-04-26,24.9228
2013-04-27,24.8759
2013-04-28,24.8105
2013-04-29,24.7346
2013-04-30,24.658
2013-05-01,24.5809
2013-05-02,24.5185
2013-05-03,24.4465
2013-05-04,24.3727
2013-05-05,24.301
2013-05-06,24.2332
2013-05-07,24.1616
2013-05-08,24.0866
2013-05-09,24.0178
2013-05-10,23.9744
2013-05-11,23.9236
2013-05-12,23.886
2013-05-13,23.8364
2013-05-14,23.7891
2013-05-15,23.7426
2013-05-16,23.6987
2013-05-17,23.6602
2013-05-18,23.6055
2013-05-19,23.5448
2013-05-20,23.4937
2013-05-21,23.4434
2013-05-22,23.4068
2013-05-23,23.3613
2013-05-24,23.3243
2013-05-25,23.2886
2013-05-26,23.2377
2013-05-27,23.1748
2013-05-28,23.127
2013-05-29,23.0852
2013-05-30,23.0429
2013-05-31,22.9989
2013-06-01,22.9444
2013-06-02,22.895
2013-06-03,22.8466
2013-06-04,22.8008
2013-06-05,22.7604
2013-06-06,22.7081
2013-06-07,22.6645
2013-06-08,22.6141
2013-06-09,22.5493
2013-06-10,22.4819
2013-06-11,22.436
2013-06-12,22.3812
2013-06-13,22.3367
2013-06-14,22.2837
2013-06-15,22.2272
2013-06-16,22.1708
2013-06-17,22.1126
2013-06-18,22.0363
2013-06-19,21.9773
2013-06-20,21.9186
2013-06-21,21.8708
2013-06-22,21.8255
2013-06-23,21.7654
2013-06-24,21.724
2013-06-25,21.6636
2013-06-26,21.6085
2013-06-27,21.5488
2013-06-28,21.5044
2013-06-29,21.4546
2013-06-30,21.4141
2013-07-01,21.3628
2013-07-02,21.3062
2013-07-03,21.2435
2013-07-04,21.1956
2013-07-05,21.1466
2013-07-06,21.0961
2013-07-07,21.0389
2013-07-08,20.99
2013-07-09,20.9362
2013-07-10,20.8891
2013-07-11,20.8549
2013-07-12,20.8049
2013-07-13,20.7415
2013-07-14,20.6802
2013-07-15,20.6364
2013-07-16,20.5841
2013-07-17,20.518
2013-07-18,20.468
2013-07-19,20.4247
2013-07-20,20.3759
2013-07-21,20.3356
2013-07-22,20.2898
2013-07-23,20.2441
2013-07-24,20.1795
2013-07-25,20.1204
2013-07-26,20.0523
2013-07-27,19.9834
2013-07-28,19.9348
2013-07-29,19.8746
2013-07-30,19.811
2013-07-31,19.7811
2013-08-01,19.747
2013-08-02,19.6902
2013-08-03,19.6392
2013-08-04,19.5864
2013-08-05,19.5465
2013-08-06,19.5087
2013-08-07,19.4563
2013-08-08,19.4018
2013-08-09,19.3497
2013-08-10,19.3039
2013-08-11,19.2545
2013-08-12,19.2124
2013-08-13,19.1697
2013-08-14,19.1204
2013-08-15,19.0612
2013-08-16,19.0105
2013-08-17,18.9693
2013-08-18,18.9258
2013-08-19,18.8644
2013-08-20,18.8037
2013-08-21,18.7471
2013-08-22,18.7024
2013-08-23,18.6574
2013-08-24,18.6177
2013-08-25,18.5808
2013-08-26,18.511
2013-08-27,18.4657
2013-08-28,18.4176
2013-08-29,18.3616
2013-08-30,18.3169
2013-08-31,18.2848
2013-09-01,18.2446
2013-09-02,18.2023
2013-09-03,18.1627
2013-09-04,18.1202
2013-09-05,18.0538
2013-09-06,17.9969
2013-09-07,17.9435
2013-09-08,17.8937
2013-09-09,17.8387
2013-09-10,17.8007
2013-09-11,17.7628
2013-09-12,17.7212
2013-09-13,17.6978
2013-09-14,17.6532
2013-09-15,17.6228
2013-09-16,17.5731
2013-09-17,17.5127
2013-09-18,17.4591
2013-09-19,17.4175
2013-09-20,17.3757
2013-09-21,17.3265
2013-09-22,17.2817
2013-09-23,17.2398
2013-09-24,17.2027
2013-09-25,17.1743
2013-09-26,17.1439
2013-09-27,17.0903
2013-09-28,17.0426
2013-09-29,16.9888
2013-09-30,16.9386
2013-10-01,16.903
2013-10-02,16.8648
2013-10-03,16.835
2013-10-04,16.8085
2013-10-05,16.7744
2013-10-06,16.7391
2013-10-07,16.7126
2013-10-08,16.6486
2013-10-09,16.6068
2013-10-10,16.565
2013-10-11,16.533
2013-10-12,16.493
2013-10-13,16.4609
2013-10-14,16.4425
2013-10-15,16.4072
2013-10-16,16.3824
2013-10-17,16.3528
2013-10-18,16.3042
2013-10-19,16.2743
2013-10-20,16.2389
2013-10-21,16.1961
2013-10-22,16.1584
2013-10-23,16.1445
2013-10-24,16.1066
2013-10-25,16.0781
2013-10-26,16.042
2013-10-27,15.9874
2013-10-28,15.9372
2013-10-29,15.8907
2013-10-30,15.849
2013-10-31,15.8154
2013-11-01,15.7896
2013-11-02,15.7597
2013-11-03,15.7268
2013-11-04,15.6853
2013-11-05,15.6429
2013-11-06,15.6095
2013-11-07,15.5611
2013-11-08,15.51
2013-11-09,15.4576
2013-11-10,15.4131
2013-11-11,15.3726
2013-11-12,15.3442
2013-11-13,15.3149
2013-11-14,15.276
2013-11-15,15.2446
2013-11-16,15.2042
2013-11-17,15.1734
2013-11-18,15.1374
2013-11-19,15.0942
2013-11-20,15.0517
2013-11-21,15.0073
2013-11-22,14.9639
2013-11-23,14.9155
2013-11-24,14.8732
2013-11-25,14.8333
2013-11-26,14.7886
2013-11-27,14.7455
2013-11-28,14.7099
2013-11-29,14.7077
2013-11-30,14.7147
2013-12-01,14.711
2013-12-02,14.7184
2013-12-03,14.7161
2013-12-04,14.7331
2013-12-05,14.7405
2013-12-06,14.7435
2013-12-07,14.7577
2013-12-08,14.7664
2013-12-09,14.7784
2013-12-10,14.7812
2013-12-11,14.7875
2013-12-12,14.7913
2013-12-13,14.7943
2013-12-14,14.8067
2013-12-15,14.822
2013-12-16,14.8337
2013-12-17,14.8449
2013-12-18,14.8589
2013-12-19,14.8674
2013-12-20,14.8921
2013-12-21,14.8999
2013-12-22,14.8964
2013-12-23,14.9033
2013-12-24,14.9078
2013-12-25,14.9141
2013-12-26,14.9105
2013-12-27,14.9107
2013-12-28,14.9083
2013-12-29,14.9047
2013-12-30,14.8993
2013-12-31,14.8973
2014-01-01,14.8968
2014-01-02,14.9037
2014-01-03,14.8914
2014-01-04,14.8879
2014-01-05,14.883
2014-01-06,14.8892
2014-01-07,14.8875
2014-01-08,14.8932
2014-01-09,14.9035
2014-01-10,14.9124
2014-01-11,14.9247
2014-01-12,14.9411
2014-01-13,14.9538
2014-01-14,14.9511
2014-01-15,14.9565
2014-01-16,14.9643
2014-01-17,14.9778
2014-01-18,14.9808
2014-01-19,14.9801
2014-01-20,14.9846
2014-01-21,14.9947
2014-01-22,14.9948
2014-01-23,15.0058
2014-01-24,15.0053
2014-01-25,15.0126
2014-01-26,15.0093
2014-01-27,15.0042
2014-01-28,15.0054
2014-01-29,14.9989
2014-01-30,14.9933
2014-01-31,14.9826
2014-02-01,14.9861
2014-02-02,14.9891
2014-02-03,14.9826
2014-02-04,14.9809
2014-02-05,14.9762
2014-02-06,14.9763
2014-02-07,14.9774
2014-02-08,14.9731
2014-02-09,14.9772
2014-02-10,14.9662
2014-02-11,14.96
2014-02-12,14.961
2014-02-13,14.9567
2014-02-14,14.9577
2014-02-15,14.9543
2014-02-16,14.9473
2014-02-17,14.9424
2014-02-18,14.9354
2014-02-19,14.9308
2014-02-20,14.9258
2014-02-21,14.9199
2014-02-22,14.9099
2014-02-23,14.908
2014-02-24,14.9054
2014-02-25,14.8951
2014-02-26,14.8885
2014-02-27,14.8798
2014-02-28,14.8786
2014-03-01,14.8801
2014-03-02,14.8749
2014-03-03,14.8645
2014-03-04,14.8513
2014-03-05,14.8488
2014-03-06,14.8438
2014-03-07,14.8413
2014-03-08,14.8372
2014-03-09,14.8312
2014-03-10,14.8241
2014-03-11,14.815
2014-03-12,14.818
2014-03-13,14.8184
2014-03-14,14.8084
2014-03-15,14.7936
2014-03-16,14.7854
2014-03-17,14.7696
2014-03-18,14.7566
2014-03-19,14.7453
2014-03-20,14.7265
2014-03-21,14.7098
2014-03-22,14.6923
2014-03-23,14.6743
2014-03-24,14.6736
2014-03-25,14.6789
2014-03-26,14.6752
2014-03-27,14.6769
2014-03-28,14.6688
2014-03-29,14.663
2014-03-30,14.6576
2014-03-31,14.6454
2014-04-01,14.6347
2014-04-02,14.6264
2014-04-03,14.6256
2014-04-04,14.6318
2014-04-05,14.635
2014-04-06,14.6314
2014-04-07,14.623
2014-04-08,14.6169
2014-04-09,14.6015
2014-04-10,14.5884
2014-04-11,14.582
2014-04-12,14.5753
2014-04-13,14.5685
2014-04-14,14.5711
2014-04-15,14.5723
2014-04-16,14.5676
2014-04-17,14.5592
2014-04-18,14.5593
2014-04-19,14.56
2014-04-20,14.5561
2014-04-21,14.5508
2014-04-22,14.5498
2014-04-23,14.5411
2014-04-24,14.5365
2014-04-25,14.5261
2014-04-26,14.523
2014-04-27,14.5218
2014-04-28,14.516
2014-04-29,14.5053
2014-04-30,14.5054
2014-05-01,14.4973
2014-05-02,14.5024
2014-05-03,14.5033
2014-05-04,14.4943
2014-05-05,14.4858
2014-05-06,14.4712
2014-05-07,14.4716
2014-05-08,14.4649
2014-05-09,14.4602
2014-05-10,14.4542
2014-05-11,14.4476
2014-05-12,14.4386
2014-05-13,14.4307
2014-05-14,14.4275
2014-05-15,14.425
2014-05-16,14.4256
2014-05-17,14.4246
2014-05-18,14.4252
2014-05-19,14.4237
2014-05-20,14.4283
2014-05-21,14.4292
2014-05-22,14.4284
2014-05-23,14.4224
2014-05-24,14.416
2014-05-25,14.4083
2014-05-26,14.4026
2014-05-27,14.3929
2014-05-28,14.3829
2014-05-29,14.3778
2014-05-30,14.3636
2014-05-31,14.3562
2014-06-01,14.3347
2014-06-02,14.323
2014-06-03,14.3118
2014-06-04,14.2972
2014-06-05,14.2907
2014-06-06,14.2785
2014-06-07,14.2685
2014-06-08,14.257
2014-06-09,14.2469
2014-06-10,14.2374
2014-06-11,14.2288
2014-06-12,14.2098
2014-06-13,14.2008
2014-06-14,14.1914
2014-06-15,14.1871
2014-06-16,14.1824
2014-06-17,14.1873
2014-06-18,14.1927
2014-06-19,14.1933
2014-06-20,14.1913
2014-06-21,14.19
2014-06-22,14.1867
2014-06-23,14.1849
2014-06-24,14.1859
2014-06-25,14.1878
2014-06-26,14.1853
2014-06-27,14.1809
2014-06-28,14.1818
2014-06-29,14.1794
2014-06-30,14.1755
2014-07-01,14.1651
2014-07-02,14.1559
2014-07-03,14.1399
2014-07-04,14.129
2014-07-05,14.1188
2014-07-06,14.1054
2014-07-07,14.0899
2014-07-08,14.0748
2014-07-09,14.0614
2014-07-10,14.049
2014-07-11,14.0382
2014-07-12,14.0339
2014-07-13,14.029
2014-07-14,14.0211
2014-07-15,14.0097
2014-07-16,14.0036
2014-07-17,13.9892
2014-07-18,13.9867
2014-07-19,13.9817
2014-07-20,13.9741
2014-07-21,13.9584
2014-07-22,13.9512
2014-07-23,13.9471
2014-07-24,13.9394
2014-07-25,13.9343
2014-07-26,13.9291
2014-07-27,13.9134
2014-07-28,13.905
2014-07-29,13.8935
2014-07-30,13.8771
2014-07-31,13.8675
2014-08-01,13.8571
2014-08-02,13.8437
2014-08-03,13.8371
2014-08-04,13.8263
2014-08-05,13.8073
2014-08-06,13.7897
2014-08-07,13.7794
2014-08-08,13.7635
2014-08-09,13.7496
2014-08-10,13.7373
2014-08-11,13.7224
2014-08-12,13.7087
2014-08-13,13.7013
2014-08-14,13.6913
2014-08-15,13.6885
2014-08-16,13.6828
2014-08-17,13.6703
2014-08-18,13.6594
2014-08-19,13.6587
2014-08-20,13.6522
2014-08-21,13.6406
2014-08-22,13.6233
2014-08-23,13.6091
2014-08-24,13.5992
2014-08-25,13.5937
2014-08-26,13.5826
2014-08-27,13.5785
2014-08-28,13.5714
2014-08-29,13.5625
2014-08-30,13.549
2014-08-31,13.5336
2014-09-01,13.5201
2014-09-02,13.4969
2014-09-03,13.4812
2014-09-04,13.4778
2014-09-05,13.4681
2014-09-06,13.4542
2014-09-07,13.4573
2014-09-08,13.4524
2014-09-09,13.4339
2014-09-10,13.4188
2014-09-11,13.4038
2014-09-12,13.3885
2014-09-13,13.372
2014-09-14,13.3579
2014-09-15,13.3478
2014-09-16,13.3442
2014-09-17,13.3374
2014-09-18,13.3372
2014-09-19,13.3295
2014-09-20,13.3176
2014-09-21,13.3095
2014-09-22,13.2956
2014-09-23,13.2805
2014-09-24,13.2614
2014-09-25,13.2449
2014-09-26,13.2425
2014-09-27,13.2281
2014-09-28,13.214
2014-09-29,13.2007
2014-09-30,13.1906
2014-10-01,13.1782
2014-10-02,13.1652
2014-10-03,13.1467
2014-10-04,13.1345
2014-10-05,13.1146
2014-10-06,13.1061
2014-10-07,13.1028
2014-10-08,13.0924
2014-10-09,13.0803
2014-10-10,13.0657
2014-10-11,13.0542
2014-10-12,13.0335
2014-10-13,13.012
2014-10-14,12.9851
2014-10-15,12.951
2014-10-16,12.9328
2014-10-17,12.9242
2014-10-18,12.9085
2014-10-19,12.89
2014-10-20,12.8707
2014-10-21,12.8494
2014-10-22,12.8234
2014-10-23,12.8044
2014-10-24,12.7852
2014-10-25,12.7629
2014-10-26,12.7524
2014-10-27,12.7363
2014-10-28,12.7282
2014-10-29,12.7193
2014-10-30,12.7057
2014-10-31,12.6915
2014-11-01,12.6818
2014-11-02,12.6675
2014-11-03,12.6546
2014-11-04,12.644
2014-11-05,12.6369
2014-11-06,12.6274
2014-11-07,12.6257
2014-11-08,12.6255
2014-11-09,12.6226
2014-11-10,12.6137
2014-11-11,12.6004
2014-11-12,12.5801
2014-11-13,12.5714
2014-11-14,12.5586
2014-11-15,12.5518
2014-11-16,12.5355
2014-11-17,12.5231
2014-11-18,12.5166
2014-11-19,12.5109
2014-11-20,12.5018
2014-11-21,12.4955
2014-11-22,12.4816
2014-11-23,12.4739
2014-11-24,12.4641
2014-11-25,12.4543
2014-11-26,12.4445
2014-11-27,12.4326
2014-11-28,12.4196
2014-11-29,12.41
2014-11-30,12.4015
2014-12-01,12.3893
2014-12-02,12.3792
2014-12-03,12.3637
2014-12-04,12.3479
2014-12-05,12.3386
2014-12-06,12.3226
2014-12-07,12.3056
2014-12-08,12.2864
2014-12-09,12.2792
2014-12-10,12.264
2014-12-11,12.2553
2014-12-12,12.2481
2014-12-13,12.2369
2014-12-14,12.2212
2014-12-15,12.2093
2014-12-16,12.1919
2014-12-17,12.1744
2014-12-18,12.1548
2014-12-19,12.1292
2014-12-20,12.1163
2014-12-21,12.1068
2014-12-22,12.095
2014-12-23,12.0893
2014-12-24,12.0812
2014-12-25,12.0753
2014-12-26,12.0663
2014-12-27,12.0552
2014-12-28,12.0519
2014-12-29,12.048
2014-12-30,12.0418
2014-12-31,12.0314
2015-01-01,12.0154
2015-01-02,12.0185
2015-01-03,12.0154
2015-01-04,12.0162
2015-01-05,12.0071
2015-01-06,11.9964
2015-01-07,11.9882
2015-01-08,11.9727
2015-01-09,11.9553
2015-01-10,11.9412
2015-01-11,11.9232
2015-01-12,11.9076
2015-01-13,11.898
2015-01-14,11.8869
2015-01-15,11.8745
2015-01-16,11.8631
2015-01-17,11.8568
2015-01-18,11.8452
2015-01-19,11.8379
2015-01-20,11.8228
2015-01-21,11.8091
2015-01-22,11.7957
2015-01-23,11.783
2015-01-24,11.7652
2015-01-25,11.7534
2015-01-26,11.7443
2015-01-27,11.7306
2015-01-28,11.7259
2015-01-29,11.7247
2015-01-30,11.7181
2015-01-31,11.7044
2015-02-01,11.6953
2015-02-02,11.6846
2015-02-03,11.6759
2015-02-04,11.6627
2015-02-05,11.6569
2015-02-06,11.648
2015-02-07,11.6488
2015-02-08,11.6398
2015-02-09,11.6354
2015-02-10,11.6327
2015-02-11,11.6248
2015-02-12,11.6166
2015-02-13,11.6005
2015-02-14,11.587
2015-02-15,11.5772
2015-02-16,11.5616
2015-02-17,11.5583
2015-02-18,11.5517
2015-02-19,11.5404
2015-02-20,11.5341
2015-02-21,11.5318
2015-02-22,11.52
2015-02-23,11.5127
2015-02-24,11.4984
2015-02-25,11.4883
2015-02-26,11.479
2015-02-27,11.467
2015-02-28,11.4571
2015-03-01,11.4533
2015-03-02,11.4501
2015-03-03,11.4487
2015-03-04,11.4471
2015-03-05,11.4403
2015-03-06,11.4282
2015-03-07,11.4208
2015-03-08,11.4113
2015-03-09,11.4026
2015-03-10,11.3982
2015-03-11,11.3912
2015-03-12,11.3815
2015-03-13,11.3716
2015-03-14,11.3712
2015-03-15,11.3606
2015-03-16,11.3512
2015-03-17,11.3431
2015-03-18,11.3362
2015-03-19,11.3312
2015-03-20,11.3194
2015-03-21,11.3051
2015-03-22,11.2975
2015-03-23,11.2783
2015-03-24,11.2655
2015-03-25,11.2652
2015-03-26,11.2622
2015-03-27,11.2534
2015-03-28,11.2489
2015-03-29,11.2396
2015-03-30,11.2391
2015-03-31,11.2275
2015-04-01,11.2195
2015-04-02,11.2022
2015-04-03,11.1902
2015-04-04,11.1761
2015-04-05,11.1688
2015-04-06,11.1648
2015-04-07,11.1565
2015-04-08,11.1571
2015-04-09,11.1464
2015-04-10,11.1387
2015-04-11,11.1316
2015-04-12,11.1239
2015-04-13,11.1081
2015-04-14,11.0965
2015-04-15,11.086
2015-04-16,11.0752
2015-04-17,11.0654
2015-04-18,11.0552
2015-04-19,11.0492
2015-04-20,11.0388
2015-04-21,11.0317
2015-04-22,11.0282
2015-04-23,11.022
2015-04-24,11.0146
2015-04-25,10.9992
2015-04-26,10.9957
2015-04-27,10.9854
2015-04-28,10.9791
2015-04-29,10.9719
2015-04-30,10.967
2015-05-01,10.9549
2015-05-02,10.9489
2015-05-03,10.9468
2015-05-04,10.9416
2015-05-05,10.9395
2015-05-06,10.9275
2015-05-07,10.9245
2015-05-08,10.9158
2015-05-09,10.9083
2015-05-10,10.8946
2015-05-11,10.8869
2015-05-12,10.8822
2015-05-13,10.8764
2015-05-14,10.8756
2015-05-15,10.8684
2015-05-16,10.8581
2015-05-17,10.8464
2015-05-18,10.8426
2015-05-19,10.8343
2015-05-20,10.8214
2015-05-21,10.8118
2015-05-22,10.8049
2015-05-23,10.7961
2015-05-24,10.7847
2015-05-25,10.7784
2015-05-26,10.7717
2015-05-27,10.7704
2015-05-28,10.7608
2015-05-29,10.7561
2015-05-30,10.7501
2015-05-31,10.7449
2015-06-01,10.736
2015-06-02,10.7201
2015-06-03,10.7109
2015-06-04,10.6996
2015-06-05,10.6943
2015-06-06,10.6912
2015-06-07,10.6924
2015-06-08,10.6921
2015-06-09,10.6891
2015-06-10,10.6825
2015-06-11,10.6839
2015-06-12,10.6732
2015-06-13,10.6658
2015-06-14,10.6584
2015-06-15,10.6463
2015-06-16,10.6339
2015-06-17,10.6174
2015-06-18,10.6141
2015-06-19,10.6086
2015-06-20,10.5972
2015-06-21,10.5833
2015-06-22,10.5688
2015-06-23,10.5608
2015-06-24,10.5477
2015-06-25,10.5379
2015-06-26,10.5307
2015-06-27,10.5184
2015-06-28,10.5045
2015-06-29,10.4982
2015-06-30,10.4971
2015-07-01,10.4967
2015-07-02,10.4936
2015-07-03,10.4937
2015-07-04,10.4893
2015-07-05,10.4863
2015-07-06,10.4834
2015-07-07,10.4863
2015-07-08,10.4802
2015-07-09,10.4759
2015-07-10,10.4699
2015-07-11,10.4663
2015-07-12,10.4614
2015-07-13,10.4534
2015-07-14,10.4532
2015-07-15,10.4471
2015-07-16,10.446
2015-07-17,10.4352
2015-07-18,10.427
2015-07-19,10.4181
2015-07-20,10.4144
2015-07-21,10.4115
2015-07-22,10.4058
2015-07-23,10.4045
2015-07-24,10.401
2015-07-25,10.3989
2015-07-26,10.4001
2015-07-27,10.3953
2015-07-28,10.3922
2015-07-29,10.3867
2015-07-30,10.3797
2015-07-31,10.3726
2015-08-01,10.3683
2015-08-02,10.3636
2015-08-03,10.36
2015-08-04,10.363
2015-08-05,10.3605
2015-08-06,10.3513
2015-08-07,10.3449
2015-08-08,10.3378
2015-08-09,10.3302
2015-08-10,10.3201
2015-08-11,10.3137
2015-08-12,10.308
2015-08-13,10.3015
2015-08-14,10.2917
2015-08-15,10.2841
2015-08-16,10.277
2015-08-17,10.2676
2015-08-18,10.254
2015-08-19,10.2419
2015-08-20,10.2361
2015-08-21,10.2301
2015-08-22,10.2285
2015-08-23,10.2246
2015-08-24,10.2195
2015-08-25,10.2203
2015-08-26,10.2097
2015-08-27,10.205
2015-08-28,10.1948
2015-08-29,10.1887
2015-08-30,10.181
2015-08-31,10.1702
2015-09-01,10.1715
2015-09-02,10.17
2015-09-03,10.1651
2015-09-04,10.1598
2015-09-05,10.1591
2015-09-06,10.1496
2015-09-07,10.1446
2015-09-08,10.1433
2015-09-09,10.1386
2015-09-10,10.1341
2015-09-11,10.1311
2015-09-12,10.1289
2015-09-13,10.1167
2015-09-14,10.1124
2015-09-15,10.1083
2015-09-16,10.1029
2015-09-17,10.0911
2015-09-18,10.0811
2015-09-19,10.0734
2015-09-20,10.0605
2015-09-21,10.0504
2015-09-22,10.0406
2015-09-23,10.0391
2015-09-24,10.0366
2015-09-25,10.0273
2015-09-26,10.0304
2015-09-27,10.0303
2015-09-28,10.0315
2015-09-29,10.03
2015-09-30,10.0311
2015-10-01,10.0268
2015-10-02,10.0263
2015-10-03,10.0221
2015-10-04,10.0175
2015-10-05,10.0113
2015-10-06,10.0068
2015-10-07,10.0058
2015-10-08,10.001
2015-10-09,9.99678
2015-10-10,9.98846
2015-10-11,9.98876
2015-10-12,9.98563
2015-10-13,9.98031
2015-10-14,9.97878
2015-10-15,9.97615
2015-10-16,9.97676
2015-10-17,9.97449
2015-10-18,9.96621
2015-10-19,9.96598
2015-10-20,9.96865
2015-10-21,9.96115
2015-10-22,9.9554
2015-10-23,9.95204
2015-10-24,9.94723
2015-10-25,9.9425
2015-10-26,9.94577
2015-10-27,9.94376
2015-10-28,9.94288
2015-10-29,9.93703
2015-10-30,9.93036
2015-10-31,9.92373
2015-11-01,9.91857
2015-11-02,9.91534
2015-11-03,9.90925
2015-11-04,9.90497
2015-11-05,9.90559
2015-11-06,9.90128
2015-11-07,9.89759
2015-11-08,9.8946
2015-11-09,9.88981
2015-11-10,9.88748
2015-11-11,9.88827
2015-11-12,9.88947
2015-11-13,9.88978
2015-11-14,9.88807
2015-11-15,9.88587
2015-11-16,9.88498
2015-11-17,9.88771
2015-11-18,9.88397
2015-11-19,9.88361
2015-11-20,9.88072
2015-11-21,9.8858
2015-11-22,9.88668
2015-11-23,9.88963
2015-11-24,9.8899
2015-11-25,9.89192
2015-11-26,9.89145
2015-11-27,9.89533
2015-11-28,9.88986
2015-11-29,9.88645
2015-11-30,9.8815
2015-12-01,9.88503
2015-12-02,9.88543
2015-12-03,9.89161
2015-12-04,9.88821
2015-12-05,9.88482
2015-12-06,9.88932
2015-12-07,9.8931
2015-12-08,9.88719
2015-12-09,9.89068
2015-12-10,9.89268
2015-12-11,9.90249
2015-12-12,9.90341
2015-12-13,9.9037
2015-12-14,9.90131
2015-12-15,9.90867
2015-12-16,9.91341
2015-12-17,9.91751
2015-12-18,9.91993
2015-12-19,9.92331
2015-12-20,9.92509
2015-12-21,9.92874
2015-12-22,9.923
2015-12-23,9.92027
2015-12-24,9.91822
2015-12-25,9.91169
2015-12-26,9.91076
2015-12-27,9.91148
2015-12-28,9.91501
2015-12-29,9.90965
2015-12-30,9.90757
2015-12-31,9.9072
2016-01-01,9.90001
2016-01-02,9.89154
2016-01-03,9.8855
2016-01-04,9.87747
2016-01-05,9.87922
2016-01-06,9.87619
2016-01-07,9.87385
2016-01-08,9.8712
2016-01-09,9.8747
2016-01-10,9.87278
2016-01-11,9.87364
2016-01-12,9.87618
2016-01-13,9.88173
2016-01-14,9.87967
2016-01-15,9.87367
2016-01-16,9.86808
2016-01-17,9.86633
2016-01-18,9.86322
2016-01-19,9.86591
2016-01-20,9.86652
2016-01-21,9.86439
2016-01-22,9.86234
2016-01-23,9.86957
2016-01-24,9.87694
2016-01-25,9.88305
2016-01-26,9.88713
2016-01-27,9.88645
2016-01-28,9.88187
2016-01-29,9.87566
2016-01-30,9.87882
2016-01-31,9.87965
2016-02-01,9.88159
2016-02-02,9.8791
2016-02-03,9.88643
2016-02-04,9.88721
2016-02-05,9.88599
2016-02-06,9.88482
2016-02-07,9.88939
2016-02-08,9.89499
2016-02-09,9.88976
2016-02-10,9.89297
2016-02-11,9.89123
2016-02-12,9.9023
2016-02-13,9.9042
2016-02-14,9.90062
2016-02-15,9.90281
2016-02-16,9.8991
2016-02-17,9.89445
2016-02-18,9.8893
2016-02-19,9.88688
2016-02-20,9.88172
2016-02-21,9.88063
2016-02-22,9.8738
2016-02-23,9.86857
2016-02-24,9.86753
2016-02-25,9.85732
2016-02-26,9.85556
2016-02-27,9.8507
2016-02-28,9.84909
2016-02-29,9.84553
2016-03-01,9.83823
2016-03-02,9.83238
2016-03-03,9.83296
2016-03-04,9.83117
2016-03-05,9.82981
2016-03-06,9.82913
2016-03-07,9.82494
2016-03-08,9.82043
2016-03-09,9.81811
2016-03-10,9.81791
2016-03-11,9.8199
2016-03-12,9.81984
2016-03-13,9.81987
2016-03-14,9.81556
2016-03-15,9.81544
2016-03-16,9.8191
2016-03-17,9.81623
2016-03-18,9.81434
2016-03-19,9.81215
2016-03-20,9.80681
2016-03-21,9.80504
2016-03-22,9.80142
2016-03-23,9.79392
2016-03-24,9.78875
2016-03-25,9.78599
2016-03-26,9.77853
2016-03-27,9.77684
2016-03-28,9.77202
2016-03-29,9.77454
2016-03-30,9.77317
2016-03-31,9.77355
2016-04-01,9.76316
2016-04-02,9.76187
2016-04-03,9.75671
2016-04-04,9.75306
2016-04-05,9.758
2016-04-06,9.75589
2016-04-07,9.75942
2016-04-08,9.75818
2016-04-09,9.75411
2016-04-10,9.7556
2016-04-11,9.76138
2016-04-12,9.75814
2016-04-13,9.75538
2016-04-14,9.76073
2016-04-15,9.76296
2016-04-16,9.76308
2016-04-17,9.75913
2016-04-18,9.75892
2016-04-19,9.7527
2016-04-20,9.74952
2016-04-21,9.7492
2016-04-22,9.75067
2016-04-23,9.7519
2016-04-24,9.74571
2016-04-25,9.74109
2016-04-26,9.73695
2016-04-27,9.73396
2016-04-28,9.73212
2016-04-29,9.72999
2016-04-30,9.72921
2016-05-01,9.7265
2016-05-02,9.72655
2016-05-03,9.72948
2016-05-04,9.7263
2016-05-05,9.72459
2016-05-06,9.72464
2016-05-07,9.72418
2016-05-08,9.72568
2016-05-09,9.73035
2016-05-10,9.72993
2016-05-11,9.72877
2016-05-12,9.72086
2016-05-13,9.71557
2016-05-14,9.71393
2016-05-15,9.71379
2016-05-16,9.70522
2016-05-17,9.70222
2016-05-18,9.70194
2016-05-19,9.70087
2016-05-20,9.69205
2016-05-21,9.69163
2016-05-22,9.69483
2016-05-23,9.69903
2016-05-24,9.70349
2016-05-25,9.70155
2016-05-26,9.6992
2016-05-27,9.69747
2016-05-28,9.69221
2016-05-29,9.68936
2016-05-30,9.68667
2016-05-31,9.68653
2016-06-01,9.67994
2016-06-02,9.6777
2016-06-03,9.67477
2016-06-04,9.67313
2016-06-05,9.65975
2016-06-06,9.66091
2016-06-07,9.66053
2016-06-08,9.65605
2016-06-09,9.6488
2016-06-10,9.65178
2016-06-11,9.64973
2016-06-12,9.64651
2016-06-13,9.64366
2016-06-14,9.64421
2016-06-15,9.64467
2016-06-16,9.64095
2016-06-17,9.63709
2016-06-18,9.63496
2016-06-19,9.6369
2016-06-20,9.64408
2016-06-21,9.64342
2016-06-22,9.64264
2016-06-23,9.63529
2016-06-24,9.63064
2016-06-25,9.62368
2016-06-26,9.62728
2016-06-27,9.62578
2016-06-28,9.62465
2016-06-29,9.62274
2016-06-30,9.62239
2016-07-01,9.61911
2016-07-02,9.61537
2016-07-03,9.6123
2016-07-04,9.61201
2016-07-05,9.60376
2016-07-06,9.60343
2016-07-07,9.59708
2016-07-08,9.59556
2016-07-09,9.59142
2016-07-10,9.5846
2016-07-11,9.57244
2016-07-12,9.55668
2016-07-13,9.54169
2016-07-14,9.52377
2016-07-15,9.51052
2016-07-16,9.49429
2016-07-17,9.47959
2016-07-18,9.46364
2016-07-19,9.44685
2016-07-20,9.43383
2016-07-21,9.41761
2016-07-22,9.40258
2016-07-23,9.38171
2016-07-24,9.36386
2016-07-25,9.34732
2016-07-26,9.33044
2016-07-27,9.31586
2016-07-28,9.29799
2016-07-29,9.28459
2016-07-30,9.26875
2016-07-31,9.24975
2016-08-01,9.23453
2016-08-02,9.21811
2016-08-03,9.20574
2016-08-04,9.19498
2016-08-05,9.18122
2016-08-06,9.16998
2016-08-07,9.15395
2016-08-08,9.13997
2016-08-09,9.12128
2016-08-10,9.10147
2016-08-11,9.09078
2016-08-12,9.07606
2016-08-13,9.0622
2016-08-14,9.05049
2016-08-15,9.0386
2016-08-16,9.02356
2016-08-17,9.0087
2016-08-18,8.99001
2016-08-19,8.97512
2016-08-20,8.95742
2016-08-21,8.94113
2016-08-22,8.93004
2016-08-23,8.91458
2016-08-24,8.90194
2016-08-25,8.88486
2016-08-26,8.8704
2016-08-27,8.85274
2016-08-28,8.83519
2016-08-29,8.82021
2016-08-30,8.80366
2016-08-31,8.78898
2016-09-01,8.77061
2016-09-02,8.75537
2016-09-03,8.73939
2016-09-04,8.72279
2016-09-05,8.71129
2016-09-06,8.69497
2016-09-07,8.68129
2016-09-08,8.66657
2016-09-09,8.64708
2016-09-10,8.62985
2016-09-11,8.61801
2016-09-12,8.60398
2016-09-13,8.58968
2016-09-14,8.57408
2016-09-15,8.56105
2016-09-16,8.54749
2016-09-17,8.5321
2016-09-18,8.52285
2016-09-19,8.5115
2016-09-20,8.4984
2016-09-21,8.4822
2016-09-22,8.46711
2016-09-23,8.45323
2016-09-24,8.43449
2016-09-25,8.42146
2016-09-26,8.40968
2016-09-27,8.3963
2016-09-28,8.37838
2016-09-29,8.36366
2016-09-30,8.34834
2016-10-01,8.33497
2016-10-02,8.32159
2016-10-03,8.30538
2016-10-04,8.29003
2016-10-05,8.2773
2016-10-06,8.26701
2016-10-07,8.25493
2016-10-08,8.24389
2016-10-09,8.22882
2016-10-10,8.21556
2016-10-11,8.19999
2016-10-12,8.18662
2016-10-13,8.17092
2016-10-14,8.1513
2016-10-15,8.13641
2016-10-16,8.12351
2016-10-17,8.10794
2016-10-18,8.08829
2016-10-19,8.07797
2016-10-20,8.06218
2016-10-21,8.04644
2016-10-22,8.03305
2016-10-23,8.01914
2016-10-24,8.00298
2016-10-25,7.9851
2016-10-26,7.97
2016-10-27,7.95628
2016-10-28,7.9424
2016-10-29,7.92404
2016-10-30,7.90982
2016-10-31,7.89611
2016-11-01,7.88063
2016-11-02,7.86455
2016-11-03,7.84754
2016-11-04,7.83404
2016-11-05,7.81744
2016-11-06,7.80218
2016-11-07,7.78981
2016-11-08,7.77503
2016-11-09,7.76274
2016-11-10,7.74461
2016-11-11,7.72953
2016-11-12,7.71422
2016-11-13,7.7026
2016-11-14,7.68554
2016-11-15,7.66865
2016-11-16,7.65478
2016-11-17,7.64145
2016-11-18,7.63019
2016-11-19,7.61241
2016-11-20,7.59286
2016-11-21,7.57251
2016-11-22,7.55472
2016-11-23,7.53779
2016-11-24,7.5234
2016-11-25,7.50523
2016-11-26,7.49398
2016-11-27,7.47904
2016-11-28,7.46425
2016-11-29,7.4488
2016-11-30,7.4312
2016-12-01,7.4141
2016-12-02,7.40077
2016-12-03,7.38522
2016-12-04,7.36814
2016-12-05,7.35195
2016-12-06,7.33825
2016-12-07,7.31936
2016-12-08,7.30375
2016-12-09,7.27811
2016-12-10,7.26069
2016-12-11,7.24267
2016-12-12,7.23285
2016-12-13,7.21094
2016-12-14,7.19303
2016-12-15,7.17546
2016-12-16,7.15832
2016-12-17,7.1392
2016-12-18,7.12314
2016-12-19,7.10542
2016-12-20,7.09139
2016-12-21,7.07611
2016-12-22,7.06134
2016-12-23,7.04997
2016-12-24,7.03374
2016-12-25,7.01466
2016-12-26,6.99187
2016-12-27,6.97679
2016-12-28,6.96147
2016-12-29,6.94575
2016-12-30,6.93296
2016-12-31,6.92201
2017-01-01,6.90854
2017-01-02,6.89573
2017-01-03,6.87679
2017-01-04,6.86254
2017-01-05,6.85022
2017-01-06,6.83576
2017-01-07,6.81845
2017-01-08,6.80313
2017-01-09,6.78597
2017-01-10,6.76714
2017-01-11,6.75031
2017-01-12,6.7368
2017-01-13,6.72753
2017-01-14,6.71838
2017-01-15,6.70752
2017-01-16,6.69466
2017-01-17,6.67809
2017-01-18,6.66768
2017-01-19,6.65326
2017-01-20,6.64348
2017-01-21,6.62806
2017-01-22,6.61147
2017-01-23,6.59571
2017-01-24,6.57858
2017-01-25,6.56271
2017-01-26,6.54773
2017-01-27,6.53484
2017-01-28,6.51915
2017-01-29,6.49882
2017-01-30,6.48079
2017-01-31,6.46438
2017-02-01,6.44474
2017-02-02,6.42915
2017-02-03,6.41262
2017-02-04,6.39193
2017-02-05,6.36875
2017-02-06,6.35101
2017-02-07,6.33539
2017-02-08,6.31701
2017-02-09,6.30034
2017-02-10,6.28066
2017-02-11,6.26287
2017-02-12,6.24704
2017-02-13,6.22956
2017-02-14,6.21642
2017-02-15,6.20622
2017-02-16,6.1906
2017-02-17,6.17353
2017-02-18,6.16066
2017-02-19,6.14691
2017-02-20,6.13562
2017-02-21,6.12564
2017-02-22,6.11329
2017-02-23,6.10407
2017-02-24,6.08941
2017-02-25,6.07842
2017-02-26,6.06656
2017-02-27,6.05785
2017-02-28,6.04654
2017-03-01,6.03459
2017-03-02,6.01912
2017-03-03,6.00855
2017-03-04,5.99402
2017-03-05,5.9788
2017-03-06,5.96517
2017-03-07,5.95374
2017-03-08,5.93957
2017-03-09,5.92209
2017-03-10,5.90736
2017-03-11,5.89242
2017-03-12,5.87969
2017-03-13,5.86935
2017-03-14,5.85492
2017-03-15,5.83984
2017-03-16,5.82518
2017-03-17,5.81332
2017-03-18,5.80241
2017-03-19,5.79175
2017-03-20,5.78002
2017-03-21,5.76714
2017-03-22,5.75321
2017-03-23,5.74049
2017-03-24,5.72723
2017-03-25,5.71643
2017-03-26,5.70101
2017-03-27,5.69018
2017-03-28,5.67169
2017-03-29,5.65731
2017-03-30,5.64328
2017-03-31,5.63531
2017-04-01,5.62002
2017-04-02,5.60689
2017-04-03,5.59536
2017-04-04,5.58119
2017-04-05,5.56476
2017-04-06,5.55101
2017-04-07,5.53913
2017-04-08,5.52761
2017-04-09,5.511
2017-04-10,5.49429
2017-04-11,5.48004
2017-04-12,5.46827
2017-04-13,5.45175
2017-04-14,5.43402
2017-04-15,5.42154
2017-04-16,5.41013
2017-04-17,5.39499
2017-04-18,5.3833
2017-04-19,5.36953
2017-04-20,5.35298
2017-04-21,5.33841
2017-04-22,5.32756
2017-04-23,5.31476
2017-04-24,5.30466
2017-04-25,5.29307
2017-04-26,5.27934
2017-04-27,5.26976
2017-04-28,5.25868
2017-04-29,5.24281
2017-04-30,5.23197
2017-05-01,5.21784
2017-05-02,5.20329
2017-05-03,5.19041
2017-05-04,5.17273
2017-05-05,5.15999
2017-05-06,5.14294
2017-05-07,5.13106
2017-05-08,5.11606
2017-05-09,5.10161
2017-05-10,5.08736
2017-05-11,5.07677
2017-05-12,5.06413
2017-05-13,5.05083
2017-05-14,5.03921
2017-05-15,5.02892
2017-05-16,5.01878
2017-05-17,5.00558
2017-05-18,4.99222
2017-05-19,4.98339
2017-05-20,4.97144
2017-05-21,4.96092
2017-05-22,4.94171
2017-05-23,4.92312
2017-05-24,4.91185
2017-05-25,4.90098
2017-05-26,4.89134
2017-05-27,4.88023
2017-05-28,4.87133
2017-05-29,4.85985
2017-05-30,4.84775
2017-05-31,4.84076
2017-06-01,4.82988
2017-06-02,4.82032
2017-06-03,4.80818
2017-06-04,4.80359
2017-06-05,4.78796
2017-06-06,4.77258
2017-06-07,4.7612
2017-06-08,4.75027
2017-06-09,4.73583
2017-06-10,4.72379
2017-06-11,4.70895
2017-06-12,4.69619
2017-06-13,4.68101
2017-06-14,4.67021
2017-06-15,4.65606
2017-06-16,4.64331
2017-06-17,4.63024
2017-06-18,4.61543
2017-06-19,4.59747
2017-06-20,4.58224
2017-06-21,4.56832
2017-06-22,4.55798
2017-06-23,4.54573
2017-06-24,4.53699
2017-06-25,4.52165
2017-06-26,4.50707
2017-06-27,4.49391
2017-06-28,4.47973
2017-06-29,4.46795
2017-06-30,4.45257
2017-07-01,4.43907
2017-07-02,4.42737
2017-07-03,4.41675
2017-07-04,4.4052
2017-07-05,4.3933
2017-07-06,4.38192
2017-07-07,4.37049
2017-07-08,4.35821
2017-07-09,4.35093
2017-07-10,4.34896
2017-07-11,4.35276
2017-07-12,4.35464
2017-07-13,4.358
2017-07-14,4.35879
2017-07-15,4.35864
2017-07-16,4.35571
2017-07-17,4.35631
2017-07-18,4.3558
2017-07-19,4.35829
2017-07-20,4.35769
2017-07-21,4.35953
2017-07-22,4.36107
2017-07-23,4.36291
2017-07-24,4.36629
2017-07-25,4.36956
2017-07-26,4.37062
2017-07-27,4.37168
2017-07-28,4.37263
2017-07-29,4.37236
2017-07-30,4.37496
2017-07-31,4.37387
2017-08-01,4.37271
2017-08-02,4.37178
2017-08-03,4.3701
2017-08-04,4.36838
2017-08-05,4.36859
2017-08-06,4.36888
2017-08-07,4.36774
2017-08-08,4.36762
2017-08-09,4.37036
2017-08-10,4.36881
2017-08-11,4.36703
2017-08-12,4.36612
2017-08-13,4.36334
2017-08-14,4.36159
2017-08-15,4.35982
2017-08-16,4.3607
2017-08-17,4.36083
2017-08-18,4.36228
2017-08-19,4.36135
2017-08-20,4.3605
2017-08-21,4.35733
2017-08-22,4.35339
2017-08-23,4.34831
2017-08-24,4.34834
2017-08-25,4.34561
2017-08-26,4.34271
2017-08-27,4.33913
2017-08-28,4.33885
2017-08-29,4.33676
2017-08-30,4.33502
2017-08-31,4.33724
2017-09-01,4.33858
2017-09-02,4.33971
2017-09-03,4.34228
2017-09-04,4.33969
2017-09-05,4.34197
2017-09-06,4.34631
2017-09-07,4.34658
2017-09-08,4.34861
2017-09-09,4.35072
2017-09-10,4.3513
2017-09-11,4.34869
2017-09-12,4.34899
2017-09-13,4.35024
2017-09-14,4.35238
2017-09-15,4.35343
2017-09-16,4.35618
2017-09-17,4.3561
2017-09-18,4.35804
2017-09-19,4.35711
2017-09-20,4.35699
2017-09-21,4.35256
2017-09-22,4.35483
2017-09-23,4.3546
2017-09-24,4.35403
2017-09-25,4.35025
2017-09-26,4.34753
2017-09-27,4.34468
2017-09-28,4.34409
2017-09-29,4.34628
2017-09-30,4.34792
2017-10-01,4.34589
2017-10-02,4.34454
2017-10-03,4.34395
2017-10-04,4.34537
2017-10-05,4.34221
2017-10-06,4.33883
2017-10-07,4.3396
2017-10-08,4.33816
2017-10-09,4.33934
2017-10-10,4.34183
2017-10-11,4.343
2017-10-12,4.34212
2017-10-13,4.34364
2017-10-14,4.34318
2017-10-15,4.34262
2017-10-16,4.34727
2017-10-17,4.35069
2017-10-18,4.35087
2017-10-19,4.35248
2017-10-20,4.35547
2017-10-21,4.35609
2017-10-22,4.35589
2017-10-23,4.35838
2017-10-24,4.36009
2017-10-25,4.36181
2017-10-26,4.36502
2017-10-27,4.36588
2017-10-28,4.36159
2017-10-29,4.35607
2017-10-30,4.3544
2017-10-31,4.3539
2017-11-01,4.35294
2017-11-02,4.35429
2017-11-03,4.35337
2017-11-04,4.35321
2017-11-05,4.35138
2017-11-06,4.34992
2017-11-07,4.3484
2017-11-08,4.34681
2017-11-09,4.34607
2017-11-10,4.34433
2017-11-11,4.34041
2017-11-12,4.33296
2017-11-13,4.32763
2017-11-14,4.32455
2017-11-15,4.32183
2017-11-16,4.31977
2017-11-17,4.31868
2017-11-18,4.31967
2017-11-19,4.31872
2017-11-20,4.32079
2017-11-21,4.32313
2017-11-22,4.32573
2017-11-23,4.32531
2017-11-24,4.32437
2017-11-25,4.32362
2017-11-26,4.32334
2017-11-27,4.32356
2017-11-28,4.32347
2017-11-29,4.32351
2017-11-30,4.32545
2017-12-01,4.3266
2017-12-02,4.32924
2017-12-03,4.3278
2017-12-04,4.32948
2017-12-05,4.33123
2017-12-06,4.33291
2017-12-07,4.33341
2017-12-08,4.33249
2017-12-09,4.33367
2017-12-10,4.3365
2017-12-11,4.33408
2017-12-12,4.33472
2017-12-13,4.3324
2017-12-14,4.3356
2017-12-15,4.33969
2017-12-16,4.34204
2017-12-17,4.34366
2017-12-18,4.34661
2017-12-19,4.34851
2017-12-20,4.3482
2017-12-21,4.34587
2017-12-22,4.34323
2017-12-23,4.34295
2017-12-24,4.34264
2017-12-25,4.34107
2017-12-26,4.34005
2017-12-27,4.33843
2017-12-28,4.33726
2017-12-29,4.33667
2017-12-30,4.33677
2017-12-31,4.33619
2018-01-01,4.33621
2018-01-02,4.33544
2018-01-03,4.33543
2018-01-04,4.33523
2018-01-05,4.33693
2018-01-06,4.33499
2018-01-07,4.33685
2018-01-08,4.3359
2018-01-09,4.33778
2018-01-10,4.33755
2018-01-11,4.33804
2018-01-12,4.33909
2018-01-13,4.34076
2018-01-14,4.3384
2018-01-15,4.3369
2018-01-16,4.33486
2018-01-17,4.33441
2018-01-18,4.33522
2018-01-19,4.33456
2018-01-20,4.33206
2018-01-21,4.33122
2018-01-22,4.33164
2018-01-23,4.33343
2018-01-24,4.3351
2018-01-25,4.33669
2018-01-26,4.3364
2018-01-27,4.33467
2018-01-28,4.33455
2018-01-29,4.33329
2018-01-30,4.33311
2018-01-31,4.33433
2018-02-01,4.32788
2018-02-02,4.32758
2018-02-03,4.32856
2018-02-04,4.32916
2018-02-05,4.33009
2018-02-06,4.33432
2018-02-07,4.33528
2018-02-08,4.33441
2018-02-09,4.3309
2018-02-10,4.32948
2018-02-11,4.32932
2018-02-12,4.32971
2018-02-13,4.32939
2018-02-14,4.32844
2018-02-15,4.33107
2018-02-16,4.32901
2018-02-17,4.32897
2018-02-18,4.32831
2018-02-19,4.33003
2018-02-20,4.33062
2018-02-21,4.33039
2018-02-22,4.33232
2018-02-23,4.33174
2018-02-24,4.33004
2018-02-25,4.32778
2018-02-26,4.32664
2018-02-27,4.32593
2018-02-28,4.32596
2018-03-01,4.32633
2018-03-02,4.32642
2018-03-03,4.3263
2018-03-04,4.32957
2018-03-05,4.32915
2018-03-06,4.32922
2018-03-07,4.32894
2018-03-08,4.32962
2018-03-09,4.33021
2018-03-10,4.32891
2018-03-11,4.32772
2018-03-12,4.32705
2018-03-13,4.3278
2018-03-14,4.32744
2018-03-15,4.32712
2018-03-16,4.32591
2018-03-17,4.32555
2018-03-18,4.32441
2018-03-19,4.32279
2018-03-20,4.3238
2018-03-21,4.32217
2018-03-22,4.3211
2018-03-23,4.32022
2018-03-24,4.31633
2018-03-25,4.31757
2018-03-26,4.31472
2018-03-27,4.31566
2018-03-28,4.31492
2018-03-29,4.31423
2018-03-30,4.31276
2018-03-31,4.31439
2018-04-01,4.31364
2018-04-02,4.31343
2018-04-03,4.31131
2018-04-04,4.31381
2018-04-05,4.31212
2018-04-06,4.31233
2018-04-07,4.30995
2018-04-08,4.3128
2018-04-09,4.31242
2018-04-10,4.31194
2018-04-11,4.31115
2018-04-12,4.31214
2018-04-13,4.3138
2018-04-14,4.31533
2018-04-15,4.31384
2018-04-16,4.31466
2018-04-17,4.31443
2018-04-18,4.31518
2018-04-19,4.31601
2018-04-20,4.31862
2018-04-21,4.31576
2018-04-22,4.31636
2018-04-23,4.31639
2018-04-24,4.3182
2018-04-25,4.31856
2018-04-26,4.31575
2018-04-27,4.3148
2018-04-28,4.31481
2018-04-29,4.31079
2018-04-30,4.31083
2018-05-01,4.31071
2018-05-02,4.31019
2018-05-03,4.31037
2018-05-04,4.30851
2018-05-05,4.30878
2018-05-06,4.30768
2018-05-07,4.30484
2018-05-08,4.30194
2018-05-09,4.30021
2018-05-10,4.30064
2018-05-11,4.30165
2018-05-12,4.29908
2018-05-13,4.29909
2018-05-14,4.29733
2018-05-15,4.29386
2018-05-16,4.2945
2018-05-17,4.29582
2018-05-18,4.29459
2018-05-19,4.29283
2018-05-20,4.29145
2018-05-21,4.29073
2018-05-22,4.2911
2018-05-23,4.28925
2018-05-24,4.28935
2018-05-25,4.28729
2018-05-26,4.28855
2018-05-27,4.28754
2018-05-28,4.28692
2018-05-29,4.28681
2018-05-30,4.28316
2018-05-31,4.28339
2018-06-01,4.28284
2018-06-02,4.28389
2018-06-03,4.2802
2018-06-04,4.27983
2018-06-05,4.28074
2018-06-06,4.28208
2018-06-07,4.28017
2018-06-08,4.27795
2018-06-09,4.277
2018-06-10,4.27669
2018-06-11,4.27477
2018-06-12,4.27376
2018-06-13,4.2736
2018-06-14,4.27329
2018-06-15,4.27287
2018-06-16,4.27277
2018-06-17,4.2739
2018-06-18,4.27434
2018-06-19,4.27476
2018-06-20,4.27569
2018-06-21,4.27638
2018-06-22,4.27829
2018-06-23,4.27708
2018-06-24,4.27767
2018-06-25,4.281
2018-06-26,4.28168
2018-06-27,4.28247
2018-06-28,4.27915
2018-06-29,4.28157
2018-06-30,4.28084
2018-07-01,4.27856
2018-07-02,4.27482
2018-07-03,4.27206
2018-07-04,4.26875
2018-07-05,4.26713
2018-07-06,4.26628
2018-07-07,4.26672
2018-07-08,4.2655
2018-07-09,4.26657
2018-07-10,4.26129
2018-07-11,4.25891
2018-07-12,4.25514
2018-07-13,4.25342
2018-07-14,4.25327
2018-07-15,4.25332
2018-07-16,4.25051
2018-07-17,4.24791
2018-07-18,4.24692
2018-07-19,4.24834
2018-07-20,4.2485
2018-07-21,4.248
2018-07-22,4.24574
2018-07-23,4.24594
2018-07-24,4.24446
2018-07-25,4.24482
2018-07-26,4.24662
2018-07-27,4.24696
2018-07-28,4.24777
2018-07-29,4.24635
2018-07-30,4.24762
2018-07-31,4.24632
2018-08-01,4.24569
2018-08-02,4.24505
2018-08-03,4.24574
2018-08-04,4.24418
2018-08-05,4.24353
2018-08-06,4.2446
2018-08-07,4.24244
2018-08-08,4.24093
2018-08-09,4.24192
2018-08-10,4.24263
2018-08-11,4.24459
2018-08-12,4.24681
2018-08-13,4.24686
2018-08-14,4.24796
2018-08-15,4.24626
2018-08-16,4.24819
2018-08-17,4.24602
2018-08-18,4.24577
2018-08-19,4.24597
2018-08-20,4.24668
2018-08-21,4.24896
2018-08-22,4.25314
2018-08-23,4.2527
2018-08-24,4.25601
2018-08-25,4.25909
2018-08-26,4.26102
2018-08-27,4.26188
2018-08-28,4.2657
2018-08-29,4.26552
2018-08-30,4.26279
2018-08-31,4.26158
2018-09-01,4.25959
2018-09-02,4.25808
2018-09-03,4.25682
2018-09-04,4.25392
2018-09-05,4.24792
2018-09-06,4.24514
2018-09-07,4.24261
2018-09-08,4.24031
2018-09-09,4.23834
2018-09-10,4.23978
2018-09-11,4.23628
2018-09-12,4.23213
2018-09-13,4.22987
2018-09-14,4.22735
2018-09-15,4.22315
2018-09-16,4.22043
2018-09-17,4.21708
2018-09-18,4.21728
2018-09-19,4.21572
2018-09-20,4.21829
2018-09-21,4.21607
2018-09-22,4.21601
2018-09-23,4.21465
2018-09-24,4.21457
2018-09-25,4.2159
2018-09-26,4.2178
2018-09-27,4.21673
2018-09-28,4.21361
2018-09-29,4.21194
2018-09-30,4.21256
2018-10-01,4.21463
2018-10-02,4.21476
2018-10-03,4.21071
2018-10-04,4.21112
2018-10-05,4.2126
2018-10-06,4.20992
2018-10-07,4.20693
2018-10-08,4.20335
2018-10-09,4.20088
2018-10-10,4.19812
2018-10-11,4.19806
2018-10-12,4.19802
2018-10-13,4.19729
2018-10-14,4.19685
2018-10-15,4.19014
2018-10-16,4.18869
2018-10-17,4.186
2018-10-18,4.18454
2018-10-19,4.18098
2018-10-20,4.17764
2018-10-21,4.17641
2018-10-22,4.17253
2018-10-23,4.17079
2018-10-24,4.16929
2018-10-25,4.16331
2018-10-26,4.15952
2018-10-27,4.16212
2018-10-28,4.16568
2018-10-29,4.16415
2018-10-30,4.16361
2018-10-31,4.16438
2018-11-01,4.16442
2018-11-02,4.16425
2018-11-03,4.16568
2018-11-04,4.1676
2018-11-05,4.16581
2018-11-06,4.16622
2018-11-07,4.16363
2018-11-08,4.16213
2018-11-09,4.15926
2018-11-10,4.15941
2018-11-11,4.16298
2018-11-12,4.16768
2018-11-13,4.16724
2018-11-14,4.16624
2018-11-15,4.16449
2018-11-16,4.16215
2018-11-17,4.15855
2018-11-18,4.1588
2018-11-19,4.15554
2018-11-20,4.15132
2018-11-21,4.14771
2018-11-22,4.14403
2018-11-23,4.14093
2018-11-24,4.13867
2018-11-25,4.13721
2018-11-26,4.13479
2018-11-27,4.12985
2018-11-28,4.1275
2018-11-29,4.12285
2018-11-30,4.1177
2018-12-01,4.111
2018-12-02,4.10774
2018-12-03,4.10256
2018-12-04,4.097
2018-12-05,4.09347
2018-12-06,4.08856
2018-12-07,4.08682
2018-12-08,4.08321
2018-12-09,4.07916
2018-12-10,4.07597
2018-12-11,4.07194
2018-12-12,4.06915
2018-12-13,4.06366
2018-12-14,4.05907
2018-12-15,4.05684
2018-12-16,4.05468
2018-12-17,4.04889
2018-12-18,4.0467
2018-12-19,4.04538
2018-12-20,4.04594
2018-12-21,4.04577
2018-12-22,4.04418
2018-12-23,4.04645
2018-12-24,4.04778
2018-12-25,4.04864
2018-12-26,4.04948
2018-12-27,4.04908
2018-12-28,4.0505
2018-12-29,4.05015
2018-12-30,4.04903
2018-12-31,4.04951
2019-01-01,4.04896
2019-01-02,4.04681
2019-01-03,4.04589
2019-01-04,4.04441
2019-01-05,4.04443
2019-01-06,4.04355
2019-01-07,4.0415
2019-01-08,4.03914
2019-01-09,4.03902
2019-01-10,4.03837
2019-01-11,4.03504
2019-01-12,4.03227
2019-01-13,4.03101
2019-01-14,4.0292
2019-01-15,4.02868
2019-01-16,4.02619
2019-01-17,4.02317
2019-01-18,4.01923
2019-01-19,4.01673
2019-01-20,4.01285
2019-01-21,4.01006
2019-01-22,4.0083
2019-01-23,4.00428
2019-01-24,4.00153
2019-01-25,4.00136
2019-01-26,3.99963
2019-01-27,3.99865
2019-01-28,3.99662
2019-01-29,3.99596
2019-01-30,3.9939
2019-01-31,3.99497
2019-02-01,3.99412
2019-02-02,3.99288
2019-02-03,3.99137
2019-02-04,3.98788
2019-02-05,3.98451
2019-02-06,3.9823
2019-02-07,3.98359
2019-02-08,3.98639
2019-02-09,3.98807
2019-02-10,3.98817
2019-02-11,3.98691
2019-02-12,3.98486
2019-02-13,3.98171
2019-02-14,3.97925
2019-02-15,3.97961
2019-02-16,3.97692
2019-02-17,3.97655
2019-02-18,3.97586
2019-02-19,3.97486
2019-02-20,3.97556
2019-02-21,3.97217
2019-02-22,3.96958
2019-02-23,3.97011
2019-02-24,3.96954
2019-02-25,3.96652
2019-02-26,3.96625
2019-02-27,3.96586
2019-02-28,3.96437
2019-03-01,3.96277
2019-03-02,3.96276
2019-03-03,3.95868
2019-03-04,3.9581
2019-03-05,3.95678
2019-03-06,3.9558
2019-03-07,3.9532
2019-03-08,3.95125
2019-03-09,3.95082
2019-03-10,3.95026
2019-03-11,3.94856
2019-03-12,3.94669
2019-03-13,3.94512
2019-03-14,3.94403
2019-03-15,3.94443
2019-03-16,3.94375
2019-03-17,3.94435
2019-03-18,3.94354
2019-03-19,3.94353
2019-03-20,3.94663
2019-03-21,3.94685
2019-03-22,3.94644
2019-03-23,3.94812
2019-03-24,3.94685
2019-03-25,3.94756
2019-03-26,3.94698
2019-03-27,3.94521
2019-03-28,3.94585
2019-03-29,3.94496
2019-03-30,3.94339
2019-03-31,3.94382
2019-04-01,3.94166
2019-04-02,3.93973
2019-04-03,3.93881
2019-04-04,3.93802
2019-04-05,3.93639
2019-04-06,3.93746
2019-04-07,3.93392
2019-04-08,3.93198
2019-04-09,3.93162
2019-04-10,3.92879
2019-04-11,3.92737
2019-04-12,3.92715
2019-04-13,3.92564
2019-04-14,3.92509
2019-04-15,3.9216
2019-04-16,3.92149
2019-04-17,3.91977
2019-04-18,3.91769
2019-04-19,3.91505
2019-04-20,3.91575
2019-04-21,3.91324
2019-04-22,3.91292
2019-04-23,3.91109
2019-04-24,3.90747
2019-04-25,3.91005
2019-04-26,3.9098
2019-04-27,3.91005
2019-04-28,3.91034
2019-04-29,3.91026
2019-04-30,3.9104
2019-05-01,3.90862
2019-05-02,3.9105
2019-05-03,3.91249
2019-05-04,3.91312
2019-05-05,3.91053
2019-05-06,3.90955
2019-05-07,3.90919
2019-05-08,3.90791
2019-05-09,3.90686
2019-05-10,3.90613
2019-05-11,3.90562
2019-05-12,3.90257
2019-05-13,3.90288
2019-05-14,3.90507
2019-05-15,3.9051
2019-05-16,3.90238
2019-05-17,3.90303
2019-05-18,3.90283
2019-05-19,3.90231
2019-05-20,3.9033
2019-05-21,3.90314
2019-05-22,3.90285
2019-05-23,3.90276
2019-05-24,3.90345
2019-05-25,3.90126
2019-05-26,3.89918
2019-05-27,3.89879
2019-05-28,3.89915
2019-05-29,3.90058
2019-05-30,3.90008
2019-05-31,3.89887
2019-06-01,3.8948
2019-06-02,3.8943
2019-06-03,3.89149
2019-06-04,3.88628
2019-06-05,3.88425
2019-06-06,3.88478
2019-06-07,3.8854
2019-06-08,3.88594
2019-06-09,3.88414
2019-06-10,3.88525
2019-06-11,3.88609
2019-06-12,3.88553
2019-06-13,3.88425
2019-06-14,3.88367
2019-06-15,3.8844
2019-06-16,3.88247
2019-06-17,3.88005
2019-06-18,3.87732
2019-06-19,3.87746
2019-06-20,3.87863
2019-06-21,3.87625
2019-06-22,3.87451
2019-06-23,3.87267
2019-06-24,3.87291
2019-06-25,3.87393
2019-06-26,3.87344
2019-06-27,3.87639
2019-06-28,3.87485
2019-06-29,3.8753
2019-06-30,3.87731
2019-07-01,3.87726
2019-07-02,3.877
2019-07-03,3.87974
2019-07-04,3.88213
2019-07-05,3.88393
2019-07-06,3.8856
2019-07-07,3.88676
2019-07-08,3.88595
2019-07-09,3.88862
2019-07-10,3.88857
2019-07-11,3.88775
2019-07-12,3.88647
2019-07-13,3.8876
2019-07-14,3.8878
2019-07-15,3.8883
2019-07-16,3.88986
2019-07-17,3.88962
2019-07-18,3.88614
2019-07-19,3.88202
2019-07-20,3.87896
2019-07-21,3.88149
2019-07-22,3.87857
2019-07-23,3.87752
2019-07-24,3.8759
2019-07-25,3.87264
2019-07-26,3.87108
2019-07-27,3.87054
2019-07-28,3.87064
2019-07-29,3.87052
2019-07-30,3.87262
2019-07-31,3.87184
2019-08-01,3.87295
2019-08-02,3.87172
2019-08-03,3.87147
2019-08-04,3.87075
2019-08-05,3.87081
2019-08-06,3.87132
2019-08-07,3.87162
2019-08-08,3.87089
2019-08-09,3.86996
2019-08-10,3.86736
2019-08-11,3.8655
2019-08-12,3.86492
2019-08-13,3.86326
2019-08-14,3.8644
2019-08-15,3.8633
2019-08-16,3.86278
2019-08-17,3.86199
2019-08-18,3.85922
2019-08-19,3.85744
2019-08-20,3.85796
2019-08-21,3.85791
2019-08-22,3.85572
2019-08-23,3.85472
2019-08-24,3.85482
2019-08-25,3.85626
2019-08-26,3.85447
2019-08-27,3.85047
2019-08-28,3.84874
2019-08-29,3.84922
2019-08-30,3.84959
2019-08-31,3.84952
2019-09-01,3.85018
2019-09-02,3.84971
2019-09-03,3.84967
2019-09-04,3.85207
2019-09-05,3.85199
2019-09-06,3.85266
2019-09-07,3.85267
2019-09-08,3.85225
2019-09-09,3.85281
2019-09-10,3.85323
2019-09-11,3.85581
2019-09-12,3.8565
2019-09-13,3.85681
2019-09-14,3.85774
2019-09-15,3.85844
2019-09-16,3.85863
2019-09-17,3.86028
2019-09-18,3.86031
2019-09-19,3.86118
2019-09-20,3.86032
2019-09-21,3.86042
2019-09-22,3.86078
2019-09-23,3.86152
2019-09-24,3.85865
2019-09-25,3.85731
2019-09-26,3.85815
2019-09-27,3.85978
2019-09-28,3.85776
2019-09-29,3.85784
2019-09-30,3.85543
2019-10-01,3.85297
2019-10-02,3.85302
2019-10-03,3.85284
2019-10-04,3.8522
2019-10-05,3.85307
2019-10-06,3.8551
2019-10-07,3.85521
2019-10-08,3.85628
2019-10-09,3.85823
2019-10-10,3.8574
2019-10-11,3.85717
2019-10-12,3.85853
2019-10-13,3.85756
2019-10-14,3.85927
2019-10-15,3.85687
2019-10-16,3.85779
2019-10-17,3.85777
2019-10-18,3.85825
2019-10-19,3.85915
2019-10-20,3.85868
2019-10-21,3.85888
2019-10-22,3.85873
2019-10-23,3.85939
2019-10-24,3.86304
2019-10-25,3.86237
2019-10-26,3.86161
2019-10-27,3.86152
2019-10-28,3.85933
2019-10-29,3.85806
2019-10-30,3.85612
2019-10-31,3.85357
2019-11-01,3.85156
2019-11-02,3.85023
2019-11-03,3.84784
2019-11-04,3.84858
2019-11-05,3.84731
2019-11-06,3.84811
2019-11-07,3.8479
2019-11-08,3.84857
2019-11-09,3.84829
2019-11-10,3.84886
2019-11-11,3.8499
2019-11-12,3.8503
2019-11-13,3.85105
2019-11-14,3.85067
2019-11-15,3.85334
2019-11-16,3.85529
2019-11-17,3.85511
2019-11-18,3.857
2019-11-19,3.85765
2019-11-20,3.85837
2019-11-21,3.86073
2019-11-22,3.86147
2019-11-23,3.86163
2019-11-24,3.86339
2019-11-25,3.86332
2019-11-26,3.86402
2019-11-27,3.86301
2019-11-28,3.86419
2019-11-29,3.86807
2019-11-30,3.8703
2019-12-01,3.8701
2019-12-02,3.87158
2019-12-03,3.87349
2019-12-04,3.87454
2019-12-05,3.87684
2019-12-06,3.87718
2019-12-07,3.87909
2019-12-08,3.88074
2019-12-09,3.88182
2019-12-10,3.8832
2019-12-11,3.8845
2019-12-12,3.88503
2019-12-13,3.88481
2019-12-14,3.88483
2019-12-15,3.88456
2019-12-16,3.88488
2019-12-17,3.88422
2019-12-18,3.8848
2019-12-19,3.88331
2019-12-20,3.88451
2019-12-21,3.88527
2019-12-22,3.88485
2019-12-23,3.88386
2019-12-24,3.88279
2019-12-25,3.87991
2019-12-26,3.8774
2019-12-27,3.87641
2019-12-28,3.87437
2019-12-29,3.87478
2019-12-30,3.87278
2019-12-31,3.87314
2020-01-01,3.87244
2020-01-02,3.87367
2020-01-03,3.87224
2020-01-04,3.87326
2020-01-05,3.87316
2020-01-06,3.87435
2020-01-07,3.87353
2020-01-08,3.87356
2020-01-09,3.87153
2020-01-10,3.87117
2020-01-11,3.87083
2020-01-12,3.87224
2020-01-13,3.87286
2020-01-14,3.87202
2020-01-15,3.87258
2020-01-16,3.8735
2020-01-17,3.87544
2020-01-18,3.87656
2020-01-19,3.87612
2020-01-20,3.87518
2020-01-21,3.87491
2020-01-22,3.87619
2020-01-23,3.8765
2020-01-24,3.87584
2020-01-25,3.87646
2020-01-26,3.87704
2020-01-27,3.87709
2020-01-28,3.87555
2020-01-29,3.87486
2020-01-30,3.87619
2020-01-31,3.87584
2020-02-01,3.8744
2020-02-02,3.8745
2020-02-03,3.87448
2020-02-04,3.87414
2020-02-05,3.87267
2020-02-06,3.87186
2020-02-07,3.86859
2020-02-08,3.86643
2020-02-09,3.86523
2020-02-10,3.86578
2020-02-11,3.86374
2020-02-12,3.86481
2020-02-13,3.8636
2020-02-14,3.86322
2020-02-15,3.86344
2020-02-16,3.86245
2020-02-17,3.8608
2020-02-18,3.86059
2020-02-19,3.85966
2020-02-20,3.86009
2020-02-21,3.86019
2020-02-22,3.85925
2020-02-23,3.85921
2020-02-24,3.85919
2020-02-25,3.85865
2020-02-26,3.857
2020-02-27,3.85626
2020-02-28,3.85563
2020-02-29,3.8549
2020-03-01,3.85504
2020-03-02,3.85684
2020-03-03,3.85732
2020-03-04,3.8572
2020-03-05,3.85962
2020-03-06,3.86072
2020-03-07,3.86096
2020-03-08,3.86194
2020-03-09,3.86313
2020-03-10,3.86331
2020-03-11,3.86213
2020-03-12,3.86062
2020-03-13,3.85991
2020-03-14,3.8575
2020-03-15,3.85457
2020-03-16,3.85225
2020-03-17,3.84883
2020-03-18,3.84473
2020-03-19,3.83996
2020-03-20,3.83701
2020-03-21,3.83288
2020-03-22,3.831
2020-03-23,3.82896
2020-03-24,3.826
2020-03-25,3.82549
2020-03-26,3.82104
2020-03-27,3.82164
2020-03-28,3.82181
2020-03-29,3.82115
2020-03-30,3.82162
2020-03-31,3.82203
2020-04-01,3.82175
2020-04-02,3.82215
2020-04-03,3.82269
2020-04-04,3.82042
2020-04-05,3.82132
2020-04-06,3.82334
2020-04-07,3.82153
2020-04-08,3.82379
2020-04-09,3.82304
2020-04-10,3.8224
2020-04-11,3.82284
2020-04-12,3.82417
2020-04-13,3.82604
2020-04-14,3.82749
2020-04-15,3.82872
2020-04-16,3.83054
2020-04-17,3.83049
2020-04-18,3.82831
2020-04-19,3.82987
2020-04-20,3.82872
2020-04-21,3.83027
2020-04-22,3.83229
2020-04-23,3.82958
2020-04-24,3.82913
2020-04-25,3.82822
2020-04-26,3.82778
2020-04-27,3.8255
2020-04-28,3.8235
2020-04-29,3.82411
2020-04-30,3.82181
2020-05-01,3.81785
2020-05-02,3.81666
2020-05-03,3.81744
2020-05-04,3.81985
2020-05-05,3.81993
2020-05-06,3.82178
2020-05-07,3.82151
2020-05-08,3.82089
2020-05-09,3.82141
2020-05-10,3.82148
2020-05-11,3.8219
2020-05-12,3.81975
2020-05-13,3.81376
2020-05-14,3.80704
2020-05-15,3.80037
2020-05-16,3.79372
2020-05-17,3.78695
2020-05-18,3.77861
2020-05-19,3.77134
2020-05-20,3.76419
2020-05-21,3.75602
2020-05-22,3.74908
2020-05-23,3.7418
2020-05-24,3.73575
2020-05-25,3.72777
2020-05-26,3.71996
2020-05-27,3.71234
2020-05-28,3.70448
2020-05-29,3.6974
2020-05-30,3.69332
2020-05-31,3.68779
2020-06-01,3.6835
2020-06-02,3.67953
2020-06-03,3.67282
2020-06-04,3.66603
2020-06-05,3.65988
2020-06-06,3.65465
2020-06-07,3.6525
2020-06-08,3.64737
2020-06-09,3.64162
2020-06-10,3.63681
2020-06-11,3.63303
2020-06-12,3.62852
2020-06-13,3.62193
2020-06-14,3.61685
2020-06-15,3.61335
2020-06-16,3.60851
2020-06-17,3.6019
2020-06-18,3.59386
2020-06-19,3.58769
2020-06-20,3.58303
2020-06-21,3.57757
2020-06-22,3.56953
2020-06-23,3.56166
2020-06-24,3.55659
2020-06-25,3.54946
2020-06-26,3.54408
2020-06-27,3.53798
2020-06-28,3.53017
2020-06-29,3.52439
2020-06-30,3.51908
2020-07-01,3.51275
2020-07-02,3.50594
2020-07-03,3.49956
2020-07-04,3.49154
2020-07-05,3.48412
2020-07-06,3.47873
2020-07-07,3.4712
2020-07-08,3.46567
2020-07-09,3.4616
2020-07-10,3.45799
2020-07-11,3.45173
2020-07-12,3.44697
2020-07-13,3.44178
2020-07-14,3.43634
2020-07-15,3.42964
2020-07-16,3.42483
2020-07-17,3.42082
2020-07-18,3.4164
2020-07-19,3.40812
2020-07-20,3.40191
2020-07-21,3.3954
2020-07-22,3.38942
2020-07-23,3.3844
2020-07-24,3.37829
2020-07-25,3.37191
2020-07-26,3.36588
2020-07-27,3.35874
2020-07-28,3.35179
2020-07-29,3.34659
2020-07-30,3.3394
2020-07-31,3.33385
2020-08-01,3.32698
2020-08-02,3.31926
2020-08-03,3.31212
2020-08-04,3.30745
2020-08-05,3.30088
2020-08-06,3.29434
2020-08-07,3.28953
2020-08-08,3.28423
2020-08-09,3.27828
2020-08-10,3.27269
2020-08-11,3.26787
2020-08-12,3.26192
2020-08-13,3.25643
2020-08-14,3.25024
2020-08-15,3.24546
2020-08-16,3.24168
2020-08-17,3.2379
2020-08-18,3.23051
2020-08-19,3.22436
2020-08-20,3.21937
2020-08-21,3.2143
2020-08-22,3.20869
2020-08-23,3.2019
2020-08-24,3.19621
2020-08-25,3.19154
2020-08-26,3.18628
2020-08-27,3.18036
2020-08-28,3.17298
2020-08-29,3.16714
2020-08-30,3.16029
2020-08-31,3.15442
2020-09-01,3.14893
2020-09-02,3.1425
2020-09-03,3.13774
2020-09-04,3.13036
2020-09-05,3.12371
2020-09-06,3.11783
2020-09-07,3.11034
2020-09-08,3.10594
2020-09-09,3.09826
2020-09-10,3.09023
2020-09-11,3.08438
2020-09-12,3.07841
2020-09-13,3.0732
2020-09-14,3.06829
2020-09-15,3.06271
2020-09-16,3.05752
2020-09-17,3.05043
2020-09-18,3.046
2020-09-19,3.04091
2020-09-20,3.03419
2020-09-21,3.02722
2020-09-22,3.02409
2020-09-23,3.01732
2020-09-24,3.01108
2020-09-25,3.00359
2020-09-26,3.00001
2020-09-27,2.99383
2020-09-28,2.98937
2020-09-29,2.98454
2020-09-30,2.9792
2020-10-01,2.97403
2020-10-02,2.96781
2020-10-03,2.96201
2020-10-04,2.95595
2020-10-05,2.95078
2020-10-06,2.94455
2020-10-07,2.93748
2020-10-08,2.93285
2020-10-09,2.92689
2020-10-10,2.92067
2020-10-11,2.91612
2020-10-12,2.91083
2020-10-13,2.90636
2020-10-14,2.90118
2020-10-15,2.89614
2020-10-16,2.89066
2020-10-17,2.88461
2020-10-18,2.87992
2020-10-19,2.87366
2020-10-20,2.86664
2020-10-21,2.85957
2020-10-22,2.85209
2020-10-23,2.84735
2020-10-24,2.84204
2020-10-25,2.83733
2020-10-26,2.83318
2020-10-27,2.82744
2020-10-28,2.82138
2020-10-29,2.81529
2020-10-30,2.80963
2020-10-31,2.80421
2020-11-01,2.79857
2020-11-02,2.79307
2020-11-03,2.78696
2020-11-04,2.78155
2020-11-05,2.77765
2020-11-06,2.77313
2020-11-07,2.76932
2020-11-08,2.76412
2020-11-09,2.75708
2020-11-10,2.75274
2020-11-11,2.74822
2020-11-12,2.74371
2020-11-13,2.73722
2020-11-14,2.73079
2020-11-15,2.72518
2020-11-16,2.71942
2020-11-17,2.715
2020-11-18,2.70998
2020-11-19,2.70574
2020-11-20,2.70074
2020-11-21,2.69717
2020-11-22,2.69072
2020-11-23,2.68744
2020-11-24,2.68364
2020-11-25,2.67968
2020-11-26,2.67517
2020-11-27,2.66878