Date,Bitcoin Core (BTC) Price
2009-01-10,0
2009-01-11,0
2009-01-12,0
2009-01-13,0
2009-01-14,0
2009-01-15,0
2009-01-16,0
2009-01-17,0
2009-01-18,0
2009-01-19,0
2009-01-20,0
2009-01-21,0
2009-01-22,0
2009-01-23,0
2009-01-24,0
2009-01-25,0
2009-01-26,0
2009-01-27,0
2009-01-28,0
2009-01-29,0
2009-01-30,0
2009-01-31,0
2009-02-01,0
2009-02-02,0
2009-02-03,0
2009-02-04,0
2009-02-05,0
2009-02-06,0
2009-02-07,0
2009-02-08,0
2009-02-09,0
2009-02-10,0
2009-02-11,0
2009-02-12,0
2009-02-13,0
2009-02-14,0
2009-02-15,0
2009-02-16,0
2009-02-17,0
2009-02-18,0
2009-02-19,0
2009-02-20,0
2009-02-21,0
2009-02-22,0
2009-02-23,0
2009-02-24,0
2009-02-25,0
2009-02-26,0
2009-02-27,0
2009-02-28,0
2009-03-01,0
2009-03-02,0
2009-03-03,0
2009-03-04,0
2009-03-05,0
2009-03-06,0
2009-03-07,0
2009-03-08,0
2009-03-09,0
2009-03-10,0
2009-03-11,0
2009-03-12,0
2009-03-13,0
2009-03-14,0
2009-03-15,0
2009-03-16,0
2009-03-17,0
2009-03-18,0
2009-03-19,0
2009-03-20,0
2009-03-21,0
2009-03-22,0
2009-03-23,0
2009-03-24,0
2009-03-25,0
2009-03-26,0
2009-03-27,0
2009-03-28,0
2009-03-29,0
2009-03-30,0
2009-03-31,0
2009-04-01,0
2009-04-02,0
2009-04-03,0
2009-04-04,0
2009-04-05,0
2009-04-06,0
2009-04-07,0
2009-04-08,0
2009-04-09,0
2009-04-10,0
2009-04-11,0
2009-04-12,0
2009-04-13,0
2009-04-14,0
2009-04-15,0
2009-04-16,0
2009-04-17,0
2009-04-18,0
2009-04-19,0
2009-04-20,0
2009-04-21,0
2009-04-22,0
2009-04-23,0
2009-04-24,0
2009-04-25,0
2009-04-26,0
2009-04-27,0
2009-04-28,0
2009-04-29,0
2009-04-30,0
2009-05-01,0
2009-05-02,0
2009-05-03,0
2009-05-04,0
2009-05-05,0
2009-05-06,0
2009-05-07,0
2009-05-08,0
2009-05-09,0
2009-05-10,0
2009-05-11,0
2009-05-12,0
2009-05-13,0
2009-05-14,0
2009-05-15,0
2009-05-16,0
2009-05-17,0
2009-05-18,0
2009-05-19,0
2009-05-20,0
2009-05-21,0
2009-05-22,0
2009-05-23,0
2009-05-24,0
2009-05-25,0
2009-05-26,0
2009-05-27,0
2009-05-28,0
2009-05-29,0
2009-05-30,0
2009-05-31,0
2009-06-01,0
2009-06-02,0
2009-06-03,0
2009-06-04,0
2009-06-05,0
2009-06-06,0
2009-06-07,0
2009-06-08,0
2009-06-09,0
2009-06-10,0
2009-06-11,0
2009-06-12,0
2009-06-13,0
2009-06-14,0
2009-06-15,0
2009-06-16,0
2009-06-17,0
2009-06-18,0
2009-06-19,0
2009-06-20,0
2009-06-21,0
2009-06-22,0
2009-06-23,0
2009-06-24,0
2009-06-25,0
2009-06-26,0
2009-06-27,0
2009-06-28,0
2009-06-29,0
2009-06-30,0
2009-07-01,0
2009-07-02,0
2009-07-03,0
2009-07-04,0
2009-07-05,0
2009-07-06,0
2009-07-07,0
2009-07-08,0
2009-07-09,0
2009-07-10,0
2009-07-11,0
2009-07-12,0
2009-07-13,0
2009-07-14,0
2009-07-15,0
2009-07-16,0
2009-07-17,0
2009-07-18,0
2009-07-19,0
2009-07-20,0
2009-07-21,0
2009-07-22,0
2009-07-23,0
2009-07-24,0
2009-07-25,0
2009-07-26,0
2009-07-27,0
2009-07-28,0
2009-07-29,0
2009-07-30,0
2009-07-31,0
2009-08-01,0
2009-08-02,0
2009-08-03,0
2009-08-04,0
2009-08-05,0
2009-08-06,0
2009-08-07,0
2009-08-08,0
2009-08-09,0
2009-08-10,0
2009-08-11,0
2009-08-12,0
2009-08-13,0
2009-08-14,0
2009-08-15,0
2009-08-16,0
2009-08-17,0
2009-08-18,0
2009-08-19,0
2009-08-20,0
2009-08-21,0
2009-08-22,0
2009-08-23,0
2009-08-24,0
2009-08-25,0
2009-08-26,0
2009-08-27,0
2009-08-28,0
2009-08-29,0
2009-08-30,0
2009-08-31,0
2009-09-01,0
2009-09-02,0
2009-09-03,0
2009-09-04,0
2009-09-05,0
2009-09-06,0
2009-09-07,0
2009-09-08,0
2009-09-09,0
2009-09-10,0
2009-09-11,0
2009-09-12,0
2009-09-13,0
2009-09-14,0
2009-09-15,0
2009-09-16,0
2009-09-17,0
2009-09-18,0
2009-09-19,0
2009-09-20,0
2009-09-21,0
2009-09-22,0
2009-09-23,0
2009-09-24,0
2009-09-25,0
2009-09-26,0
2009-09-27,0
2009-09-28,0
2009-09-29,0
2009-09-30,0
2009-10-01,0
2009-10-02,0
2009-10-03,0
2009-10-04,0
2009-10-05,0
2009-10-06,0
2009-10-07,0
2009-10-08,0
2009-10-09,0
2009-10-10,0
2009-10-11,0
2009-10-12,0
2009-10-13,0
2009-10-14,0
2009-10-15,0
2009-10-16,0
2009-10-17,0
2009-10-18,0
2009-10-19,0
2009-10-20,0
2009-10-21,0
2009-10-22,0
2009-10-23,0
2009-10-24,0
2009-10-25,0
2009-10-26,0
2009-10-27,0
2009-10-28,0
2009-10-29,0
2009-10-30,0
2009-10-31,0
2009-11-01,0
2009-11-02,0
2009-11-03,0
2009-11-04,0
2009-11-05,0
2009-11-06,0
2009-11-07,0
2009-11-08,0
2009-11-09,0
2009-11-10,0
2009-11-11,0
2009-11-12,0
2009-11-13,0
2009-11-14,0
2009-11-15,0
2009-11-16,0
2009-11-17,0
2009-11-18,0
2009-11-19,0
2009-11-20,0
2009-11-21,0
2009-11-22,0
2009-11-23,0
2009-11-24,0
2009-11-25,0
2009-11-26,0
2009-11-27,0
2009-11-28,0
2009-11-29,0
2009-11-30,0
2009-12-01,0
2009-12-02,0
2009-12-03,0
2009-12-04,0
2009-12-05,0
2009-12-06,0
2009-12-07,0
2009-12-08,0
2009-12-09,0
2009-12-10,0
2009-12-11,0
2009-12-12,0
2009-12-13,0
2009-12-14,0
2009-12-15,0
2009-12-16,0
2009-12-17,0
2009-12-18,0
2009-12-19,0
2009-12-20,0
2009-12-21,0
2009-12-22,0
2009-12-23,0
2009-12-24,0
2009-12-25,0
2009-12-26,0
2009-12-27,0
2009-12-28,0
2009-12-29,0
2009-12-30,0
2009-12-31,0
2010-01-01,0
2010-01-02,0
2010-01-03,0
2010-01-04,0
2010-01-05,0
2010-01-06,0
2010-01-07,0
2010-01-08,0
2010-01-09,0
2010-01-10,0
2010-01-11,0
2010-01-12,0
2010-01-13,0
2010-01-14,0
2010-01-15,0
2010-01-16,0
2010-01-17,0
2010-01-18,0
2010-01-19,0
2010-01-20,0
2010-01-21,0
2010-01-22,0
2010-01-23,0
2010-01-24,0
2010-01-25,0
2010-01-26,0
2010-01-27,0
2010-01-28,0
2010-01-29,0
2010-01-30,0
2010-01-31,0
2010-02-01,0
2010-02-02,0
2010-02-03,0
2010-02-04,0
2010-02-05,0
2010-02-06,0
2010-02-07,0
2010-02-08,0
2010-02-09,0
2010-02-10,0
2010-02-11,0
2010-02-12,0
2010-02-13,0
2010-02-14,0
2010-02-15,0
2010-02-16,0
2010-02-17,0
2010-02-18,0
2010-02-19,0
2010-02-20,0
2010-02-21,0
2010-02-22,0
2010-02-23,0
2010-02-24,0
2010-02-25,0
2010-02-26,0
2010-02-27,0
2010-02-28,0
2010-03-01,0
2010-03-02,0
2010-03-03,0
2010-03-04,0
2010-03-05,0
2010-03-06,0
2010-03-07,0
2010-03-08,0
2010-03-09,0
2010-03-10,0
2010-03-11,0
2010-03-12,0
2010-03-13,0
2010-03-14,0
2010-03-15,0
2010-03-16,0
2010-03-17,0
2010-03-18,0
2010-03-19,0
2010-03-20,0
2010-03-21,0
2010-03-22,0
2010-03-23,0
2010-03-24,0
2010-03-25,0
2010-03-26,0
2010-03-27,0
2010-03-28,0
2010-03-29,0
2010-03-30,0
2010-03-31,0
2010-04-01,0
2010-04-02,0
2010-04-03,0
2010-04-04,0
2010-04-05,0
2010-04-06,0
2010-04-07,0
2010-04-08,0
2010-04-09,0
2010-04-10,0
2010-04-11,0
2010-04-12,0
2010-04-13,0
2010-04-14,0
2010-04-15,0
2010-04-16,0
2010-04-17,0
2010-04-18,0
2010-04-19,0
2010-04-20,0
2010-04-21,0
2010-04-22,0
2010-04-23,0
2010-04-24,0
2010-04-25,0
2010-04-26,0
2010-04-27,0
2010-04-28,0
2010-04-29,0
2010-04-30,0
2010-05-01,0
2010-05-02,0
2010-05-03,0
2010-05-04,0
2010-05-05,0
2010-05-06,0
2010-05-07,0
2010-05-08,0
2010-05-09,0
2010-05-10,0
2010-05-11,0
2010-05-12,0
2010-05-13,0
2010-05-14,0
2010-05-15,0
2010-05-16,0
2010-05-17,0
2010-05-18,0
2010-05-19,0
2010-05-20,0
2010-05-21,0
2010-05-22,0
2010-05-23,0
2010-05-24,0
2010-05-25,0
2010-05-26,0
2010-05-27,0
2010-05-28,0
2010-05-29,0
2010-05-30,0
2010-05-31,0
2010-06-01,0
2010-06-02,0
2010-06-03,0
2010-06-04,0
2010-06-05,0
2010-06-06,0
2010-06-07,0
2010-06-08,0
2010-06-09,0
2010-06-10,0
2010-06-11,0
2010-06-12,0
2010-06-13,0
2010-06-14,0
2010-06-15,0
2010-06-16,0
2010-06-17,0
2010-06-18,0
2010-06-19,0
2010-06-20,0
2010-06-21,0
2010-06-22,0
2010-06-23,0
2010-06-24,0
2010-06-25,0
2010-06-26,0
2010-06-27,0
2010-06-28,0
2010-06-29,0
2010-06-30,0
2010-07-01,0
2010-07-02,0
2010-07-03,0
2010-07-04,0
2010-07-05,0
2010-07-06,0
2010-07-07,0
2010-07-08,0
2010-07-09,0
2010-07-10,0
2010-07-11,0
2010-07-12,0
2010-07-13,0
2010-07-14,0
2010-07-15,0
2010-07-16,0
2010-07-17,0
2010-07-18,0.05
2010-07-19,0.08
2010-07-20,0.09
2010-07-21,0.08
2010-07-22,0.08
2010-07-23,0.06
2010-07-24,0.06
2010-07-25,0.05
2010-07-26,0.05
2010-07-27,0.06
2010-07-28,0.06
2010-07-29,0.06
2010-07-30,0.07
2010-07-31,0.07
2010-08-01,0.07
2010-08-02,0.06
2010-08-03,0.06
2010-08-04,0.06
2010-08-05,0.06
2010-08-06,0.06
2010-08-07,0.06
2010-08-08,0.06
2010-08-09,0.06
2010-08-10,0.07
2010-08-11,0.07
2010-08-12,0.07
2010-08-13,0.07
2010-08-14,0.07
2010-08-15,0.07
2010-08-16,0.07
2010-08-17,0.07
2010-08-18,0.07
2010-08-19,0.07
2010-08-20,0.07
2010-08-21,0.07
2010-08-22,0.07
2010-08-23,0.07
2010-08-24,0.07
2010-08-25,0.07
2010-08-26,0.07
2010-08-27,0.07
2010-08-28,0.07
2010-08-29,0.06
2010-08-30,0.06
2010-08-31,0.07
2010-09-01,0.06
2010-09-02,0.06
2010-09-03,0.06
2010-09-04,0.06
2010-09-05,0.06
2010-09-06,0.06
2010-09-07,0.06
2010-09-08,0.06
2010-09-09,0.06
2010-09-10,0.06
2010-09-11,0.06
2010-09-12,0.06
2010-09-13,0.06
2010-09-14,0.06
2010-09-15,0.06
2010-09-16,0.06
2010-09-17,0.06
2010-09-18,0.06
2010-09-19,0.06
2010-09-20,0.06
2010-09-21,0.06
2010-09-22,0.06
2010-09-23,0.06
2010-09-24,0.06
2010-09-25,0.06
2010-09-26,0.06
2010-09-27,0.06
2010-09-28,0.06
2010-09-29,0.06
2010-09-30,0.06
2010-10-01,0.06
2010-10-02,0.06
2010-10-03,0.06
2010-10-04,0.06
2010-10-05,0.06
2010-10-06,0.06
2010-10-07,0.06
2010-10-08,0.07
2010-10-09,0.09
2010-10-10,0.09
2010-10-11,0.1
2010-10-12,0.1
2010-10-13,0.09
2010-10-14,0.11
2010-10-15,0.1
2010-10-16,0.11
2010-10-17,0.1
2010-10-18,0.1
2010-10-19,0.1
2010-10-20,0.1
2010-10-21,0.1
2010-10-22,0.11
2010-10-23,0.11
2010-10-24,0.11
2010-10-25,0.12
2010-10-26,0.14
2010-10-27,0.16
2010-10-28,0.19
2010-10-29,0.18
2010-10-30,0.19
2010-10-31,0.2
2010-11-01,0.19
2010-11-02,0.2
2010-11-03,0.19
2010-11-04,0.19
2010-11-05,0.22
2010-11-06,0.25
2010-11-07,0.34
2010-11-08,0.35
2010-11-09,0.28
2010-11-10,0.24
2010-11-11,0.22
2010-11-12,0.22
2010-11-13,0.27
2010-11-14,0.28
2010-11-15,0.28
2010-11-16,0.27
2010-11-17,0.24
2010-11-18,0.25
2010-11-19,0.27
2010-11-20,0.28
2010-11-21,0.28
2010-11-22,0.28
2010-11-23,0.28
2010-11-24,0.28
2010-11-25,0.28
2010-11-26,0.28
2010-11-27,0.28
2010-11-28,0.28
2010-11-29,0.28
2010-11-30,0.24
2010-12-01,0.21
2010-12-02,0.22
2010-12-03,0.25
2010-12-04,0.25
2010-12-05,0.22
2010-12-06,0.2
2010-12-07,0.2
2010-12-08,0.22
2010-12-09,0.24
2010-12-10,0.21
2010-12-11,0.2
2010-12-12,0.22
2010-12-13,0.22
2010-12-14,0.22
2010-12-15,0.24
2010-12-16,0.24
2010-12-17,0.25
2010-12-18,0.25
2010-12-19,0.25
2010-12-20,0.24
2010-12-21,0.27
2010-12-22,0.25
2010-12-23,0.25
2010-12-24,0.25
2010-12-25,0.25
2010-12-26,0.25
2010-12-27,0.26
2010-12-28,0.27
2010-12-29,0.28
2010-12-30,0.3
2010-12-31,0.3
2011-01-01,0.3
2011-01-02,0.3
2011-01-03,0.3
2011-01-04,0.3
2011-01-05,0.3
2011-01-06,0.3
2011-01-07,0.3
2011-01-08,0.32
2011-01-09,0.32
2011-01-10,0.32
2011-01-11,0.33
2011-01-12,0.33
2011-01-13,0.33
2011-01-14,0.34
2011-01-15,0.4
2011-01-16,0.39
2011-01-17,0.39
2011-01-18,0.35
2011-01-19,0.32
2011-01-20,0.31
2011-01-21,0.37
2011-01-22,0.41
2011-01-23,0.44
2011-01-24,0.44
2011-01-25,0.42
2011-01-26,0.42
2011-01-27,0.42
2011-01-28,0.43
2011-01-29,0.44
2011-01-30,0.44
2011-01-31,0.47
2011-02-01,0.52
2011-02-02,0.72
2011-02-03,0.72
2011-02-04,0.7
2011-02-05,0.81
2011-02-06,0.89
2011-02-07,0.89
2011-02-08,0.88
2011-02-09,0.91
2011-02-10,1.03
2011-02-11,0.97
2011-02-12,1.03
2011-02-13,1.07
2011-02-14,1.05
2011-02-15,1.07
2011-02-16,1.05
2011-02-17,1.05
2011-02-18,1.04
2011-02-19,0.9
2011-02-20,0.93
2011-02-21,0.85
2011-02-22,0.84
2011-02-23,0.87
2011-02-24,0.9
2011-02-25,0.98
2011-02-26,0.94
2011-02-27,0.95
2011-02-28,0.91
2011-03-01,0.87
2011-03-02,0.94
2011-03-03,0.93
2011-03-04,0.93
2011-03-05,0.91
2011-03-06,0.9
2011-03-07,0.87
2011-03-08,0.89
2011-03-09,0.87
2011-03-10,0.86
2011-03-11,0.91
2011-03-12,0.89
2011-03-13,0.91
2011-03-14,0.9
2011-03-15,0.89
2011-03-16,0.87
2011-03-17,0.86
2011-03-18,0.84
2011-03-19,0.8
2011-03-20,0.77
2011-03-21,0.76
2011-03-22,0.75
2011-03-23,0.8
2011-03-24,0.84
2011-03-25,0.87
2011-03-26,0.88
2011-03-27,0.87
2011-03-28,0.83
2011-03-29,0.81
2011-03-30,0.79
2011-03-31,0.79
2011-04-01,0.78
2011-04-02,0.78
2011-04-03,0.78
2011-04-04,0.78
2011-04-05,0.69
2011-04-06,0.69
2011-04-07,0.73
2011-04-08,0.75
2011-04-09,0.75
2011-04-10,0.74
2011-04-11,0.74
2011-04-12,0.77
2011-04-13,0.86
2011-04-14,0.93
2011-04-15,0.98
2011-04-16,1
2011-04-17,1.05
2011-04-18,1.1
2011-04-19,1.16
2011-04-20,1.19
2011-04-21,1.15
2011-04-22,1.2
2011-04-23,1.35
2011-04-24,1.62
2011-04-25,1.65
2011-04-26,1.57
2011-04-27,1.73
2011-04-28,1.9
2011-04-29,2.12
2011-04-30,2.74
2011-05-01,3.4
2011-05-02,3.09
2011-05-03,3.22
2011-05-04,3.37
2011-05-05,3.43
2011-05-06,3.37
2011-05-07,3.47
2011-05-08,3.63
2011-05-09,3.82
2011-05-10,3.8
2011-05-11,5.28
2011-05-12,5.43
2011-05-13,6.07
2011-05-14,7.84
2011-05-15,7.53
2011-05-16,6.87
2011-05-17,7.9
2011-05-18,7.35
2011-05-19,7.01
2011-05-20,6.88
2011-05-21,5.94
2011-05-22,6.05
2011-05-23,6.58
2011-05-24,7.13
2011-05-25,7.33
2011-05-26,8.19
2011-05-27,8.68
2011-05-28,8.59
2011-05-29,8.38
2011-05-30,8.37
2011-05-31,8.76
2011-06-01,8.81
2011-06-02,9.39
2011-06-03,10.36
2011-06-04,13.69
2011-06-05,17.65
2011-06-06,17.01
2011-06-07,18.51
2011-06-08,21.91
2011-06-09,28.43
2011-06-10,29.25
2011-06-11,24.31
2011-06-12,16.13
2011-06-13,17.38
2011-06-14,19.98
2011-06-15,19.26
2011-06-16,19.59
2011-06-17,17.93
2011-06-18,15.6
2011-06-19,16.46
2011-06-20,17.64
2011-06-21,17.51
2011-06-22,17.51
2011-06-23,17.51
2011-06-24,17.51
2011-06-25,17.51
2011-06-26,17.51
2011-06-27,16.02
2011-06-28,16.88
2011-06-29,16.94
2011-06-30,16.86
2011-07-01,16.31
2011-07-02,15.65
2011-07-03,15.47
2011-07-04,15.46
2011-07-05,14.17
2011-07-06,12.86
2011-07-07,14.79
2011-07-08,14.97
2011-07-09,14.33
2011-07-10,14.39
2011-07-11,14.99
2011-07-12,14.29
2011-07-13,14.08
2011-07-14,13.99
2011-07-15,13.96
2011-07-16,13.85
2011-07-17,13.67
2011-07-18,13.25
2011-07-19,13.26
2011-07-20,13.95
2011-07-21,13.69
2011-07-22,13.64
2011-07-23,13.68
2011-07-24,13.66
2011-07-25,13.92
2011-07-26,14.13
2011-07-27,13.9
2011-07-28,13.95
2011-07-29,13.55
2011-07-30,13.51
2011-07-31,13.53
2011-08-01,13.44
2011-08-02,13.13
2011-08-03,12.22
2011-08-04,9.86
2011-08-05,10.67
2011-08-06,10.04
2011-08-07,7.19
2011-08-08,7.81
2011-08-09,7.77
2011-08-10,9.86
2011-08-11,9.99
2011-08-12,9.47
2011-08-13,9.39
2011-08-14,9.97
2011-08-15,10.71
2011-08-16,11.23
2011-08-17,11.01
2011-08-18,10.92
2011-08-19,10.87
2011-08-20,11.53
2011-08-21,11.47
2011-08-22,11.35
2011-08-23,10.97
2011-08-24,10.99
2011-08-25,10.9
2011-08-26,9.84
2011-08-27,8.42
2011-08-28,8.61
2011-08-29,9.02
2011-08-30,8.95
2011-08-31,8.79
2011-09-01,8.27
2011-09-02,8.22
2011-09-03,8.54
2011-09-04,8.51
2011-09-05,8.18
2011-09-06,7.62
2011-09-07,6.8
2011-09-08,7.11
2011-09-09,6.67
2011-09-10,5.17
2011-09-11,4.9
2011-09-12,5.96
2011-09-13,6.06
2011-09-14,5.8
2011-09-15,5.59
2011-09-16,4.91
2011-09-17,4.82
2011-09-18,4.77
2011-09-19,5.16
2011-09-20,5.36
2011-09-21,6.11
2011-09-22,5.62
2011-09-23,5.46
2011-09-24,5.57
2011-09-25,5.44
2011-09-26,5.33
2011-09-27,4.91
2011-09-28,4.88
2011-09-29,4.76
2011-09-30,4.74
2011-10-01,5.08
2011-10-02,5.04
2011-10-03,5.01
2011-10-04,4.98
2011-10-05,4.93
2011-10-06,4.87
2011-10-07,4.71
2011-10-08,4.28
2011-10-09,4.02
2011-10-10,4.15
2011-10-11,4.1
2011-10-12,3.94
2011-10-13,4.11
2011-10-14,4.07
2011-10-15,4
2011-10-16,3.87
2011-10-17,3.6
2011-10-18,2.71
2011-10-19,2.52
2011-10-20,2.28
2011-10-21,2.33
2011-10-22,2.56
2011-10-23,3.09
2011-10-24,3.13
2011-10-25,2.68
2011-10-26,2.76
2011-10-27,2.76
2011-10-28,2.98
2011-10-29,3.15
2011-10-30,3.56
2011-10-31,3.33
2011-11-01,3.22
2011-11-02,3.17
2011-11-03,3.24
2011-11-04,3.18
2011-11-05,3.12
2011-11-06,2.99
2011-11-07,2.96
2011-11-08,3.01
2011-11-09,3.07
2011-11-10,2.98
2011-11-11,2.86
2011-11-12,3.03
2011-11-13,3.05
2011-11-14,3
2011-11-15,2.37
2011-11-16,2.32
2011-11-17,2.51
2011-11-18,2.24
2011-11-19,2.09
2011-11-20,2.19
2011-11-21,2.24
2011-11-22,2.26
2011-11-23,2.32
2011-11-24,2.33
2011-11-25,2.43
2011-11-26,2.49
2011-11-27,2.48
2011-11-28,2.47
2011-11-29,2.53
2011-11-30,2.77
2011-12-01,2.94
2011-12-02,3.06
2011-12-03,3.11
2011-12-04,2.86
2011-12-05,2.79
2011-12-06,2.88
2011-12-07,3.01
2011-12-08,3
2011-12-09,2.97
2011-12-10,2.98
2011-12-11,3.05
2011-12-12,3.23
2011-12-13,3.16
2011-12-14,3.23
2011-12-15,3.13
2011-12-16,3.19
2011-12-17,3.19
2011-12-18,3.2
2011-12-19,3.2
2011-12-20,3.47
2011-12-21,3.96
2011-12-22,3.91
2011-12-23,3.84
2011-12-24,3.93
2011-12-25,3.93
2011-12-26,4.18
2011-12-27,4.03
2011-12-28,4.05
2011-12-29,4.17
2011-12-30,4.19
2011-12-31,4.22
2012-01-01,4.66
2012-01-02,5.21
2012-01-03,5.22
2012-01-04,4.89
2012-01-05,5.41
2012-01-06,6.48
2012-01-07,6.72
2012-01-08,6.76
2012-01-09,7.08
2012-01-10,6.33
2012-01-11,6.4
2012-01-12,6.85
2012-01-13,6.76
2012-01-14,6.52
2012-01-15,6.7
2012-01-16,6.95
2012-01-17,6.71
2012-01-18,5.99
2012-01-19,5.93
2012-01-20,6.23
2012-01-21,6.47
2012-01-22,6.25
2012-01-23,6.32
2012-01-24,6.32
2012-01-25,6.31
2012-01-26,5.8
2012-01-27,5.51
2012-01-28,5.29
2012-01-29,5.62
2012-01-30,5.42
2012-01-31,5.5
2012-02-01,5.52
2012-02-02,5.85
2012-02-03,6.07
2012-02-04,5.95
2012-02-05,5.83
2012-02-06,5.65
2012-02-07,5.55
2012-02-08,5.67
2012-02-09,5.61
2012-02-10,5.7
2012-02-11,5.89
2012-02-12,5.65
2012-02-13,5.55
2012-02-14,5.34
2012-02-15,4.55
2012-02-16,4.46
2012-02-17,4.23
2012-02-18,4.43
2012-02-19,4.24
2012-02-20,4.44
2012-02-21,4.36
2012-02-22,4.3
2012-02-23,4.45
2012-02-24,4.95
2012-02-25,4.96
2012-02-26,4.82
2012-02-27,4.96
2012-02-28,4.95
2012-02-29,4.86
2012-03-01,4.79
2012-03-02,4.93
2012-03-03,4.7
2012-03-04,4.64
2012-03-05,4.82
2012-03-06,4.94
2012-03-07,4.97
2012-03-08,4.92
2012-03-09,4.9
2012-03-10,4.88
2012-03-11,4.89
2012-03-12,4.89
2012-03-13,4.88
2012-03-14,5.22
2012-03-15,5.37
2012-03-16,5.26
2012-03-17,5.34
2012-03-18,5.29
2012-03-19,5.24
2012-03-20,4.81
2012-03-21,4.77
2012-03-22,4.8
2012-03-23,4.74
2012-03-24,4.69
2012-03-25,4.66
2012-03-26,4.58
2012-03-27,4.63
2012-03-28,4.72
2012-03-29,4.79
2012-03-30,4.77
2012-03-31,4.83
2012-04-01,4.89
2012-04-02,4.79
2012-04-03,4.94
2012-04-04,4.91
2012-04-05,4.89
2012-04-06,4.91
2012-04-07,4.95
2012-04-08,4.74
2012-04-09,4.76
2012-04-10,4.82
2012-04-11,4.81
2012-04-12,4.9
2012-04-13,4.88
2012-04-14,4.89
2012-04-15,4.97
2012-04-16,4.93
2012-04-17,4.91
2012-04-18,4.96
2012-04-19,5.1
2012-04-20,5.14
2012-04-21,5.27
2012-04-22,5.26
2012-04-23,5.18
2012-04-24,5.07
2012-04-25,5.07
2012-04-26,5.12
2012-04-27,5.08
2012-04-28,5.09
2012-04-29,4.96
2012-04-30,4.95
2012-05-01,4.95
2012-05-02,4.97
2012-05-03,5.06
2012-05-04,5.1
2012-05-05,5.08
2012-05-06,5.04
2012-05-07,5.04
2012-05-08,5.05
2012-05-09,5.03
2012-05-10,5.01
2012-05-11,4.92
2012-05-12,4.93
2012-05-13,4.94
2012-05-14,4.94
2012-05-15,5.01
2012-05-16,5
2012-05-17,5.08
2012-05-18,5.08
2012-05-19,5.11
2012-05-20,5.09
2012-05-21,5.1
2012-05-22,5.08
2012-05-23,5.08
2012-05-24,5.11
2012-05-25,5.12
2012-05-26,5.11
2012-05-27,5.09
2012-05-28,5.1
2012-05-29,5.12
2012-05-30,5.14
2012-05-31,5.14
2012-06-01,5.16
2012-06-02,5.25
2012-06-03,5.22
2012-06-04,5.26
2012-06-05,5.24
2012-06-06,5.41
2012-06-07,5.44
2012-06-08,5.53
2012-06-09,5.61
2012-06-10,5.56
2012-06-11,5.46
2012-06-12,5.52
2012-06-13,5.67
2012-06-14,5.97
2012-06-15,5.91
2012-06-16,6.25
2012-06-17,6.42
2012-06-18,6.24
2012-06-19,6.36
2012-06-20,6.46
2012-06-21,6.63
2012-06-22,6.66
2012-06-23,6.57
2012-06-24,6.43
2012-06-25,6.35
2012-06-26,6.3
2012-06-27,6.39
2012-06-28,6.58
2012-06-29,6.59
2012-06-30,6.61
2012-07-01,6.67
2012-07-02,6.6
2012-07-03,6.72
2012-07-04,6.53
2012-07-05,6.5
2012-07-06,6.66
2012-07-07,6.65
2012-07-08,6.76
2012-07-09,6.88
2012-07-10,6.88
2012-07-11,7.12
2012-07-12,7.12
2012-07-13,7.43
2012-07-14,7.74
2012-07-15,7.57
2012-07-16,7.57
2012-07-17,8.22
2012-07-18,8.55
2012-07-19,8.97
2012-07-20,9.02
2012-07-21,8.41
2012-07-22,8.86
2012-07-23,8.51
2012-07-24,8.58
2012-07-25,8.61
2012-07-26,8.64
2012-07-27,8.82
2012-07-28,8.88
2012-07-29,8.97
2012-07-30,8.74
2012-07-31,9.01
2012-08-01,9.29
2012-08-02,9.45
2012-08-03,10.36
2012-08-04,10.89
2012-08-05,10.99
2012-08-06,10.64
2012-08-07,10.86
2012-08-08,11.03
2012-08-09,11.04
2012-08-10,11.22
2012-08-11,11.39
2012-08-12,11.5
2012-08-13,11.93
2012-08-14,11.82
2012-08-15,12.07
2012-08-16,12.88
2012-08-17,13.35
2012-08-18,11.97
2012-08-19,11.73
2012-08-20,8.41
2012-08-21,9.75
2012-08-22,10.02
2012-08-23,10.06
2012-08-24,10.05
2012-08-25,10.41
2012-08-26,10.48
2012-08-27,10.57
2012-08-28,10.9
2012-08-29,10.94
2012-08-30,10.86
2012-08-31,10.76
2012-09-01,10.15
2012-09-02,10.1
2012-09-03,10.13
2012-09-04,10.42
2012-09-05,10.34
2012-09-06,10.79
2012-09-07,11.04
2012-09-08,11.08
2012-09-09,11.01
2012-09-10,11.02
2012-09-11,11.1
2012-09-12,11.27
2012-09-13,11.29
2012-09-14,11.36
2012-09-15,11.63
2012-09-16,11.71
2012-09-17,11.94
2012-09-18,11.88
2012-09-19,12.12
2012-09-20,12.5
2012-09-21,12.41
2012-09-22,12.26
2012-09-23,12.21
2012-09-24,12.09
2012-09-25,12.09
2012-09-26,12.13
2012-09-27,12.25
2012-09-28,12.3
2012-09-29,12.35
2012-09-30,12.38
2012-10-01,12.38
2012-10-02,12.41
2012-10-03,12.66
2012-10-04,12.8
2012-10-05,12.84
2012-10-06,12.71
2012-10-07,12.37
2012-10-08,11.88
2012-10-09,11.49
2012-10-10,11.93
2012-10-11,12.07
2012-10-12,11.97
2012-10-13,12.01
2012-10-14,11.85
2012-10-15,11.82
2012-10-16,11.76
2012-10-17,11.78
2012-10-18,11.84
2012-10-19,11.88
2012-10-20,11.72
2012-10-21,11.7
2012-10-22,11.53
2012-10-23,11.67
2012-10-24,11.69
2012-10-25,11.64
2012-10-26,10.91
2012-10-27,10.27
2012-10-28,10.35
2012-10-29,10.58
2012-10-30,10.59
2012-10-31,10.75
2012-11-01,10.95
2012-11-02,10.82
2012-11-03,10.5
2012-11-04,10.54
2012-11-05,10.6
2012-11-06,10.7
2012-11-07,10.82
2012-11-08,10.92
2012-11-09,10.9
2012-11-10,10.81
2012-11-11,10.86
2012-11-12,10.75
2012-11-13,10.96
2012-11-14,10.94
2012-11-15,10.93
2012-11-16,11.23
2012-11-17,11.6
2012-11-18,11.7
2012-11-19,11.67
2012-11-20,11.74
2012-11-21,11.81
2012-11-22,11.72
2012-11-23,12.15
2012-11-24,12.3
2012-11-25,12.38
2012-11-26,12.43
2012-11-27,12.34
2012-11-28,12.13
2012-11-29,12.28
2012-11-30,12.42
2012-12-01,12.59
2012-12-02,12.54
2012-12-03,12.52
2012-12-04,12.58
2012-12-05,13.15
2012-12-06,13.32
2012-12-07,13.41
2012-12-08,13.42
2012-12-09,13.42
2012-12-10,13.3
2012-12-11,13.44
2012-12-12,13.52
2012-12-13,13.64
2012-12-14,13.67
2012-12-15,13.5
2012-12-16,13.47
2012-12-17,13.33
2012-12-18,13.24
2012-12-19,13.24
2012-12-20,13.43
2012-12-21,13.42
2012-12-22,13.46
2012-12-23,13.34
2012-12-24,13.24
2012-12-25,13.37
2012-12-26,13.33
2012-12-27,13.36
2012-12-28,13.35
2012-12-29,13.39
2012-12-30,13.44
2012-12-31,13.41
2013-01-01,13.46
2013-01-02,13.25
2013-01-03,13.28
2013-01-04,13.33
2013-01-05,13.46
2013-01-06,13.4
2013-01-07,13.45
2013-01-08,13.5
2013-01-09,13.71
2013-01-10,13.81
2013-01-11,14.08
2013-01-12,14.14
2013-01-13,14.19
2013-01-14,14.08
2013-01-15,14.44
2013-01-16,14.23
2013-01-17,14.62
2013-01-18,15.34
2013-01-19,15.65
2013-01-20,15.9
2013-01-21,15.66
2013-01-22,16.58
2013-01-23,17.23
2013-01-24,17.36
2013-01-25,17.33
2013-01-26,17.09
2013-01-27,17.42
2013-01-28,17.7
2013-01-29,18.51
2013-01-30,19.52
2013-01-31,19.59
2013-02-01,20.63
2013-02-02,20.67
2013-02-03,19.59
2013-02-04,20.64
2013-02-05,20.37
2013-02-06,20.56
2013-02-07,21.12
2013-02-08,21.88
2013-02-09,22.99
2013-02-10,23.5
2013-02-11,23.64
2013-02-12,24.32
2013-02-13,25.24
2013-02-14,25.5
2013-02-15,26.5
2013-02-16,27.01
2013-02-17,27.17
2013-02-18,26.54
2013-02-19,27.51
2013-02-20,28.96
2013-02-21,29.6
2013-02-22,29.75
2013-02-23,30.42
2013-02-24,29.73
2013-02-25,29.81
2013-02-26,30.25
2013-02-27,31.02
2013-02-28,31.13
2013-03-01,33.56
2013-03-02,34.36
2013-03-03,33.99
2013-03-04,34.2
2013-03-05,35.71
2013-03-06,41.1
2013-03-07,44.04
2013-03-08,41.79
2013-03-09,43.58
2013-03-10,46.05
2013-03-11,46.3
2013-03-12,47.83
2013-03-13,44.23
2013-03-14,46.59
2013-03-15,47
2013-03-16,47.95
2013-03-17,46.78
2013-03-18,47.09
2013-03-19,49.64
2013-03-20,57.1
2013-03-21,64.85
2013-03-22,70.31
2013-03-23,70.35
2013-03-24,63.08
2013-03-25,70.32
2013-03-26,77.64
2013-03-27,77.76
2013-03-28,87.1
2013-03-29,88.26
2013-03-30,89.49
2013-03-31,97.38
2013-04-01,92.69
2013-04-02,101.88
2013-04-03,112.04
2013-04-04,130.42
2013-04-05,140.22
2013-04-06,140.78
2013-04-07,141.56
2013-04-08,157.81
2013-04-09,184.48
2013-04-10,198.5
2013-04-11,165.09
2013-04-12,112.62
2013-04-13,95.84
2013-04-14,100.49
2013-04-15,93.41
2013-04-16,86.21
2013-04-17,67.27
2013-04-18,88.87
2013-04-19,100.95
2013-04-20,120.32
2013-04-21,124.55
2013-04-22,118.26
2013-04-23,124.42
2013-04-24,137.42
2013-04-25,146.94
2013-04-26,143.28
2013-04-27,133.92
2013-04-28,128.67
2013-04-29,133.23
2013-04-30,134.83
2013-05-01,138.17
2013-05-02,117.34
2013-05-03,105.81
2013-05-04,93.84
2013-05-05,110.8
2013-05-06,115.28
2013-05-07,115.65
2013-05-08,107.6
2013-05-09,113.15
2013-05-10,112.89
2013-05-11,117.48
2013-05-12,115.26
2013-05-13,114.32
2013-05-14,117.14
2013-05-15,114.07
2013-05-16,111.01
2013-05-17,115.66
2013-05-18,121.59
2013-05-19,121.86
2013-05-20,120.41
2013-05-21,120.86
2013-05-22,121.36
2013-05-23,121.56
2013-05-24,124.69
2013-05-25,130.38
2013-05-26,130.92
2013-05-27,133.39
2013-05-28,128.8
2013-05-29,127.99
2013-05-30,129.27
2013-05-31,128.86
2013-06-01,128.15
2013-06-02,128.54
2013-06-03,121.84
2013-06-04,119.15
2013-06-05,120.85
2013-06-06,121.64
2013-06-07,119.39
2013-06-08,111.63
2013-06-09,107.59
2013-06-10,99.48
2013-06-11,105.19
2013-06-12,107.77
2013-06-13,108.67
2013-06-14,104.43
2013-06-15,100.34
2013-06-16,100.2
2013-06-17,99.85
2013-06-18,101.21
2013-06-19,106.34
2013-06-20,107.36
2013-06-21,110.7
2013-06-22,108.23
2013-06-23,106.33
2013-06-24,103.5
2013-06-25,101.44
2013-06-26,102.97
2013-06-27,102.69
2013-06-28,100.94
2013-06-29,93.1
2013-06-30,94.75
2013-07-01,95.29
2013-07-02,87.39
2013-07-03,88.04
2013-07-04,78.25
2013-07-05,78.38
2013-07-06,68.04
2013-07-07,68.04
2013-07-08,71.14
2013-07-09,77.79
2013-07-10,74.74
2013-07-11,82.19
2013-07-12,88.26
2013-07-13,92
2013-07-14,91.74
2013-07-15,92.38
2013-07-16,95.28
2013-07-17,93.63
2013-07-18,92.63
2013-07-19,87.31
2013-07-20,88.99
2013-07-21,87.88
2013-07-22,86.79
2013-07-23,87.26
2013-07-24,89.17
2013-07-25,90.06
2013-07-26,91.57
2013-07-27,92.28
2013-07-28,91.22
2013-07-29,95.32
2013-07-30,96.25
2013-07-31,97.72
2013-08-01,101.28
2013-08-02,99.08
2013-08-03,99.01
2013-08-04,98.75
2013-08-05,99.58
2013-08-06,99.4
2013-08-07,100.61
2013-08-08,98.03
2013-08-09,96.81
2013-08-10,95.37
2013-08-11,95.48
2013-08-12,98.03
2013-08-13,99.54
2013-08-14,101.2
2013-08-15,104
2013-08-16,102.32
2013-08-17,101.2
2013-08-18,104.21
2013-08-19,104.52
2013-08-20,108.11
2013-08-21,111.43
2013-08-22,113.84
2013-08-23,112.92
2013-08-24,111.21
2013-08-25,112.55
2013-08-26,113.13
2013-08-27,114.43
2013-08-28,122.06
2013-08-29,121.7
2013-08-30,120.57
2013-08-31,127.83
2013-09-01,134.31
2013-09-02,131.89
2013-09-03,132.11
2013-09-04,132.48
2013-09-05,126.74
2013-09-06,122.25
2013-09-07,120.79
2013-09-08,120.98
2013-09-09,121.07
2013-09-10,124.93
2013-09-11,126.57
2013-09-12,129
2013-09-13,130.6
2013-09-14,129.69
2013-09-15,127.37
2013-09-16,128.29
2013-09-17,127.87
2013-09-18,129.67
2013-09-19,129.39
2013-09-20,127.23
2013-09-21,126.31
2013-09-22,125.84
2013-09-23,126.13
2013-09-24,125.16
2013-09-25,125.92
2013-09-26,127.22
2013-09-27,127.68
2013-09-28,129.85
2013-09-29,132.96
2013-09-30,129.74
2013-10-01,129.84
2013-10-02,127.69
2013-10-03,111.32
2013-10-04,122.84
2013-10-05,126.11
2013-10-06,124.17
2013-10-07,125.45
2013-10-08,124.77
2013-10-09,127.2
2013-10-10,127.89
2013-10-11,129.28
2013-10-12,133.07
2013-10-13,132.18
2013-10-14,135.38
2013-10-15,138.33
2013-10-16,141.6
2013-10-17,146.54
2013-10-18,148.02
2013-10-19,158.35
2013-10-20,167.51
2013-10-21,171.37
2013-10-22,183.73
2013-10-23,195.52
2013-10-24,199.84
2013-10-25,185.46
2013-10-26,177.58
2013-10-27,186.44
2013-10-28,188.72
2013-10-29,195.37
2013-10-30,201.5
2013-10-31,198.65
2013-11-01,205.55
2013-11-02,203.25
2013-11-03,204.16
2013-11-04,212.03
2013-11-05,227.65
2013-11-06,260.9
2013-11-07,267.87
2013-11-08,294.77
2013-11-09,333.74
2013-11-10,338.13
2013-11-11,335.45
2013-11-12,340.03
2013-11-13,358.66
2013-11-14,406.2
2013-11-15,413.8
2013-11-16,456.96
2013-11-17,444.98
2013-11-18,504.52
2013-11-19,653.75
2013-11-20,545.07
2013-11-21,644.17
2013-11-22,694.61
2013-11-23,772.31
2013-11-24,768.95
2013-11-25,773.23
2013-11-26,853.12
2013-11-27,901.68
2013-11-28,963.83
2013-11-29,1049.35
2013-11-30,1102.54
2013-12-01,1094.99
2013-12-02,951.58
2013-12-03,1031.68
2013-12-04,1080.61
2013-12-05,1091.44
2013-12-06,992.26
2013-12-07,776.36
2013-12-08,730.1
2013-12-09,817.61
2013-12-10,897.54
2013-12-11,946.85
2013-12-12,873.03
2013-12-13,894.43
2013-12-14,881.59
2013-12-15,859.13
2013-12-16,808.14
2013-12-17,706.87
2013-12-18,623.38
2013-12-19,562.33
2013-12-20,694.1
2013-12-21,626.2
2013-12-22,624.07
2013-12-23,629.45
2013-12-24,663.41
2013-12-25,669.09
2013-12-26,702.13
2013-12-27,760.84
2013-12-28,734.62
2013-12-29,725.49
2013-12-30,742.42
2013-12-31,757.71
2014-01-01,760.91
2014-01-02,771.3
2014-01-03,811.47
2014-01-04,819.23
2014-01-05,864.65
2014-01-06,957.35
2014-01-07,939.27
2014-01-08,842.64
2014-01-09,843.84
2014-01-10,842.98
2014-01-11,888.05
2014-01-12,897.51
2014-01-13,857.75
2014-01-14,845.5
2014-01-15,834.26
2014-01-16,866.23
2014-01-17,845.19
2014-01-18,817.63
2014-01-19,837.4
2014-01-20,855.48
2014-01-21,874.82
2014-01-22,870.64
2014-01-23,853.58
2014-01-24,833.93
2014-01-25,805.12
2014-01-26,854.89
2014-01-27,887.98
2014-01-28,787.18
2014-01-29,825.6
2014-01-30,821.93
2014-01-31,822.31
2014-02-01,827.55
2014-02-02,846.43
2014-02-03,831.2
2014-02-04,809.57
2014-02-05,841.51
2014-02-06,815.39
2014-02-07,785.62
2014-02-08,715.76
2014-02-09,680.58
2014-02-10,687.89
2014-02-11,673.81
2014-02-12,662.36
2014-02-13,653.72
2014-02-14,614.82
2014-02-15,659.26
2014-02-16,648.36
2014-02-17,608.54
2014-02-18,624.95
2014-02-19,614.93
2014-02-20,622.34
2014-02-21,562.62
2014-02-22,568.16
2014-02-23,600.64
2014-02-24,594.46
2014-02-25,547.14
2014-02-26,529.19
2014-02-27,581
2014-02-28,579.03
2014-03-01,567.93
2014-03-02,565.62
2014-03-03,557.3
2014-03-04,662.28
2014-03-05,665
2014-03-06,655.51
2014-03-07,658.71
2014-03-08,627.36
2014-03-09,616.06
2014-03-10,637.04
2014-03-11,626.45
2014-03-12,629.08
2014-03-13,633.59
2014-03-14,639.1
2014-03-15,627.99
2014-03-16,629.35
2014-03-17,630.53
2014-03-18,622.9
2014-03-19,613.84
2014-03-20,610.04
2014-03-21,583.67
2014-03-22,578.36
2014-03-23,562.2
2014-03-24,564.25
2014-03-25,574.88
2014-03-26,563.9
2014-03-27,581.1
2014-03-28,512.9
2014-03-29,501.32
2014-03-30,497.05
2014-03-31,462.2
2014-04-01,457.6
2014-04-02,478.67
2014-04-03,449.1
2014-04-04,442.61
2014-04-05,447.95
2014-04-06,457.53
2014-04-07,460.37
2014-04-08,449.64
2014-04-09,450.79
2014-04-10,437.47
2014-04-11,386.66
2014-04-12,414.53
2014-04-13,422.03
2014-04-14,413.6
2014-04-15,465.45
2014-04-16,500.99
2014-04-17,518.77
2014-04-18,498.45
2014-04-19,481.16
2014-04-20,496.48
2014-04-21,498.76
2014-04-22,494.62
2014-04-23,489.03
2014-04-24,486.85
2014-04-25,481.38
2014-04-26,461.23
2014-04-27,457.93
2014-04-28,440.41
2014-04-29,439.29
2014-04-30,443.31
2014-05-01,446.22
2014-05-02,455.13
2014-05-03,448.08
2014-05-04,436.12
2014-05-05,434.63
2014-05-06,430.67
2014-05-07,427.55
2014-05-08,438.17
2014-05-09,438.25
2014-05-10,446.24
2014-05-11,451.43
2014-05-12,439.36
2014-05-13,438.87
2014-05-14,437.84
2014-05-15,443.26
2014-05-16,444.92
2014-05-17,446.33
2014-05-18,446.42
2014-05-19,444.9
2014-05-20,460.48
2014-05-21,478.49
2014-05-22,490.43
2014-05-23,517.66
2014-05-24,524.19
2014-05-25,535.36
2014-05-26,566.38
2014-05-27,581.56
2014-05-28,573.32
2014-05-29,571.84
2014-05-30,583.53
2014-05-31,607.55
2014-06-01,619.78
2014-06-02,637.66
2014-06-03,644.3
2014-06-04,660.72
2014-06-05,639.39
2014-06-06,654.25
2014-06-07,650.66
2014-06-08,652.67
2014-06-09,647.99
2014-06-10,649.14
2014-06-11,651.43
2014-06-12,637.21
2014-06-13,605.43
2014-06-14,593.12
2014-06-15,570.85
2014-06-16,576.37
2014-06-17,594.26
2014-06-18,602.02
2014-06-19,603.48
2014-06-20,599.77
2014-06-21,591.11
2014-06-22,591.8
2014-06-23,599.1
2014-06-24,587.56
2014-06-25,584.29
2014-06-26,566.76
2014-06-27,579.23
2014-06-28,596.02
2014-06-29,606.34
2014-06-30,596.2
2014-07-01,631.09
2014-07-02,646.47
2014-07-03,649.16
2014-07-04,638.62
2014-07-05,632.62
2014-07-06,629.67
2014-07-07,633.77
2014-07-08,623.46
2014-07-09,622.52
2014-07-10,623.51
2014-07-11,617.73
2014-07-12,628.09
2014-07-13,632.6
2014-07-14,625.94
2014-07-15,620.97
2014-07-16,621.6
2014-07-17,617.79
2014-07-18,621.45
2014-07-19,624.57
2014-07-20,627.44
2014-07-21,623.25
2014-07-22,620.22
2014-07-23,620.65
2014-07-24,612.94
2014-07-25,602.84
2014-07-26,600.16
2014-07-27,595.1
2014-07-28,592.2
2014-07-29,583.73
2014-07-30,582.82
2014-07-31,571
2014-08-01,578.48
2014-08-02,594.19
2014-08-03,587.64
2014-08-04,585.39
2014-08-05,587.23
2014-08-06,584.01
2014-08-07,583.18
2014-08-08,586.43
2014-08-09,590.94
2014-08-10,588.25
2014-08-11,589.48
2014-08-12,578.94
2014-08-13,555.19
2014-08-14,548.18
2014-08-15,515.44
2014-08-16,499.4
2014-08-17,510.15
2014-08-18,496.57
2014-08-19,465.59
2014-08-20,481.54
2014-08-21,504.05
2014-08-22,519.8
2014-08-23,512.16
2014-08-24,500.74
2014-08-25,507.97
2014-08-26,503.12
2014-08-27,510.97
2014-08-28,508.96
2014-08-29,509.12
2014-08-30,508.91
2014-08-31,502.63
2014-09-01,482.43
2014-09-02,478.48
2014-09-03,477.75
2014-09-04,476.97
2014-09-05,487.62
2014-09-06,483.33
2014-09-07,482.07
2014-09-08,482.93
2014-09-09,472.59
2014-09-10,470.93
2014-09-11,480.79
2014-09-12,475.53
2014-09-13,474.44
2014-09-14,478.16
2014-09-15,477.25
2014-09-16,473.9
2014-09-17,455.35
2014-09-18,454.89
2014-09-19,426.72
2014-09-20,398.59
2014-09-21,408.04
2014-09-22,402.66
2014-09-23,399.96
2014-09-24,425.2
2014-09-25,425.22
2014-09-26,410.39
2014-09-27,399.63
2014-09-28,400.86
2014-09-29,384.12
2014-09-30,376.68
2014-10-01,384.7
2014-10-02,373.14
2014-10-03,375.96
2014-10-04,362.11
2014-10-05,334.94
2014-10-06,315.09
2014-10-07,333.68
2014-10-08,331
2014-10-09,345.6
2014-10-10,366.31
2014-10-11,359.67
2014-10-12,366.33
2014-10-13,369.74
2014-10-14,383.29
2014-10-15,402.46
2014-10-16,392.54
2014-10-17,381.82
2014-10-18,380.69
2014-10-19,387.64
2014-10-20,388.46
2014-10-21,381.29
2014-10-22,378.31
2014-10-23,381.92
2014-10-24,362.39
2014-10-25,356.69
2014-10-26,348.43
2014-10-27,350.32
2014-10-28,352.32
2014-10-29,353.86
2014-10-30,340.2
2014-10-31,342.12
2014-11-01,336.23
2014-11-02,326.35
2014-11-03,324.45
2014-11-04,326.45
2014-11-05,327.98
2014-11-06,341.03
2014-11-07,346.86
2014-11-08,342.99
2014-11-09,344.23
2014-11-10,357.54
2014-11-11,374.76
2014-11-12,366.74
2014-11-13,413.77
2014-11-14,418.8
2014-11-15,396.8
2014-11-16,379.74
2014-11-17,386.74
2014-11-18,388.9
2014-11-19,376.57
2014-11-20,376.93
2014-11-21,361.7
2014-11-22,351.01
2014-11-23,355.25
2014-11-24,363.06
2014-11-25,378.3
2014-11-26,377.93
2014-11-27,369.61
2014-11-28,369.79
2014-11-29,375.03
2014-11-30,376.28
2014-12-01,377.59
2014-12-02,379.24
2014-12-03,381.39
2014-12-04,377.54
2014-12-05,372.21
2014-12-06,372.56
2014-12-07,375.12
2014-12-08,375.34
2014-12-09,365.7
2014-12-10,352.35
2014-12-11,348.02
2014-12-12,349.98
2014-12-13,352.15
2014-12-14,347.43
2014-12-15,351.11
2014-12-16,340.24
2014-12-17,330.69
2014-12-18,320.79
2014-12-19,312.43
2014-12-20,314.99
2014-12-21,326.96
2014-12-22,322.57
2014-12-23,330.07
2014-12-24,334.74
2014-12-25,325.19
2014-12-26,318.48
2014-12-27,326.1
2014-12-28,316.53
2014-12-29,316.67
2014-12-30,314.42
2014-12-31,309.81
2015-01-01,316.9
2015-01-02,315.23
2015-01-03,315.03
2015-01-04,293.11
2015-01-05,271.68
2015-01-06,271.39
2015-01-07,282.85
2015-01-08,293.46
2015-01-09,287.17
2015-01-10,278.13
2015-01-11,277.14
2015-01-12,268.93
2015-01-13,268.91
2015-01-14,234.63
2015-01-15,192.13
2015-01-16,208.79
2015-01-17,208.81
2015-01-18,200.21
2015-01-19,209.06
2015-01-20,215.72
2015-01-21,211.52
2015-01-22,220
2015-01-23,232.36
2015-01-24,232.38
2015-01-25,246.29
2015-01-26,250.55
2015-01-27,273.97
2015-01-28,261.86
2015-01-29,240.7
2015-01-30,232.02
2015-01-31,228.99
2015-02-01,223.65
2015-02-02,223.54
2015-02-03,230.6
2015-02-04,229.09
2015-02-05,226.62
2015-02-06,218.86
2015-02-07,222.08
2015-02-08,227.2
2015-02-09,223.57
2015-02-10,220.59
2015-02-11,219.78
2015-02-12,220.27
2015-02-13,221.35
2015-02-14,236.64
2015-02-15,251.7
2015-02-16,239.64
2015-02-17,234.86
2015-02-18,241.45
2015-02-19,237.79
2015-02-20,239.72
2015-02-21,243
2015-02-22,244.41
2015-02-23,237.8
2015-02-24,239.13
2015-02-25,238.4
2015-02-26,237.49
2015-02-27,236.25
2015-02-28,252.63
2015-03-01,257.25
2015-03-02,253.49
2015-03-03,267.96
2015-03-04,279.85
2015-03-05,275.94
2015-03-06,273.65
2015-03-07,273.22
2015-03-08,275.99
2015-03-09,275.01
2015-03-10,286.53
2015-03-11,292.42
2015-03-12,295.09
2015-03-13,294.94
2015-03-14,287.83
2015-03-15,282.82
2015-03-16,282.14
2015-03-17,290.83
2015-03-18,287.38
2015-03-19,265.06
2015-03-20,258.2
2015-03-21,260.33
2015-03-22,259.99
2015-03-23,265.45
2015-03-24,265.95
2015-03-25,250.16
2015-03-26,246.17
2015-03-27,249.6
2015-03-28,247.5
2015-03-29,252.13
2015-03-30,243.86
2015-03-31,247.6
2015-04-01,244.67
2015-04-02,245.31
2015-04-03,251.39
2015-04-04,253.7
2015-04-05,253.04
2015-04-06,257.89
2015-04-07,255.91
2015-04-08,254.27
2015-04-09,246.78
2015-04-10,240.83
2015-04-11,236.57
2015-04-12,236.38
2015-04-13,236.41
2015-04-14,227.79
2015-04-15,220.4
2015-04-16,222.02
2015-04-17,228.26
2015-04-18,223.66
2015-04-19,223.03
2015-04-20,225.62
2015-04-21,224.39
2015-04-22,229.94
2015-04-23,235.37
2015-04-24,235.27
2015-04-25,229.53
2015-04-26,227.86
2015-04-27,218.85
2015-04-28,224.7
2015-04-29,225.68
2015-04-30,228.85
2015-05-01,235.08
2015-05-02,234.19
2015-05-03,235.37
2015-05-04,240.72
2015-05-05,238.75
2015-05-06,236.09
2015-05-07,233.32
2015-05-08,235.98
2015-05-09,242.98
2015-05-10,241.63
2015-05-11,240.85
2015-05-12,242.35
2015-05-13,241.84
2015-05-14,240.56
2015-05-15,238.53
2015-05-16,237.88
2015-05-17,236.94
2015-05-18,237.05
2015-05-19,235.09
2015-05-20,234.29
2015-05-21,234.42
2015-05-22,235.84
2015-05-23,239.64
2015-05-24,239.79
2015-05-25,240.56
2015-05-26,237.99
2015-05-27,237.61
2015-05-28,237.62
2015-05-29,237.88
2015-05-30,235.22
2015-05-31,233.87
2015-06-01,231.75
2015-06-02,224.65
2015-06-03,225.62
2015-06-04,226.09
2015-06-05,225.45
2015-06-06,225.47
2015-06-07,226.07
2015-06-08,224.38
2015-06-09,228.58
2015-06-10,230.18
2015-06-11,229.69
2015-06-12,230.41
2015-06-13,231.01
2015-06-14,234.94
2015-06-15,234.14
2015-06-16,236.98
2015-06-17,246.68
2015-06-18,250.58
2015-06-19,248.16
2015-06-20,246.24
2015-06-21,244.8
2015-06-22,244.19
2015-06-23,246.66
2015-06-24,244.9
2015-06-25,242.2
2015-06-26,243.07
2015-06-27,242.98
2015-06-28,249
2015-06-29,251.31
2015-06-30,254.95
2015-07-01,262.37
2015-07-02,259
2015-07-03,256.05
2015-07-04,258.58
2015-07-05,259.03
2015-07-06,268.72
2015-07-07,271.16
2015-07-08,266.53
2015-07-09,274.68
2015-07-10,269.38
2015-07-11,285.13
2015-07-12,292.12
2015-07-13,307.26
2015-07-14,289.22
2015-07-15,289.16
2015-07-16,288.1
2015-07-17,279.14
2015-07-18,278.05
2015-07-19,275.93
2015-07-20,273.69
2015-07-21,277.54
2015-07-22,277.66
2015-07-23,276.76
2015-07-24,280.17
2015-07-25,286.01
2015-07-26,288.34
2015-07-27,291.47
2015-07-28,292.7
2015-07-29,291.9
2015-07-30,290.83
2015-07-31,287.88
2015-08-01,285.02
2015-08-02,281.18
2015-08-03,281.43
2015-08-04,282.55
2015-08-05,284.78
2015-08-06,282.66
2015-08-07,279.43
2015-08-08,275.92
2015-08-09,267.89
2015-08-10,264.02
2015-08-11,264.33
2015-08-12,268.01
2015-08-13,266.05
2015-08-14,264.91
2015-08-15,265.8
2015-08-16,263.84
2015-08-17,258.76
2015-08-18,252.11
2015-08-19,241.71
2015-08-20,230.14
2015-08-21,234.01
2015-08-22,233.09
2015-08-23,227.41
2015-08-24,228.45
2015-08-25,215.25
2015-08-26,219.01
2015-08-27,226.32
2015-08-28,226.6
2015-08-29,230.39
2015-08-30,230.08
2015-08-31,228.79
2015-09-01,230.45
2015-09-02,229.36
2015-09-03,229.03
2015-09-04,228.22
2015-09-05,230.52
2015-09-06,234.14
2015-09-07,240.17
2015-09-08,240.43
2015-09-09,243.59
2015-09-10,240.26
2015-09-11,239.02
2015-09-12,238.35
2015-09-13,236.7
2015-09-14,231.66
2015-09-15,230.23
2015-09-16,230.4
2015-09-17,229.78
2015-09-18,233.01
2015-09-19,233.06
2015-09-20,232.09
2015-09-21,231.68
2015-09-22,229.18
2015-09-23,230.49
2015-09-24,230.88
2015-09-25,234.34
2015-09-26,235.38
2015-09-27,235.73
2015-09-28,233.55
2015-09-29,238.39
2015-09-30,237.95
2015-10-01,237.2
2015-10-02,238.9
2015-10-03,237.91
2015-10-04,239.33
2015-10-05,239.55
2015-10-06,240.01
2015-10-07,245.88
2015-10-08,244.84
2015-10-09,243.91
2015-10-10,244.77
2015-10-11,245.82
2015-10-12,249.43
2015-10-13,246.25
2015-10-14,249.49
2015-10-15,253.14
2015-10-16,255.27
2015-10-17,264.73
2015-10-18,269.65
2015-10-19,264.74
2015-10-20,264.43
2015-10-21,270.15
2015-10-22,272.37
2015-10-23,273.89
2015-10-24,277.57
2015-10-25,281.75
2015-10-26,288.55
2015-10-27,293.23
2015-10-28,294.32
2015-10-29,302.13
2015-10-30,311.67
2015-10-31,326.27
2015-11-01,334.23
2015-11-02,320.98
2015-11-03,347.73
2015-11-04,392.01
2015-11-05,438.82
2015-11-06,393.37
2015-11-07,372.47
2015-11-08,384.45
2015-11-09,379.37
2015-11-10,378.42
2015-11-11,346.11
2015-11-12,314.08
2015-11-13,330.86
2015-11-14,334.88
2015-11-15,333.9
2015-11-16,325.14
2015-11-17,327.75
2015-11-18,335.44
2015-11-19,334.99
2015-11-20,329.2
2015-11-21,321.77
2015-11-22,326.15
2015-11-23,323.97
2015-11-24,323.24
2015-11-25,321.26
2015-11-26,335.8
2015-11-27,347.14
2015-11-28,357.35
2015-11-29,356.8
2015-11-30,366.64
2015-12-01,373.97
2015-12-02,364.56
2015-12-03,358.25
2015-12-04,362.24
2015-12-05,362.1
2015-12-06,388.16
2015-12-07,392.95
2015-12-08,394.58
2015-12-09,404.63
2015-12-10,416.85
2015-12-11,423.3
2015-12-12,444.94
2015-12-13,431.9
2015-12-14,436.16
2015-12-15,442.7
2015-12-16,461.23
2015-12-17,455.18
2015-12-18,454.77
2015-12-19,461.99
2015-12-20,461.95
2015-12-21,447.36
2015-12-22,437.06
2015-12-23,437.05
2015-12-24,442.7
2015-12-25,454.47
2015-12-26,446.76
2015-12-27,422.72
2015-12-28,420.68
2015-12-29,422.21
2015-12-30,429.29
2015-12-31,428.74
2016-01-01,428.85
2016-01-02,433.36
2016-01-03,433.36
2016-01-04,428.82
2016-01-05,435.9
2016-01-06,432.62
2016-01-07,430.49
2016-01-08,454.29
2016-01-09,453.71
2016-01-10,447.46
2016-01-11,447.29
2016-01-12,448.09
2016-01-13,442.4
2016-01-14,430.24
2016-01-15,416.78
2016-01-16,380.95
2016-01-17,381.85
2016-01-18,383.97
2016-01-19,384.97
2016-01-20,384.51
2016-01-21,409.94
2016-01-22,406.89
2016-01-23,386.5
2016-01-24,391.01
2016-01-25,400.44
2016-01-26,393.52
2016-01-27,393.96
2016-01-28,392.71
2016-01-29,381.27
2016-01-30,378.36
2016-01-31,378.5
2016-02-01,374.88
2016-02-02,373.13
2016-02-03,374.48
2016-02-04,373.58
2016-02-05,386.49
2016-02-06,384.98
2016-02-07,377.2
2016-02-08,376.51
2016-02-09,374.29
2016-02-10,375.99
2016-02-11,380.99
2016-02-12,379.23
2016-02-13,385.62
2016-02-14,394.46
2016-02-15,404.94
2016-02-16,403.65
2016-02-17,409.41
2016-02-18,418.71
2016-02-19,421.63
2016-02-20,423.68
2016-02-21,437.93
2016-02-22,439.65
2016-02-23,436.45
2016-02-24,423.36
2016-02-25,424.75
2016-02-26,424.8
2016-02-27,429.78
2016-02-28,432.82
2016-02-29,435.08
2016-03-01,437.51
2016-03-02,434.55
2016-03-03,427.17
2016-03-04,420.8
2016-03-05,412.45
2016-03-06,402.65
2016-03-07,407.74
2016-03-08,413.29
2016-03-09,413.25
2016-03-10,413.98
2016-03-11,417.69
2016-03-12,419.3
2016-03-13,413.29
2016-03-14,414.15
2016-03-15,415.69
2016-03-16,416.77
2016-03-17,417.92
2016-03-18,418.18
2016-03-19,409.92
2016-03-20,409.34
2016-03-21,411.86
2016-03-22,412.92
2016-03-23,417.59
2016-03-24,417.98
2016-03-25,416.66
2016-03-26,417.48
2016-03-27,418.81
2016-03-28,424.96
2016-03-29,422.26
2016-03-30,416.09
2016-03-31,414.15
2016-04-01,416.24
2016-04-02,417.55
2016-04-03,419.67
2016-04-04,419.65
2016-04-05,420.1
2016-04-06,422.4
2016-04-07,422.05
2016-04-08,421.8
2016-04-09,419.27
2016-04-10,418.68
2016-04-11,421.14
2016-04-12,423.21
2016-04-13,425.64
2016-04-14,424.27
2016-04-15,425.59
2016-04-16,430.05
2016-04-17,430.95
2016-04-18,428.62
2016-04-19,429.08
2016-04-20,435.11
2016-04-21,441.91
2016-04-22,448.44
2016-04-23,447.37
2016-04-24,451.34
2016-04-25,459.43
2016-04-26,462.29
2016-04-27,465.64
2016-04-28,449.52
2016-04-29,448.45
2016-04-30,454.02
2016-05-01,449.95
2016-05-02,450.76
2016-05-03,445.11
2016-05-04,449.21
2016-05-05,447.35
2016-05-06,449.21
2016-05-07,457.04
2016-05-08,459.48
2016-05-09,459.14
2016-05-10,460.46
2016-05-11,453.25
2016-05-12,452.83
2016-05-13,454.16
2016-05-14,456
2016-05-15,456.43
2016-05-16,458.46
2016-05-17,454.84
2016-05-18,454.47
2016-05-19,454.04
2016-05-20,442.93
2016-05-21,443
2016-05-22,443.52
2016-05-23,440.85
2016-05-24,444.24
2016-05-25,447.5
2016-05-26,450.46
2016-05-27,458.82
2016-05-28,480.71
2016-05-29,519.5
2016-05-30,533.44
2016-05-31,536.13
2016-06-01,532.91
2016-06-02,536.41
2016-06-03,541.83
2016-06-04,568.92
2016-06-05,574.1
2016-06-06,577.44
2016-06-07,584.11
2016-06-08,578.53
2016-06-09,580.91
2016-06-10,577.38
2016-06-11,580.7
2016-06-12,609.23
2016-06-13,666.1
2016-06-14,695.99
2016-06-15,685.76
2016-06-16,703.27
2016-06-17,756.96
2016-06-18,749.43
2016-06-19,758.16
2016-06-20,760.72
2016-06-21,726.2
2016-06-22,664.82
2016-06-23,615
2016-06-24,623.81
2016-06-25,663.66
2016-06-26,659.88
2016-06-27,633.42
2016-06-28,649.79
2016-06-29,644.97
2016-06-30,641.99
2016-07-01,670.4
2016-07-02,678.97
2016-07-03,693.16
2016-07-04,665.83
2016-07-05,675.93
2016-07-06,670.73
2016-07-07,668.43
2016-07-08,639.53
2016-07-09,656.05
2016-07-10,648.43
2016-07-11,648.54
2016-07-12,650.82
2016-07-13,663.68
2016-07-14,657.95
2016-07-15,660.7
2016-07-16,664.16
2016-07-17,665.75
2016-07-18,677.95
2016-07-19,673.77
2016-07-20,671.58
2016-07-21,666.01
2016-07-22,663.35
2016-07-23,653.96
2016-07-24,654.82
2016-07-25,659.19
2016-07-26,654.34
2016-07-27,652.15
2016-07-28,654.89
2016-07-29,655.8
2016-07-30,656.77
2016-07-31,650.56
2016-08-01,627.19
2016-08-02,608.86
2016-08-03,561.26
2016-08-04,563.07
2016-08-05,573.72
2016-08-06,573.62
2016-08-07,585.3
2016-08-08,591.09
2016-08-09,589.47
2016-08-10,586.74
2016-08-11,593.06
2016-08-12,589.23
2016-08-13,586.74
2016-08-14,583.75
2016-08-15,571.4
2016-08-16,568.61
2016-08-17,575.18
2016-08-18,572.87
2016-08-19,573.67
2016-08-20,575.09
2016-08-21,580.42
2016-08-22,581.42
2016-08-23,584.55
2016-08-24,581.99
2016-08-25,578.49
2016-08-26,576.11
2016-08-27,576.8
2016-08-28,570.15
2016-08-29,573.09
2016-08-30,574.39
2016-08-31,576.07
2016-09-01,573.29
2016-09-02,572.76
2016-09-03,575.56
2016-09-04,594.74
2016-09-05,608.02
2016-09-06,607.17
2016-09-07,610.42
2016-09-08,615.4
2016-09-09,623.76
2016-09-10,622.15
2016-09-11,622.29
2016-09-12,609.66
2016-09-13,607.07
2016-09-14,609.27
2016-09-15,609.1
2016-09-16,607
2016-09-17,607.16
2016-09-18,606.6
2016-09-19,609.46
2016-09-20,608.92
2016-09-21,602.68
2016-09-22,596.37
2016-09-23,596.34
2016-09-24,600.93
2016-09-25,600.97
2016-09-26,601.05
2016-09-27,606
2016-09-28,605.04
2016-09-29,604.29
2016-09-30,605.28
2016-10-01,608.21
2016-10-02,613.11
2016-10-03,610.33
2016-10-04,611.83
2016-10-05,610.27
2016-10-06,611.69
2016-10-07,612.34
2016-10-08,616.53
2016-10-09,617.46
2016-10-10,615.92
2016-10-11,621.1
2016-10-12,638.59
2016-10-13,637.22
2016-10-14,636.96
2016-10-15,639.45
2016-10-16,639.44
2016-10-17,641.09
2016-10-18,638.6
2016-10-19,635.85
2016-10-20,629.88
2016-10-21,630.08
2016-10-22,634.82
2016-10-23,654.05
2016-10-24,654.27
2016-10-25,653.58
2016-10-26,658.22
2016-10-27,676.93
2016-10-28,686.52
2016-10-29,693.55
2016-10-30,712.68
2016-10-31,703.13
2016-11-01,706.55
2016-11-02,729.04
2016-11-03,734.42
2016-11-04,699.55
2016-11-05,700.93
2016-11-06,705.95
2016-11-07,709.35
2016-11-08,706.28
2016-11-09,713.46
2016-11-10,723.19
2016-11-11,716.1
2016-11-12,715.56
2016-11-13,704.13
2016-11-14,702.71
2016-11-15,707.86
2016-11-16,718.43
2016-11-17,744.33
2016-11-18,745.91
2016-11-19,751.72
2016-11-20,751.6
2016-11-21,732.22
2016-11-22,738.53
2016-11-23,746.4
2016-11-24,741.43
2016-11-25,736.84
2016-11-26,737.08
2016-11-27,732.94
2016-11-28,731
2016-11-29,732.66
2016-11-30,734
2016-12-01,743.7
2016-12-02,756.81
2016-12-03,770.05
2016-12-04,765.82
2016-12-05,764.46
2016-12-06,754.05
2016-12-07,759.35
2016-12-08,765.8
2016-12-09,768.6
2016-12-10,771.74
2016-12-11,771.81
2016-12-12,770.1
2016-12-13,777.76
2016-12-14,778.03
2016-12-15,777.17
2016-12-16,777.63
2016-12-17,782.79
2016-12-18,788.14
2016-12-19,789.11
2016-12-20,790.75
2016-12-21,799.83
2016-12-22,832.92
2016-12-23,867.8
2016-12-24,908.24
2016-12-25,892.53
2016-12-26,891.95
2016-12-27,906.13
2016-12-28,934.96
2016-12-29,971.26
2016-12-30,966.64
2016-12-31,959.17
2017-01-01,967.6
2017-01-02,998.47
2017-01-03,1018.93
2017-01-04,1042.13
2017-01-05,1069.46
2017-01-06,992.45
2017-01-07,898.86
2017-01-08,899.39
2017-01-09,905.82
2017-01-10,897.35
2017-01-11,905.32
2017-01-12,797.6
2017-01-13,801.07
2017-01-14,821.27
2017-01-15,822.58
2017-01-16,818.98
2017-01-17,829.9
2017-01-18,896.46
2017-01-19,881.82
2017-01-20,898.68
2017-01-21,895.04
2017-01-22,921.48
2017-01-23,923.12
2017-01-24,914.3
2017-01-25,895.79
2017-01-26,894.56
2017-01-27,912.27
2017-01-28,917.55
2017-01-29,919.37
2017-01-30,913.77
2017-01-31,919.74
2017-02-01,957.02
2017-02-02,979.44
2017-02-03,1007.74
2017-02-04,1015.85
2017-02-05,1029.74
2017-02-06,1014.3
2017-02-07,1027.61
2017-02-08,1052.05
2017-02-09,1053.24
2017-02-10,979.24
2017-02-11,988.37
2017-02-12,1006
2017-02-13,999.5
2017-02-14,996.44
2017-02-15,1007.11
2017-02-16,1005.64
2017-02-17,1035.36
2017-02-18,1053.75
2017-02-19,1057.42
2017-02-20,1050.18
2017-02-21,1075.77
2017-02-22,1119.49
2017-02-23,1124.24
2017-02-24,1166.59
2017-02-25,1180.2
2017-02-26,1155.41
2017-02-27,1171.8
2017-02-28,1189.75
2017-03-01,1190.78
2017-03-02,1220.69
2017-03-03,1254.34
2017-03-04,1283.18
2017-03-05,1266.32
2017-03-06,1269.77
2017-03-07,1277.18
2017-03-08,1241.31
2017-03-09,1162.5
2017-03-10,1189.32
2017-03-11,1168.54
2017-03-12,1174.23
2017-03-13,1218.8
2017-03-14,1235.7
2017-03-15,1243.19
2017-03-16,1253.64
2017-03-17,1188.47
2017-03-18,1097.86
2017-03-19,992.72
2017-03-20,1022.5
2017-03-21,1040.55
2017-03-22,1106.7
2017-03-23,1038.95
2017-03-24,1035.41
2017-03-25,957.65
2017-03-26,952.68
2017-03-27,969.14
2017-03-28,1026.35
2017-03-29,1040.31
2017-03-30,1037.62
2017-03-31,1036.26
2017-04-01,1071.48
2017-04-02,1085.68
2017-04-03,1096.49
2017-04-04,1143.25
2017-04-05,1141.36
2017-04-06,1132.11
2017-04-07,1182.22
2017-04-08,1191.87
2017-04-09,1184.14
2017-04-10,1205.29
2017-04-11,1210.73
2017-04-12,1221.11
2017-04-13,1217.87
2017-04-14,1180
2017-04-15,1183.99
2017-04-16,1184.81
2017-04-17,1189.64
2017-04-18,1202.6
2017-04-19,1225.09
2017-04-20,1220.89
2017-04-21,1246.95
2017-04-22,1253.9
2017-04-23,1256.99
2017-04-24,1257.14
2017-04-25,1257.79
2017-04-26,1275.97
2017-04-27,1300.72
2017-04-28,1332.63
2017-04-29,1331.93
2017-04-30,1345.21
2017-05-01,1354.21
2017-05-02,1419.6
2017-05-03,1458.51
2017-05-04,1502.55
2017-05-05,1544.1
2017-05-06,1525.61
2017-05-07,1557.53
2017-05-08,1561.38
2017-05-09,1642.64
2017-05-10,1726.86
2017-05-11,1762.71
2017-05-12,1819.41
2017-05-13,1692.17
2017-05-14,1760.03
2017-05-15,1777.28
2017-05-16,1715.82
2017-05-17,1739.92
2017-05-18,1813.39
2017-05-19,1887.5
2017-05-20,1956.63
2017-05-21,2039.08
2017-05-22,2040.21
2017-05-23,2144.5
2017-05-24,2268.61
2017-05-25,2446.23
2017-05-26,2371.91
2017-05-27,2190.33
2017-05-28,2059.53
2017-05-29,2159.79
2017-05-30,2269.87
2017-05-31,2199.49
2017-06-01,2308.08
2017-06-02,2410.23
2017-06-03,2475.83
2017-06-04,2535.45
2017-06-05,2531.68
2017-06-06,2686.69
2017-06-07,2873.92
2017-06-08,2712.76
2017-06-09,2795.43
2017-06-10,2822.56
2017-06-11,2897.36
2017-06-12,2975.06
2017-06-13,2599.09
2017-06-14,2720.31
2017-06-15,2486.74
2017-06-16,2390.09
2017-06-17,2496.72
2017-06-18,2642.5
2017-06-19,2535.85
2017-06-20,2606.43
2017-06-21,2749.84
2017-06-22,2670.47
2017-06-23,2714.27
2017-06-24,2718.16
2017-06-25,2573.94
2017-06-26,2533.68
2017-06-27,2412.9
2017-06-28,2516.81
2017-06-29,2553.2
2017-06-30,2546.49
2017-07-01,2483.5
2017-07-02,2419.08
2017-07-03,2498.3
2017-07-04,2554.45
2017-07-05,2592.27
2017-07-06,2615.64
2017-07-07,2597.26
2017-07-08,2502.91
2017-07-09,2555.82
2017-07-10,2519.9
2017-07-11,2355.84
2017-07-12,2307.77
2017-07-13,2387.18
2017-07-14,2335.12
2017-07-15,2207.39
2017-07-16,2018.56
2017-07-17,1910.74
2017-07-18,2186.44
2017-07-19,2324.21
2017-07-20,2266.1
2017-07-21,2757.24
2017-07-22,2656.16
2017-07-23,2823.79
2017-07-24,2757.3
2017-07-25,2755.6
2017-07-26,2537.31
2017-07-27,2513.18
2017-07-28,2686.49
2017-07-29,2786.1
2017-07-30,2722.54
2017-07-31,2744.35
2017-08-01,2839.18
2017-08-02,2739.62
2017-08-03,2709.04
2017-08-04,2797.9
2017-08-05,2863.03
2017-08-06,3278.08
2017-08-07,3247.63
2017-08-08,3394.42
2017-08-09,3418.58
2017-08-10,3353.59
2017-08-11,3426.56
2017-08-12,3633.9
2017-08-13,3892.27
2017-08-14,4073.66
2017-08-15,4292.2
2017-08-16,4140.85
2017-08-17,4375.24
2017-08-18,4283.55
2017-08-19,4103.82
2017-08-20,4145.42
2017-08-21,4101.29
2017-08-22,4016.63
2017-08-23,4106.26
2017-08-24,4162.99
2017-08-25,4310.29
2017-08-26,4374.7
2017-08-27,4354.81
2017-08-28,4358.25
2017-08-29,4392.05
2017-08-30,4602.79
2017-08-31,4591.82
2017-09-01,4744.69
2017-09-02,4912.84
2017-09-03,4591.78
2017-09-04,4594.15
2017-09-05,4253.94
2017-09-06,4414.4
2017-09-07,4598.57
2017-09-08,4622.97
2017-09-09,4303.02
2017-09-10,4283.53
2017-09-11,4234.37
2017-09-12,4201.06
2017-09-13,4145.49
2017-09-14,3836.92
2017-09-15,3299.19
2017-09-16,3688.98
2017-09-17,3689.4
2017-09-18,3702.57
2017-09-19,4061.73
2017-09-20,3906.99
2017-09-21,3899.36
2017-09-22,3619.53
2017-09-23,3599.27
2017-09-24,3771.92
2017-09-25,3664.88
2017-09-26,3924.17
2017-09-27,3892.88
2017-09-28,4193.75
2017-09-29,4178.37
2017-09-30,4164.54
2017-10-01,4348.09
2017-10-02,4372.26
2017-10-03,4394.02
2017-10-04,4306.58
2017-10-05,4214.6
2017-10-06,4321.89
2017-10-07,4358.79
2017-10-08,4412.17
2017-10-09,4592.29
2017-10-10,4774.47
2017-10-11,4794.91
2017-10-12,4906.84
2017-10-13,5459.5
2017-10-14,5627.23
2017-10-15,5765.86
2017-10-16,5647.47
2017-10-17,5743.45
2017-10-18,5594.47
2017-10-19,5495.7
2017-10-20,5683.66
2017-10-21,5989.8
2017-10-22,6020.3
2017-10-23,5937.62
2017-10-24,5879.95
2017-10-25,5577.92
2017-10-26,5694.34
2017-10-27,5885.37
2017-10-28,5764.85
2017-10-29,5735.73
2017-10-30,6111.17
2017-10-31,6120.82
2017-11-01,6404.92
2017-11-02,6709.49
2017-11-03,6978.53
2017-11-04,7201.52
2017-11-05,7379.54
2017-11-06,7424.23
2017-11-07,7007.85
2017-11-08,7080.14
2017-11-09,7365.18
2017-11-10,7164.93
2017-11-11,6545.88
2017-11-12,6295.68
2017-11-13,5953.76
2017-11-14,6475.15
2017-11-15,6607.45
2017-11-16,7264.52
2017-11-17,7819.38
2017-11-18,7706.59
2017-11-19,7761.98
2017-11-20,8040.05
2017-11-21,8233.46
2017-11-22,8120.11
2017-11-23,8219.51
2017-11-24,8051.32
2017-11-25,8216.59
2017-11-26,8730.57
2017-11-27,9305.8
2017-11-28,9642.59
2017-11-29,9907.62
2017-11-30,9772.29
2017-12-01,9858.82
2017-12-02,10772.12
2017-12-03,10908.85
2017-12-04,11373.09
2017-12-05,11491.09
2017-12-06,11716.71
2017-12-07,13442.23
2017-12-08,16219.12
2017-12-09,15653.64
2017-12-10,14486.62
2017-12-11,15230.39
2017-12-12,16803.56
2017-12-13,17284.59
2017-12-14,16316.95
2017-12-15,16525.63
2017-12-16,17575.08
2017-12-17,19193.72
2017-12-18,18987.29
2017-12-19,18936.21
2017-12-20,17534.59
2017-12-21,16496.8
2017-12-22,15695.79
2017-12-23,14048.59
2017-12-24,14436.77
2017-12-25,13969.42
2017-12-26,13927.91
2017-12-27,15661.17
2017-12-28,15417.13
2017-12-29,14438.05
2017-12-30,14437.32
2017-12-31,12618.55
2018-01-01,13805.34
2018-01-02,13458.79
2018-01-03,14755.98
2018-01-04,15139.61
2018-01-05,15134.61
2018-01-06,16880.48
2018-01-07,17095.19
2018-01-08,16083.1
2018-01-09,14951.05
2018-01-10,14407.21
2018-01-11,14881.95
2018-01-12,13138.43
2018-01-13,13874.01
2018-01-14,14191.06
2018-01-15,13623.61
2018-01-16,13571.21
2018-01-17,11504.56
2018-01-18,11033.58
2018-01-19,11274.29
2018-01-20,11561.56
2018-01-21,12739.89
2018-01-22,11553.79
2018-01-23,10797.45
2018-01-24,10854.93
2018-01-25,11382.11
2018-01-26,11141.34
2018-01-27,11122.14
2018-01-28,11417.62
2018-01-29,11677.52
2018-01-30,11157.56
2018-01-31,9976.43
2018-02-01,10162.78
2018-02-02,9002.8
2018-02-03,8822.06
2018-02-04,9184.39
2018-02-05,8242.03
2018-02-06,7003.06
2018-02-07,7744.27
2018-02-08,7655.3
2018-02-09,8218.58
2018-02-10,8750.99
2018-02-11,8508.35
2018-02-12,8094.53
2018-02-13,8897.55
2018-02-14,8528.87
2018-02-15,9443.91
2018-02-16,10033.82
2018-02-17,10146.78
2018-02-18,11083.01
2018-02-19,10413.23
2018-02-20,11167.99
2018-02-21,11166.86
2018-02-22,10405.73
2018-02-23,9751.88
2018-02-24,10154.74
2018-02-25,9647.38
2018-02-26,9589.72
2018-02-27,10319.77
2018-02-28,10570.91
2018-03-01,10285.33
2018-03-02,10913.05
2018-03-03,11038.13
2018-03-04,11423.62
2018-03-05,11464.59
2018-03-06,11392.99
2018-03-07,10722.96
2018-03-08,9910.96
2018-03-09,9323.68
2018-03-10,9277.5
2018-03-11,8764.24
2018-03-12,9546.36
2018-03-13,9104.62
2018-03-14,9168.13
2018-03-15,8218.92
2018-03-16,8285.09
2018-03-17,8273.12
2018-03-18,7858.96
2018-03-19,8256.4
2018-03-20,8572.45
2018-03-21,8913.9
2018-03-22,8896.42
2018-03-23,8705.42
2018-03-24,8915.86
2018-03-25,8527.32
2018-03-26,8457.48
2018-03-27,8156.53
2018-03-28,7795.21
2018-03-29,7938.14
2018-03-30,7089.22
2018-03-31,6855.61
2018-04-01,6946.3
2018-04-02,6804.15
2018-04-03,7058.09
2018-04-04,7414.48
2018-04-05,6786.98
2018-04-06,6778.28
2018-04-07,6618.33
2018-04-08,6898.57
2018-04-09,7025.95
2018-04-10,6775.45
2018-04-11,6831.58
2018-04-12,6942.33
2018-04-13,7936.65
2018-04-14,7873.43
2018-04-15,8021.41
2018-04-16,8354.69
2018-04-17,8050.08
2018-04-18,7892.2
2018-04-19,8160.94
2018-04-20,8281.26
2018-04-21,8862.02
2018-04-22,8908.73
2018-04-23,8791.7
2018-04-24,8935.74
2018-04-25,9644.63
2018-04-26,8836.12
2018-04-27,9271.67
2018-04-28,8937.57
2018-04-29,9347.32
2018-04-30,9397.83
2018-05-01,9232.82
2018-05-02,9072.29
2018-05-03,9220.91
2018-05-04,9669.56
2018-05-05,9691.52
2018-05-06,9822.5
2018-05-07,9622.49
2018-05-08,9365.64
2018-05-09,9175.76
2018-05-10,9309.57
2018-05-11,8989.42
2018-05-12,8423.83
2018-05-13,8480.4
2018-05-14,8680.21
2018-05-15,8686.04
2018-05-16,8472.71
2018-05-17,8346.51
2018-05-18,8057.03
2018-05-19,8245.38
2018-05-20,8233.97
2018-05-21,8522.48
2018-05-22,8397.13
2018-05-23,7991.25
2018-05-24,7515.67
2018-05-25,7577.51
2018-05-26,7458.49
2018-05-27,7328.8
2018-05-28,7343.16
2018-05-29,7110.37
2018-05-30,7460.28
2018-05-31,7373.11
2018-06-01,7490.13
2018-06-02,7518.42
2018-06-03,7636.52
2018-06-04,7711.4
2018-06-05,7493.28
2018-06-06,7618.61
2018-06-07,7659.78
2018-06-08,7685.48
2018-06-09,7627.4
2018-06-10,7480.61
2018-06-11,6757.63
2018-06-12,6873.35
2018-06-13,6550.71
2018-06-14,6306.56
2018-06-15,6639.64
2018-06-16,6401.44
2018-06-17,6488.2
2018-06-18,6447.37
2018-06-19,6711.18
2018-06-20,6738.96
2018-06-21,6757.24
2018-06-22,6718.89
2018-06-23,6060.15
2018-06-24,6175.69
2018-06-25,6149.39
2018-06-26,6249.09
2018-06-27,6067.8
2018-06-28,6133.29
2018-06-29,5859.18
2018-06-30,6204.71
2018-07-01,6393.05
2018-07-02,6345.92
2018-07-03,6613.32
2018-07-04,6506.53
2018-07-05,6584.48
2018-07-06,6533.08
2018-07-07,6603
2018-07-08,6760.16
2018-07-09,6702.21
2018-07-10,6659.28
2018-07-11,6301.96
2018-07-12,6380.61
2018-07-13,6240.6
2018-07-14,6218.98
2018-07-15,6248.85
2018-07-16,6350.27
2018-07-17,6725.32
2018-07-18,7316.26
2018-07-19,7376.25
2018-07-20,7462.4
2018-07-21,7326.49
2018-07-22,7396.23
2018-07-23,7394.55
2018-07-24,7719.93
2018-07-25,8405.46
2018-07-26,8173.67
2018-07-27,7930.85
2018-07-28,8188.49
2018-07-29,8231.43
2018-07-30,8201.29
2018-07-31,8165.5
2018-08-01,7727.35
2018-08-02,7603.7
2018-08-03,7527.9
2018-08-04,7409.28
2018-08-05,7009.08
2018-08-06,7029.59
2018-08-07,6944.25
2018-08-08,6711.13
2018-08-09,6285.01
2018-08-10,6538.5
2018-08-11,6144.31
2018-08-12,6233.76
2018-08-13,6317.55
2018-08-14,6252.78
2018-08-15,6198.11
2018-08-16,6271.17
2018-08-17,6313.87
2018-08-18,6582.78
2018-08-19,6396.03
2018-08-20,6487.38
2018-08-21,6257.47
2018-08-22,6477.14
2018-08-23,6356.09
2018-08-24,6527.15
2018-08-25,6691.75
2018-08-26,6734.8
2018-08-27,6703.7
2018-08-28,6907.81
2018-08-29,7075.48
2018-08-30,7035.4
2018-08-31,6982.78
2018-09-01,7018.84
2018-09-02,7191.7
2018-09-03,7297.1
2018-09-04,7259.32
2018-09-05,7359.24
2018-09-06,6686.42
2018-09-07,6490.88
2018-09-08,6402.04
2018-09-09,6183.56
2018-09-10,6243.43
2018-09-11,6304.96
2018-09-12,6280.94
2018-09-13,6329.36
2018-09-14,6488.81
2018-09-15,6485.62
2018-09-16,6517.68
2018-09-17,6500.83
2018-09-18,6255.62
2018-09-19,6332.84
2018-09-20,6391.09
2018-09-21,6498.69
2018-09-22,6763.5
2018-09-23,6712.71
2018-09-24,6698.44
2018-09-25,6574.97
2018-09-26,6430.19
2018-09-27,6460.87
2018-09-28,6687.8
2018-09-29,6617.99
2018-09-30,6580.34
2018-10-01,6608.23
2018-10-02,6577.71
2018-10-03,6500.94
2018-10-04,6468.2
2018-10-05,6556.23
2018-10-06,6595.71
2018-10-07,6559.61
2018-10-08,6579.36
2018-10-09,6618.53
2018-10-10,6601.18
2018-10-11,6540.4
2018-10-12,6165.43
2018-10-13,6206.32
2018-10-14,6218.36
2018-10-15,6206.87
2018-10-16,6489.6
2018-10-17,6507.03
2018-10-18,6488.52
2018-10-19,6429.99
2018-10-20,6407.63
2018-10-21,6441.34
2018-10-22,6438.81
2018-10-23,6433.51
2018-10-24,6419.69
2018-10-25,6435.66
2018-10-26,6414.94
2018-10-27,6425.26
2018-10-28,6423.45
2018-10-29,6421.33
2018-10-30,6279.14
2018-10-31,6279.37
2018-11-01,6315.56
2018-11-02,6353.43
2018-11-03,6362.3
2018-11-04,6341.84
2018-11-05,6436.37
2018-11-06,6412.48
2018-11-07,6456.74
2018-11-08,6513.18
2018-11-09,6418.96
2018-11-10,6347.8
2018-11-11,6361.86
2018-11-12,6381.05
2018-11-13,6345.39
2018-11-14,6287.95
2018-11-15,5627.61
2018-11-16,5598.8
2018-11-17,5531.84
2018-11-18,5526.52
2018-11-19,5569.85
2018-11-20,4759.6
2018-11-21,4353.33
2018-11-22,4566.09
2018-11-23,4275.78
2018-11-24,4310.6
2018-11-25,3810.39
2018-11-26,3956.8
2018-11-27,3743.98
2018-11-28,3795.22
2018-11-29,4237.82
2018-11-30,4257.24
2018-12-01,3983.59
2018-12-02,4161.68
2018-12-03,4112.17
2018-12-04,3845.71
2018-12-05,3918.02
2018-12-06,3715.49
2018-12-07,3449
2018-12-08,3392.71
2018-12-09,3416.96
2018-12-10,3555.06
2018-12-11,3428.28
2018-12-12,3361.62
2018-12-13,3450.23
2018-12-14,3276.47
2018-12-15,3209.44
2018-12-16,3201.92
2018-12-17,3215.21
2018-12-18,3525.41
2018-12-19,3688.2
2018-12-20,3702.35
2018-12-21,4086.64
2018-12-22,3869.89
2018-12-23,4013.32
2018-12-24,3976.16
2018-12-25,4055.87
2018-12-26,3800.6
2018-12-27,3814.74
2018-12-28,3616.47
2018-12-29,3916.6
2018-12-30,3761.19
2018-12-31,3858.69
2019-01-01,3718.28
2019-01-02,3849.62
2019-01-03,3918.98
2019-01-04,3807.55
2019-01-05,3845.39
2019-01-06,3819.95
2019-01-07,4070.99
2019-01-08,4027.17
2019-01-09,4012.91
2019-01-10,4018.26
2019-01-11,3645.21
2019-01-12,3647.35
2019-01-13,3637.05
2019-01-14,3528.83
2019-01-15,3684.56
2019-01-16,3592.85
2019-01-17,3620.02
2019-01-18,3654.29
2019-01-19,3621.43
2019-01-20,3696.61
2019-01-21,3546.52
2019-01-22,3542.81
2019-01-23,3589.02
2019-01-24,3565.89
2019-01-25,3585.26
2019-01-26,3573.89
2019-01-27,3569.86
2019-01-28,3543.65
2019-01-29,3444.74
2019-01-30,3408.43
2019-01-31,3458.48
2019-02-01,3429.25
2019-02-02,3453.89
2019-02-03,3474.95
2019-02-04,3432.83
2019-02-05,3429.09
2019-02-06,3448.29
2019-02-07,3380.94
2019-02-08,3373.17
2019-02-09,3642.07
2019-02-10,3642.04
2019-02-11,3661.26
2019-02-12,3605.45
2019-02-13,3605.57
2019-02-14,3592.4
2019-02-15,3579
2019-02-16,3584.86
2019-02-17,3598.75
2019-02-18,3645.88
2019-02-19,3894.02
2019-02-20,3910.12
2019-02-21,3957.86
2019-02-22,3951.3
2019-02-23,3972.86
2019-02-24,4112.7
2019-02-25,3874.73
2019-02-26,3833.6
2019-02-27,3814.74
2019-02-28,3799
2019-03-01,3841.23
2019-03-02,3834.36
2019-03-03,3831.79
2019-03-04,3809.45
2019-03-05,3749.58
2019-03-06,3842.22
2019-03-07,3874.59
2019-03-08,3883.76
2019-03-09,3866.92
2019-03-10,3933.56
2019-03-11,3927.09
2019-03-12,3880.92
2019-03-13,3875.1
2019-03-14,3875.67
2019-03-15,3873.69
2019-03-16,3915.71
2019-03-17,4020.32
2019-03-18,3992.04
2019-03-19,3990.6
2019-03-20,4015.74
2019-03-21,4044.31
2019-03-22,4003.29
2019-03-23,3999.82
2019-03-24,4005.69
2019-03-25,3987.63
2019-03-26,3929.61
2019-03-27,3931.18
2019-03-28,4018.94
2019-03-29,4036.34
2019-03-30,4092.97
2019-03-31,4113.26
2019-04-01,4108.95
2019-04-02,4133.96
2019-04-03,4767.74
2019-04-04,5025.47
2019-04-05,4925.43
2019-04-06,5020.52
2019-04-07,5072.38
2019-04-08,5179.59
2019-04-09,5270.58
2019-04-10,5210.35
2019-04-11,5321.99
2019-04-12,5101.79
2019-04-13,5053.77
2019-04-14,5083.7
2019-04-15,5138.86
2019-04-16,5056.37
2019-04-17,5172.09
2019-04-18,5235.11
2019-04-19,5284.47
2019-04-20,5288.53
2019-04-21,5323.97
2019-04-22,5296.71
2019-04-23,5374.46
2019-04-24,5521.71
2019-04-25,5480.86
2019-04-26,5187.65
2019-04-27,5234.3
2019-04-28,5229.68
2019-04-29,5276.84
2019-04-30,5228.58
2019-05-01,5327.91
2019-05-02,5389.78
2019-05-03,5495.94
2019-05-04,5717.26
2019-05-05,5797.49
2019-05-06,5791.94
2019-05-07,5741.93
2019-05-08,5860.52
2019-05-09,5935.44
2019-05-10,6129.95
2019-05-11,6326.21
2019-05-12,7045.63
2019-05-13,7070.34
2019-05-14,7659.14
2019-05-15,7976.19
2019-05-16,8123.48
2019-05-17,7949.55
2019-05-18,7324
2019-05-19,7309.12
2019-05-20,7984.74
2019-05-21,7942.32
2019-05-22,7947.65
2019-05-23,7700.18
2019-05-24,7799.53
2019-05-25,7991.15
2019-05-26,8055.78
2019-05-27,8539.02
2019-05-28,8788.72
2019-05-29,8689.91
2019-05-30,8633.71
2019-05-31,8408.12
2019-06-01,8447.93
2019-06-02,8547.02
2019-06-03,8713.49
2019-06-04,8250.16
2019-06-05,7728.36
2019-06-06,7771.55
2019-06-07,7735.65
2019-06-08,7975.59
2019-06-09,7928.44
2019-06-10,7690.62
2019-06-11,7910.69
2019-06-12,7900.67
2019-06-13,8112.65
2019-06-14,8211.42
2019-06-15,8575.52
2019-06-16,8812.12
2019-06-17,9027.35
2019-06-18,9282.59
2019-06-19,9114.93
2019-06-20,9233.78
2019-06-21,9476.23
2019-06-22,10058.02
2019-06-23,10669.23
2019-06-24,10885.38
2019-06-25,10932.95
2019-06-26,11560.24
2019-06-27,12805.72
2019-06-28,11501.06
2019-06-29,11979.06
2019-06-30,11863.78
2019-07-01,11105.34
2019-07-02,10594.13
2019-07-03,10575.63
2019-07-04,11704.39
2019-07-05,11339.98
2019-07-06,11056.13
2019-07-07,11301.06
2019-07-08,11414.49
2019-07-09,12077.51
2019-07-10,12513.37
2019-07-11,12232.76
2019-07-12,11439.22
2019-07-13,11653.72
2019-07-14,11342.52
2019-07-15,10510.07
2019-07-16,10697.58
2019-07-17,9807.99
2019-07-18,9613.57
2019-07-19,10335.07
2019-07-20,10488.01
2019-07-21,10749.9
2019-07-22,10576.56
2019-07-23,10349.86
2019-07-24,9955.96
2019-07-25,9743.29
2019-07-26,9922.75
2019-07-27,9810.43
2019-07-28,9619.1
2019-07-29,9452.78
2019-07-30,9522.53
2019-07-31,9587.09
2019-08-01,9970.3
2019-08-02,10299.08
2019-08-03,10512.69
2019-08-04,10765.95
2019-08-05,10896.73
2019-08-06,11638.1
2019-08-07,11617.47
2019-08-08,11871.94
2019-08-09,11886.12
2019-08-10,11859.78
2019-08-11,11437.28
2019-08-12,11442.97
2019-08-13,11390.89
2019-08-14,10986.09
2019-08-15,10211.76
2019-08-16,10137.8
2019-08-17,10251.72
2019-08-18,10226.28
2019-08-19,10307.97
2019-08-20,10766.41
2019-08-21,10765.66
2019-08-22,10229.67
2019-08-23,10056.87
2019-08-24,10333.23
2019-08-25,10152.95
2019-08-26,10131.52
2019-08-27,10386.41
2019-08-28,10188.63
2019-08-29,9820.24
2019-08-30,9507.72
2019-08-31,9555.88
2019-09-01,9587.9
2019-09-02,9732.61
2019-09-03,10251.17
2019-09-04,10581.42
2019-09-05,10596.78
2019-09-06,10568.73
2019-09-07,10438.84
2019-09-08,10463.64
2019-09-09,10410.64
2019-09-10,10309.37
2019-09-11,10129.36
2019-09-12,10113.95
2019-09-13,10341.2
2019-09-14,10307.47
2019-09-15,10351.92
2019-09-16,10317.79
2019-09-17,10247.44
2019-09-18,10202.19
2019-09-19,10161.78
2019-09-20,10142.19
2019-09-21,10180.75
2019-09-22,10017.68
2019-09-23,10002.75
2019-09-24,9761.31
2019-09-25,8730.06
2019-09-26,8458.13
2019-09-27,8085.85
2019-09-28,8138.43
2019-09-29,8207.73
2019-09-30,8070.25
2019-10-01,8175.83
2019-10-02,8346.33
2019-10-03,8335.25
2019-10-04,8239.99
2019-10-05,8140.65
2019-10-06,8132.25
2019-10-07,7923.52
2019-10-08,8130.56
2019-10-09,8208.47
2019-10-10,8503.69
2019-10-11,8574.35
2019-10-12,8402.87
2019-10-13,8326.5
2019-10-14,8298.99
2019-10-15,8337.72
2019-10-16,8209
2019-10-17,8027.05
2019-10-18,8057.02
2019-10-19,7967.7
2019-10-20,7982.27
2019-10-21,8170.57
2019-10-22,8236.01
2019-10-23,8094.44
2019-10-24,7578.09
2019-10-25,7437.84
2019-10-26,8380.43
2019-10-27,9408.17
2019-10-28,9505.95
2019-10-29,9393.08
2019-10-30,9374.14
2019-10-31,9191.98
2019-11-01,9179.61
2019-11-02,9221.88
2019-11-03,9311.12
2019-11-04,9222.04
2019-11-05,9395.61
2019-11-06,9326.67
2019-11-07,9350.03
2019-11-08,9214.29
2019-11-09,8863.64
2019-11-10,8806.87
2019-11-11,9001.53
2019-11-12,8780.36
2019-11-13,8767.66
2019-11-14,8768.75
2019-11-15,8658.55
2019-11-16,8523.18
2019-11-17,8488.18
2019-11-18,8511.93
2019-11-19,8228.03
2019-11-20,8115.81
2019-11-21,8110.89
2019-11-22,7697.31
2019-11-23,7274.34
2019-11-24,7283.63
2019-11-25,7018.28
2019-11-26,7049.29
2019-11-27,7177.34
2019-11-28,7399.27
2019-11-29,7479.05
2019-11-30,7708.68
2019-12-01,7604.42
2019-12-02,7410.89
2019-12-03,7308.29
2019-12-04,7319.18
2019-12-05,7328.47
2019-12-06,7364.92
2019-12-07,7510.42
2019-12-08,7538.21
2019-12-09,7516.19
2019-12-10,7411.61
2019-12-11,7255.07
2019-12-12,7206.26
2019-12-13,7198.07
2019-12-14,7252.72
2019-12-15,7109.07
2019-12-16,7119.85
2019-12-17,6946.65
2019-12-18,6694.84
2019-12-19,7122.59
2019-12-20,7183.36
2019-12-21,7176.99
2019-12-22,7152.71
2019-12-23,7421.74
2019-12-24,7400.38
2019-12-25,7276.61
2019-12-26,7197.68
2019-12-27,7248.75
2019-12-28,7203.17
2019-12-29,7303.75
2019-12-30,7398.78
2019-12-31,7261.34
2020-01-01,7194.26
2020-01-02,7192.02
2020-01-03,7005.85
2020-01-04,7238.71
2020-01-05,7345.19
2020-01-06,7380
2020-01-07,7667.5
2020-01-08,8065.15
2020-01-09,8103.65
2020-01-10,7854.69
2020-01-11,8062.1
2020-01-12,8082.77
2020-01-13,8124.35
2020-01-14,8109.04
2020-01-15,8649.19
2020-01-16,8766.63
2020-01-17,8714.23
2020-01-18,8865.31
2020-01-19,8898.21
2020-01-20,8761.49
2020-01-21,8627.1
2020-01-22,8668.67
2020-01-23,8670.45
2020-01-24,8431.17
2020-01-25,8398.68
2020-01-26,8340.3
2020-01-27,8521.05
2020-01-28,8837.03
2020-01-29,9272.6
2020-01-30,9309.43
2020-01-31,9427.43
2020-02-01,9350.67
2020-02-02,9380.23
2020-02-03,9325.45
2020-02-04,9354.54
2020-02-05,9192.84
2020-02-06,9534.16
2020-02-07,9722.76
2020-02-08,9799.53
2020-02-09,9848.57
2020-02-10,10094.95
2020-02-11,9906.06
2020-02-12,10154.39
2020-02-13,10354.74
2020-02-14,10262.32
2020-02-15,10304.4
2020-02-16,9992.88
2020-02-17,9880.27
2020-02-18,9713.65
2020-02-19,10067.21
2020-02-20,9700.48
2020-02-21,9575.87
2020-02-22,9681.15
2020-02-23,9657.62
2020-02-24,9906.42
2020-02-25,9705.79
2020-02-26,9386.76
2020-02-27,8893.82
2020-02-28,8781.86
2020-02-29,8689.01
2020-03-01,8601.19
2020-03-02,8562.14
2020-03-03,8828.38
2020-03-04,8778.85
2020-03-05,8766.53
2020-03-06,9021.12
2020-03-07,9126.69
2020-03-08,8972.68
2020-03-09,8257.87
2020-03-10,7924.45
2020-03-11,7923.76
2020-03-12,7873.38
2020-03-13,5587.5
2020-03-14,5292.19
2020-03-15,5273.61
2020-03-16,5447.67
2020-03-17,4971.74
2020-03-18,5295.56
2020-03-19,5325.03
2020-03-20,6016.76
2020-03-21,6271.22
2020-03-22,6181.23
2020-03-23,5950.33
2020-03-24,6328.12
2020-03-25,6701.57
2020-03-26,6706.12
2020-03-27,6708.39
2020-03-28,6468.98
2020-03-29,6229.42
2020-03-30,5979.04
2020-03-31,6326.36
2020-04-01,6429.11
2020-04-02,6553.04
2020-04-03,6864.56
2020-04-04,6786.22
2020-04-05,6856.75
2020-04-06,6789.34
2020-04-07,7207.93
2020-04-08,7237.31
2020-04-09,7329.74
2020-04-10,7268.69
2020-04-11,6951.92
2020-04-12,6876.89
2020-04-13,6953.6
2020-04-14,6797.46
2020-04-15,6879.19
2020-04-16,6699.15
2020-04-17,6978.92
2020-04-18,7056.6
2020-04-19,7214.06
2020-04-20,7149.91
2020-04-21,6916.29
2020-04-22,6860.12
2020-04-23,7066.47
2020-04-24,7448.88
2020-04-25,7506.74
2020-04-26,7563.66
2020-04-27,7650.24
2020-04-28,7753.01
2020-04-29,7743.75
2020-04-30,8565.04
2020-05-01,8785.06
2020-05-02,8838.37
2020-05-03,8936.76
2020-05-04,8936.74
2020-05-05,8816.18
2020-05-06,8987.19
2020-05-07,9163.46
2020-05-08,9775.43
2020-05-09,9845.45
2020-05-10,9625.91
2020-05-11,8777.38
2020-05-12,8625.49
2020-05-13,8789.42
2020-05-14,9213.76
2020-05-15,9697.29
2020-05-16,9396.72
2020-05-17,9394.32
2020-05-18,9639.9
2020-05-19,9709.86
2020-05-20,9730.32
2020-05-21,9529.16
2020-05-22,9122.69
2020-05-23,9132.73
2020-05-24,9189.6
2020-05-25,8851.61
2020-05-26,8852.65
2020-05-27,8848.9
2020-05-28,9115.07
2020-05-29,9471.57
2020-05-30,9447.12
2020-05-31,9621.42
2020-06-01,9495.46
2020-06-02,10062.44
2020-06-03,9627.76
2020-06-04,9601.3
2020-06-05,9729.8
2020-06-06,9669.41
2020-06-07,9653.04
2020-06-08,9674.17
2020-06-09,9760.78
2020-06-10,9753.69
2020-06-11,9866.12
2020-06-12,9395.91
2020-06-13,9428.38
2020-06-14,9449.64
2020-06-15,9346.91
2020-06-16,9317.64
2020-06-17,9506.85
2020-06-18,9428.08
2020-06-19,9377.07
2020-06-20,9317.05
2020-06-21,9318.15
2020-06-22,9318.25
2020-06-23,9611.39
2020-06-24,9637.32
2020-06-25,9360.54
2020-06-26,9203.32
2020-06-27,9159.15
2020-06-28,9006.81
2020-06-29,9089.87
2020-06-30,9156.74
2020-07-01,9134.66
2020-07-02,9215.64
2020-07-03,9099.02
2020-07-04,9074.52
2020-07-05,9130.51
2020-07-06,9053.94
2020-07-07,9284.57
2020-07-08,9275.03
2020-07-09,9398.9
2020-07-10,9271.56
2020-07-11,9251.99
2020-07-12,9240.79
2020-07-13,9280.02
2020-07-14,9255.02
2020-07-15,9223.24
2020-07-16,9204.28
2020-07-17,9126.44
2020-07-18,9142.83
2020-07-19,9173.39
2020-07-20,9197.97
2020-07-21,9172.15
2020-07-22,9332.1
2020-07-23,9485.75
2020-07-24,9592.95
2020-07-25,9557.09
2020-07-26,9678.2
2020-07-27,9933.35
2020-07-28,10861.23
2020-07-29,10927.81
2020-07-30,11122.61
2020-07-31,11142.34
2020-08-01,11361.96
2020-08-02,11769.98
2020-08-03,11044.62
2020-08-04,11272.64
2020-08-05,11206.93
2020-08-06,11785.16
2020-08-07,11768.59
2020-08-08,11607.68
2020-08-09,11765.03
2020-08-10,11687.18
2020-08-11,11898.16
2020-08-12,11395.45
2020-08-13,11583.04
2020-08-14,11779.04
2020-08-15,11782.41
2020-08-16,11863.59
2020-08-17,11908.44
2020-08-18,12299.05
2020-08-19,11978.12
2020-08-20,11757.88
2020-08-21,11866.74
2020-08-22,11536.68
2020-08-23,11679.91
2020-08-24,11653.71
2020-08-25,11760.97
2020-08-26,11340.03
2020-08-27,11471.47
2020-08-28,11327.12
2020-08-29,11536.63
2020-08-30,11478.69
2020-08-31,11714.63
2020-09-01,11657.83
2020-09-02,11921.1
2020-09-03,11402.12
2020-09-04,10175.34
2020-09-05,10483.09
2020-09-06,10151.94
2020-09-07,10264.38
2020-09-08,10374.65
2020-09-09,10123.3
2020-09-10,10237.33
2020-09-11,10357.65
2020-09-12,10404.15
2020-09-13,10455.27
2020-09-14,10340.29
2020-09-15,10681.34
2020-09-16,10787.85
2020-09-17,10939.97
2020-09-18,10944.42
2020-09-19,10939.31
2020-09-20,11086.12
2020-09-21,10913.49
2020-09-22,10425.77
2020-09-23,10538.69
2020-09-24,10254.53
2020-09-25,10742.74
2020-09-26,10697.65
2020-09-27,10738.46
2020-09-28,10781.75
2020-09-29,10699.8
2020-09-30,10849.47
2020-10-01,10781.51
2020-10-02,10615.37
2020-10-03,10576.02
2020-10-04,10551.61
2020-10-05,10671.21
2020-10-06,10792.06
2020-10-07,10606.17
2020-10-08,10673.86
2020-10-09,10931.51
2020-10-10,11058.61
2020-10-11,11309.32
2020-10-12,11368.96
2020-10-13,11536.99
2020-10-14,11427
2020-10-15,11424.27
2020-10-16,11497.81
2020-10-17,11325.15
2020-10-18,11366.67
2020-10-19,11495.1
2020-10-20,11756.67
2020-10-21,11904
2020-10-22,12818.01
2020-10-23,12944.96
2020-10-24,12936.3
2020-10-25,13131.34
2020-10-26,13046.28
2020-10-27,13075.17
2020-10-28,13662.56
2020-10-29,13290.25
2020-10-30,13528.59
2020-10-31,13575.45
2020-11-01,13766.58
2020-11-02,13803.09
2020-11-03,13572.66
2020-11-04,14012.65
2020-11-05,14166.3
2020-11-06,15601.33
2020-11-07,15604.79
2020-11-08,14823.76
2020-11-09,15490.12
2020-11-10,15333.03
2020-11-11,15329.07
2020-11-12,15671.41
2020-11-13,16305.15
2020-11-14,16342.33
2020-11-15,16086.97
2020-11-16,15944.78
2020-11-17,16720.96
2020-11-18,17677.75
2020-11-19,17793.61
2020-11-20,17830.1
2020-11-21,18684.1
2020-11-22,18703.96
2020-11-23,18455.24
2020-11-24,18391.02
2020-11-25,19182.43
2020-11-26,18849.82
2020-11-27,17180.08