Date,Total Transactions
2009-01-10,19
2009-01-11,80
2009-01-12,174
2009-01-13,274
2009-01-14,397
2009-01-15,527
2009-01-16,661
2009-01-17,771
2009-01-18,880
2009-01-19,988
2009-01-20,1105
2009-01-21,1220
2009-01-22,1324
2009-01-23,1416
2009-01-24,1501
2009-01-25,1703
2009-01-26,1895
2009-01-27,1992
2009-01-28,2090
2009-01-29,2202
2009-01-30,2324
2009-01-31,2441
2009-02-01,2580
2009-02-02,2694
2009-02-03,2823
2009-02-04,2978
2009-02-05,3097
2009-02-06,3223
2009-02-07,3345
2009-02-08,3478
2009-02-09,3611
2009-02-10,3746
2009-02-11,3866
2009-02-12,4001
2009-02-13,4120
2009-02-14,4244
2009-02-15,4380
2009-02-16,4511
2009-02-17,4634
2009-02-18,4751
2009-02-19,4869
2009-02-20,4994
2009-02-21,5116
2009-02-22,5230
2009-02-23,5355
2009-02-24,5463
2009-02-25,5569
2009-02-26,5674
2009-02-27,5781
2009-02-28,5897
2009-03-01,5997
2009-03-02,6102
2009-03-03,6210
2009-03-04,6317
2009-03-05,6423
2009-03-06,6536
2009-03-07,6653
2009-03-08,6762
2009-03-09,6880
2009-03-10,6988
2009-03-11,7095
2009-03-12,7209
2009-03-13,7328
2009-03-14,7442
2009-03-15,7552
2009-03-16,7675
2009-03-17,7797
2009-03-18,7911
2009-03-19,8027
2009-03-20,8149
2009-03-21,8268
2009-03-22,8318
2009-03-23,8439
2009-03-24,8569
2009-03-25,8674
2009-03-26,8791
2009-03-27,8909
2009-03-28,9015
2009-03-29,9137
2009-03-30,9253
2009-03-31,9373
2009-04-01,9484
2009-04-02,9598
2009-04-03,9713
2009-04-04,9829
2009-04-05,9942
2009-04-06,10074
2009-04-07,10183
2009-04-08,10283
2009-04-09,10388
2009-04-10,10487
2009-04-11,10595
2009-04-12,10716
2009-04-13,10836
2009-04-14,10952
2009-04-15,11076
2009-04-16,11189
2009-04-17,11312
2009-04-18,11424
2009-04-19,11554
2009-04-20,11674
2009-04-21,11795
2009-04-22,11919
2009-04-23,12040
2009-04-24,12115
2009-04-25,12230
2009-04-26,12348
2009-04-27,12462
2009-04-28,12566
2009-04-29,12683
2009-04-30,12812
2009-05-01,12943
2009-05-02,13064
2009-05-03,13192
2009-05-04,13301
2009-05-05,13430
2009-05-06,13566
2009-05-07,13701
2009-05-08,13823
2009-05-09,13930
2009-05-10,14008
2009-05-11,14093
2009-05-12,14214
2009-05-13,14344
2009-05-14,14460
2009-05-15,14602
2009-05-16,14739
2009-05-17,14858
2009-05-18,14985
2009-05-19,15103
2009-05-20,15189
2009-05-21,15309
2009-05-22,15391
2009-05-23,15452
2009-05-24,15484
2009-05-25,15584
2009-05-26,15693
2009-05-27,15818
2009-05-28,15937
2009-05-29,16032
2009-05-30,16139
2009-05-31,16248
2009-06-01,16344
2009-06-02,16416
2009-06-03,16527
2009-06-04,16598
2009-06-05,16664
2009-06-06,16694
2009-06-07,16722
2009-06-08,16738
2009-06-09,16820
2009-06-10,16911
2009-06-11,16993
2009-06-12,17082
2009-06-13,17168
2009-06-14,17246
2009-06-15,17318
2009-06-16,17402
2009-06-17,17473
2009-06-18,17552
2009-06-19,17632
2009-06-20,17719
2009-06-21,17797
2009-06-22,17878
2009-06-23,17955
2009-06-24,18031
2009-06-25,18128
2009-06-26,18197
2009-06-27,18287
2009-06-28,18371
2009-06-29,18418
2009-06-30,18503
2009-07-01,18588
2009-07-02,18663
2009-07-03,18747
2009-07-04,18829
2009-07-05,18918
2009-07-06,18997
2009-07-07,19081
2009-07-08,19150
2009-07-09,19224
2009-07-10,19310
2009-07-11,19391
2009-07-12,19474
2009-07-13,19551
2009-07-14,19629
2009-07-15,19698
2009-07-16,19743
2009-07-17,19814
2009-07-18,19861
2009-07-19,19865
2009-07-20,19935
2009-07-21,20006
2009-07-22,20088
2009-07-23,20148
2009-07-24,20224
2009-07-25,20297
2009-07-26,20329
2009-07-27,20350
2009-07-28,20424
2009-07-29,20465
2009-07-30,20485
2009-07-31,20501
2009-08-01,20518
2009-08-02,20546
2009-08-03,20569
2009-08-04,20581
2009-08-05,20662
2009-08-06,20749
2009-08-07,20839
2009-08-08,20920
2009-08-09,21000
2009-08-10,21101
2009-08-11,21176
2009-08-12,21246
2009-08-13,21309
2009-08-14,21394
2009-08-15,21457
2009-08-16,21483
2009-08-17,21502
2009-08-18,21519
2009-08-19,21529
2009-08-20,21547
2009-08-21,21569
2009-08-22,21583
2009-08-23,21590
2009-08-24,21605
2009-08-25,21620
2009-08-26,21670
2009-08-27,21721
2009-08-28,21750
2009-08-29,21825
2009-08-30,21904
2009-08-31,22001
2009-09-01,22088
2009-09-02,22166
2009-09-03,22232
2009-09-04,22294
2009-09-05,22358
2009-09-06,22434
2009-09-07,22502
2009-09-08,22581
2009-09-09,22650
2009-09-10,22704
2009-09-11,22771
2009-09-12,22838
2009-09-13,22907
2009-09-14,22982
2009-09-15,23056
2009-09-16,23100
2009-09-17,23173
2009-09-18,23258
2009-09-19,23336
2009-09-20,23410
2009-09-21,23488
2009-09-22,23558
2009-09-23,23584
2009-09-24,23620
2009-09-25,23717
2009-09-26,23810
2009-09-27,23911
2009-09-28,23998
2009-09-29,24083
2009-09-30,24173
2009-10-01,24258
2009-10-02,24340
2009-10-03,24413
2009-10-04,24471
2009-10-05,24524
2009-10-06,24579
2009-10-07,24624
2009-10-08,24684
2009-10-09,24754
2009-10-10,24833
2009-10-11,24910
2009-10-12,24984
2009-10-13,25043
2009-10-14,25100
2009-10-15,25169
2009-10-16,25240
2009-10-17,25301
2009-10-18,25358
2009-10-19,25433
2009-10-20,25545
2009-10-21,25641
2009-10-22,25722
2009-10-23,25813
2009-10-24,25902
2009-10-25,25965
2009-10-26,26041
2009-10-27,26112
2009-10-28,26177
2009-10-29,26243
2009-10-30,26291
2009-10-31,26351
2009-11-01,26397
2009-11-02,26422
2009-11-03,26455
2009-11-04,26517
2009-11-05,26581
2009-11-06,26638
2009-11-07,26700
2009-11-08,26769
2009-11-09,26842
2009-11-10,26906
2009-11-11,26987
2009-11-12,27057
2009-11-13,27125
2009-11-14,27206
2009-11-15,27285
2009-11-16,27381
2009-11-17,27478
2009-11-18,27570
2009-11-19,27649
2009-11-20,27721
2009-11-21,27807
2009-11-22,27880
2009-11-23,27986
2009-11-24,28082
2009-11-25,28175
2009-11-26,28265
2009-11-27,28349
2009-11-28,28423
2009-11-29,28494
2009-11-30,28554
2009-12-01,28629
2009-12-02,28703
2009-12-03,28797
2009-12-04,28885
2009-12-05,28921
2009-12-06,28986
2009-12-07,29091
2009-12-08,29204
2009-12-09,29310
2009-12-10,29419
2009-12-11,29523
2009-12-12,29637
2009-12-13,29747
2009-12-14,29861
2009-12-15,29968
2009-12-16,30081
2009-12-17,30217
2009-12-18,30389
2009-12-19,30614
2009-12-20,30813
2009-12-21,30989
2009-12-22,31164
2009-12-23,31326
2009-12-24,31480
2009-12-25,31634
2009-12-26,31784
2009-12-27,31958
2009-12-28,32126
2009-12-29,32263
2009-12-30,32434
2009-12-31,32575
2010-01-01,32713
2010-01-02,32847
2010-01-03,32973
2010-01-04,33159
2010-01-05,33342
2010-01-06,33540
2010-01-07,33703
2010-01-08,33857
2010-01-09,34010
2010-01-10,34161
2010-01-11,34351
2010-01-12,34510
2010-01-13,34671
2010-01-14,34837
2010-01-15,34982
2010-01-16,35124
2010-01-17,35250
2010-01-18,35381
2010-01-19,35507
2010-01-20,35631
2010-01-21,35789
2010-01-22,35973
2010-01-23,36109
2010-01-24,36271
2010-01-25,36426
2010-01-26,36641
2010-01-27,36842
2010-01-28,37008
2010-01-29,37187
2010-01-30,37388
2010-01-31,37602
2010-02-01,37769
2010-02-02,37962
2010-02-03,38108
2010-02-04,38380
2010-02-05,38614
2010-02-06,38841
2010-02-07,39047
2010-02-08,39269
2010-02-09,39477
2010-02-10,39687
2010-02-11,39860
2010-02-12,40034
2010-02-13,40222
2010-02-14,40457
2010-02-15,40676
2010-02-16,40861
2010-02-17,41062
2010-02-18,41312
2010-02-19,41527
2010-02-20,41722
2010-02-21,41932
2010-02-22,42159
2010-02-23,42424
2010-02-24,42675
2010-02-25,42852
2010-02-26,43010
2010-02-27,43186
2010-02-28,43361
2010-03-01,43520
2010-03-02,43719
2010-03-03,43912
2010-03-04,44070
2010-03-05,44258
2010-03-06,44431
2010-03-07,44614
2010-03-08,44797
2010-03-09,44927
2010-03-10,45075
2010-03-11,45244
2010-03-12,45380
2010-03-13,45503
2010-03-14,45657
2010-03-15,45784
2010-03-16,45924
2010-03-17,46053
2010-03-18,46192
2010-03-19,46342
2010-03-20,46503
2010-03-21,46707
2010-03-22,46898
2010-03-23,47083
2010-03-24,47303
2010-03-25,47485
2010-03-26,47687
2010-03-27,47900
2010-03-28,48085
2010-03-29,48276
2010-03-30,48483
2010-03-31,48704
2010-04-01,48920
2010-04-02,49097
2010-04-03,49258
2010-04-04,49424
2010-04-05,49607
2010-04-06,49788
2010-04-07,49962
2010-04-08,50166
2010-04-09,50364
2010-04-10,50585
2010-04-11,50886
2010-04-12,51148
2010-04-13,51396
2010-04-14,51606
2010-04-15,51861
2010-04-16,52118
2010-04-17,52351
2010-04-18,52602
2010-04-19,55956
2010-04-20,56229
2010-04-21,56472
2010-04-22,56725
2010-04-23,56923
2010-04-24,57123
2010-04-25,57325
2010-04-26,57528
2010-04-27,57741
2010-04-28,57973
2010-04-29,58201
2010-04-30,58380
2010-05-01,58549
2010-05-02,58760
2010-05-03,58942
2010-05-04,59128
2010-05-05,59304
2010-05-06,59467
2010-05-07,59646
2010-05-08,59804
2010-05-09,59983
2010-05-10,60168
2010-05-11,60323
2010-05-12,60453
2010-05-13,60613
2010-05-14,60779
2010-05-15,60933
2010-05-16,61045
2010-05-17,61178
2010-05-18,61356
2010-05-19,61580
2010-05-20,61786
2010-05-21,62024
2010-05-22,62258
2010-05-23,62485
2010-05-24,62794
2010-05-25,63043
2010-05-26,63298
2010-05-27,63585
2010-05-28,63852
2010-05-29,64128
2010-05-30,64372
2010-05-31,64573
2010-06-01,64762
2010-06-02,64945
2010-06-03,65139
2010-06-04,65377
2010-06-05,65546
2010-06-06,65741
2010-06-07,65939
2010-06-08,66147
2010-06-09,66369
2010-06-10,66588
2010-06-11,66807
2010-06-12,67055
2010-06-13,67268
2010-06-14,67512
2010-06-15,67761
2010-06-16,68034
2010-06-17,68224
2010-06-18,68427
2010-06-19,68619
2010-06-20,68836
2010-06-21,69061
2010-06-22,69306
2010-06-23,69535
2010-06-24,69789
2010-06-25,70031
2010-06-26,70238
2010-06-27,70441
2010-06-28,70677
2010-06-29,70904
2010-06-30,71171
2010-07-01,71440
2010-07-02,71727
2010-07-03,71974
2010-07-04,72252
2010-07-05,72476
2010-07-06,72726
2010-07-07,72935
2010-07-08,73157
2010-07-09,73376
2010-07-10,73643
2010-07-11,73883
2010-07-12,74300
2010-07-13,76540
2010-07-14,78028
2010-07-15,84154
2010-07-16,85489
2010-07-17,86669
2010-07-18,87090
2010-07-19,87510
2010-07-20,88018
2010-07-21,88622
2010-07-22,89076
2010-07-23,89473
2010-07-24,89887
2010-07-25,90776
2010-07-26,92598
2010-07-27,93068
2010-07-28,93493
2010-07-29,96512
2010-07-30,97311
2010-07-31,97634
2010-08-01,97931
2010-08-02,98294
2010-08-03,98691
2010-08-04,99342
2010-08-05,99778
2010-08-06,100297
2010-08-07,100657
2010-08-08,100925
2010-08-09,101315
2010-08-10,101740
2010-08-11,102082
2010-08-12,102499
2010-08-13,102936
2010-08-14,103398
2010-08-15,103835
2010-08-16,104172
2010-08-17,104617
2010-08-18,104934
2010-08-19,105298
2010-08-20,105623
2010-08-21,106046
2010-08-22,106387
2010-08-23,106752
2010-08-24,107122
2010-08-25,107503
2010-08-26,107868
2010-08-27,108236
2010-08-28,108528
2010-08-29,108868
2010-08-30,109141
2010-08-31,109465
2010-09-01,109903
2010-09-02,110295
2010-09-03,110597
2010-09-04,110916
2010-09-05,111193
2010-09-06,111501
2010-09-07,111784
2010-09-08,112064
2010-09-09,112403
2010-09-10,112742
2010-09-11,113090
2010-09-12,113391
2010-09-13,113767
2010-09-14,114205
2010-09-15,114635
2010-09-16,115065
2010-09-17,115495
2010-09-18,115858
2010-09-19,116260
2010-09-20,116618
2010-09-21,117096
2010-09-22,117899
2010-09-23,118593
2010-09-24,119226
2010-09-25,119722
2010-09-26,120261
2010-09-27,120672
2010-09-28,121251
2010-09-29,121747
2010-09-30,122723
2010-10-01,123084
2010-10-02,123683
2010-10-03,124187
2010-10-04,124544
2010-10-05,124955
2010-10-06,125325
2010-10-07,125727
2010-10-08,126071
2010-10-09,126432
2010-10-10,126835
2010-10-11,127199
2010-10-12,127542
2010-10-13,127892
2010-10-14,128255
2010-10-15,128619
2010-10-16,128948
2010-10-17,129391
2010-10-18,129847
2010-10-19,130424
2010-10-20,131351
2010-10-21,132090
2010-10-22,132626
2010-10-23,133219
2010-10-24,133735
2010-10-25,134284
2010-10-26,134696
2010-10-27,135217
2010-10-28,135783
2010-10-29,136278
2010-10-30,136735
2010-10-31,137161
2010-11-01,137469
2010-11-02,137826
2010-11-03,138103
2010-11-04,138450
2010-11-05,138808
2010-11-06,139248
2010-11-07,139631
2010-11-08,140082
2010-11-09,140598
2010-11-10,141008
2010-11-11,141407
2010-11-12,141798
2010-11-13,142084
2010-11-14,142425
2010-11-15,142845
2010-11-16,148502
2010-11-17,156820
2010-11-18,157253
2010-11-19,159356
2010-11-20,168819
2010-11-21,178162
2010-11-22,188159
2010-11-23,188521
2010-11-24,188845
2010-11-25,192866
2010-11-26,197792
2010-11-27,199075
2010-11-28,199520
2010-11-29,199973
2010-11-30,200429
2010-12-01,200892
2010-12-02,201404
2010-12-03,201851
2010-12-04,202238
2010-12-05,202657
2010-12-06,203088
2010-12-07,203557
2010-12-08,204126
2010-12-09,204646
2010-12-10,205142
2010-12-11,205518
2010-12-12,206060
2010-12-13,206713
2010-12-14,207364
2010-12-15,208005
2010-12-16,208644
2010-12-17,209175
2010-12-18,209635
2010-12-19,210144
2010-12-20,210699
2010-12-21,211627
2010-12-22,212256
2010-12-23,212929
2010-12-24,213436
2010-12-25,213963
2010-12-26,214596
2010-12-27,215180
2010-12-28,215724
2010-12-29,216366
2010-12-30,216914
2010-12-31,217479
2011-01-01,218023
2011-01-02,218677
2011-01-03,219270
2011-01-04,220423
2011-01-05,221406
2011-01-06,222721
2011-01-07,223381
2011-01-08,224432
2011-01-09,225821
2011-01-10,227049
2011-01-11,228378
2011-01-12,229738
2011-01-13,230893
2011-01-14,232183
2011-01-15,233444
2011-01-16,234400
2011-01-17,235305
2011-01-18,236141
2011-01-19,236990
2011-01-20,237889
2011-01-21,238824
2011-01-22,239981
2011-01-23,241395
2011-01-24,242479
2011-01-25,243823
2011-01-26,244693
2011-01-27,245700
2011-01-28,246543
2011-01-29,247662
2011-01-30,248979
2011-01-31,251747
2011-02-01,252972
2011-02-02,253990
2011-02-03,254875
2011-02-04,255676
2011-02-05,256584
2011-02-06,257460
2011-02-07,258321
2011-02-08,259209
2011-02-09,260088
2011-02-10,261334
2011-02-11,263372
2011-02-12,265721
2011-02-13,267652
2011-02-14,269455
2011-02-15,271475
2011-02-16,273656
2011-02-17,275760
2011-02-18,278033
2011-02-19,280060
2011-02-20,281657
2011-02-21,283608
2011-02-22,285606
2011-02-23,287761
2011-02-24,290046
2011-02-25,292139
2011-02-26,294211
2011-02-27,296126
2011-02-28,298428
2011-03-01,300127
2011-03-02,302954
2011-03-03,304880
2011-03-04,308077
2011-03-05,310065
2011-03-06,312080
2011-03-07,314129
2011-03-08,316059
2011-03-09,318516
2011-03-10,320329
2011-03-11,322035
2011-03-12,323883
2011-03-13,326895
2011-03-14,329561
2011-03-15,332216
2011-03-16,335053
2011-03-17,338391
2011-03-18,341605
2011-03-19,344356
2011-03-20,347372
2011-03-21,351237
2011-03-22,357168
2011-03-23,359507
2011-03-24,363889
2011-03-25,366077
2011-03-26,368079
2011-03-27,371409
2011-03-28,373895
2011-03-29,377040
2011-03-30,379576
2011-03-31,381269
2011-04-01,383355
2011-04-02,384918
2011-04-03,386720
2011-04-04,388512
2011-04-05,390880
2011-04-06,392955
2011-04-07,394816
2011-04-08,396488
2011-04-09,398271
2011-04-10,399983
2011-04-11,401728
2011-04-12,403693
2011-04-13,405745
2011-04-14,408159
2011-04-15,411232
2011-04-16,413242
2011-04-17,415158
2011-04-18,417447
2011-04-19,420542
2011-04-20,424095
2011-04-21,427048
2011-04-22,428954
2011-04-23,431037
2011-04-24,433354
2011-04-25,435807
2011-04-26,438341
2011-04-27,441739
2011-04-28,446316
2011-04-29,449299
2011-04-30,452931
2011-05-01,457328
2011-05-02,461242
2011-05-03,464333
2011-05-04,467305
2011-05-05,470076
2011-05-06,473568
2011-05-07,476898
2011-05-08,480710
2011-05-09,483701
2011-05-10,487180
2011-05-11,490283
2011-05-12,493394
2011-05-13,496759
2011-05-14,500827
2011-05-15,505272
2011-05-16,509092
2011-05-17,513379
2011-05-18,517818
2011-05-19,523474
2011-05-20,528067
2011-05-21,532906
2011-05-22,537815
2011-05-23,543125
2011-05-24,548891
2011-05-25,554722
2011-05-26,561123
2011-05-27,567962
2011-05-28,572828
2011-05-29,577814
2011-05-30,582669
2011-05-31,587972
2011-06-01,594049
2011-06-02,600590
2011-06-03,607695
2011-06-04,616065
2011-06-05,625006
2011-06-06,633506
2011-06-07,643272
2011-06-08,652431
2011-06-09,664084
2011-06-10,676424
2011-06-11,687763
2011-06-12,698640
2011-06-13,711203
2011-06-14,722152
2011-06-15,736370
2011-06-16,749011
2011-06-17,761669
2011-06-18,773125
2011-06-19,784535
2011-06-20,796177
2011-06-21,807124
2011-06-22,817004
2011-06-23,828485
2011-06-24,838839
2011-06-25,849889
2011-06-26,859612
2011-06-27,869915
2011-06-28,881444
2011-06-29,892119
2011-06-30,902056
2011-07-01,911595
2011-07-02,922337
2011-07-03,930226
2011-07-04,938606
2011-07-05,948377
2011-07-06,957454
2011-07-07,967860
2011-07-08,976892
2011-07-09,985429
2011-07-10,993165
2011-07-11,1001843
2011-07-12,1012166
2011-07-13,1020462
2011-07-14,1029527
2011-07-15,1038318
2011-07-16,1046562
2011-07-17,1055267
2011-07-18,1063616
2011-07-19,1072498
2011-07-20,1081671
2011-07-21,1090502
2011-07-22,1098615
2011-07-23,1107686
2011-07-24,1115026
2011-07-25,1123530
2011-07-26,1132850
2011-07-27,1141070
2011-07-28,1149095
2011-07-29,1157272
2011-07-30,1164547
2011-07-31,1170647
2011-08-01,1178934
2011-08-02,1187395
2011-08-03,1195885
2011-08-04,1203698
2011-08-05,1212022
2011-08-06,1219719
2011-08-07,1226107
2011-08-08,1232851
2011-08-09,1240241
2011-08-10,1249407
2011-08-11,1257609
2011-08-12,1265222
2011-08-13,1272469
2011-08-14,1280063
2011-08-15,1287457
2011-08-16,1295614
2011-08-17,1305300
2011-08-18,1313015
2011-08-19,1320656
2011-08-20,1328156
2011-08-21,1335252
2011-08-22,1342824
2011-08-23,1350736
2011-08-24,1357945
2011-08-25,1365446
2011-08-26,1372616
2011-08-27,1380076
2011-08-28,1386487
2011-08-29,1391979
2011-08-30,1400263
2011-08-31,1407946
2011-09-01,1415244
2011-09-02,1422299
2011-09-03,1429492
2011-09-04,1435375
2011-09-05,1442622
2011-09-06,1449619
2011-09-07,1457622
2011-09-08,1464572
2011-09-09,1471108
2011-09-10,1478358
2011-09-11,1484424
2011-09-12,1491012
2011-09-13,1497299
2011-09-14,1503875
2011-09-15,1510186
2011-09-16,1516582
2011-09-17,1522843
2011-09-18,1528241
2011-09-19,1534261
2011-09-20,1541064
2011-09-21,1549094
2011-09-22,1556910
2011-09-23,1562993
2011-09-24,1569265
2011-09-25,1575015
2011-09-26,1580806
2011-09-27,1586399
2011-09-28,1592511
2011-09-29,1598543
2011-09-30,1603931
2011-10-01,1609888
2011-10-02,1615347
2011-10-03,1620425
2011-10-04,1626977
2011-10-05,1632531
2011-10-06,1638320
2011-10-07,1644240
2011-10-08,1649982
2011-10-09,1655341
2011-10-10,1660898
2011-10-11,1666750
2011-10-12,1672822
2011-10-13,1678634
2011-10-14,1683549
2011-10-15,1689661
2011-10-16,1695238
2011-10-17,1700196
2011-10-18,1706015
2011-10-19,1711054
2011-10-20,1716019
2011-10-21,1720666
2011-10-22,1725877
2011-10-23,1731308
2011-10-24,1736896
2011-10-25,1742553
2011-10-26,1747760
2011-10-27,1753153
2011-10-28,1757897
2011-10-29,1762756
2011-10-30,1768554
2011-10-31,1773292
2011-11-01,1778529
2011-11-02,1784383
2011-11-03,1790427
2011-11-04,1796818
2011-11-05,1803145
2011-11-06,1808937
2011-11-07,1813972
2011-11-08,1819606
2011-11-09,1825574
2011-11-10,1832278
2011-11-11,1838633
2011-11-12,1843822
2011-11-13,1848642
2011-11-14,1854363
2011-11-15,1859913
2011-11-16,1866317
2011-11-17,1872330
2011-11-18,1877351
2011-11-19,1882425
2011-11-20,1887135
2011-11-21,1892171
2011-11-22,1897145
2011-11-23,1902552
2011-11-24,1908072
2011-11-25,1913119
2011-11-26,1918534
2011-11-27,1923224
2011-11-28,1928317
2011-11-29,1934245
2011-11-30,1940795
2011-12-01,1947560
2011-12-02,1954072
2011-12-03,1960108
2011-12-04,1965967
2011-12-05,1971188
2011-12-06,1977522
2011-12-07,1985498
2011-12-08,1991733
2011-12-09,1997485
2011-12-10,2003058
2011-12-11,2008757
2011-12-12,2013956
2011-12-13,2018981
2011-12-14,2024193
2011-12-15,2029899
2011-12-16,2035041
2011-12-17,2040102
2011-12-18,2044843
2011-12-19,2049587
2011-12-20,2055352
2011-12-21,2061778
2011-12-22,2067320
2011-12-23,2073191
2011-12-24,2078689
2011-12-25,2083357
2011-12-26,2088669
2011-12-27,2094384
2011-12-28,2099518
2011-12-29,2104640
2011-12-30,2109746
2011-12-31,2114780
2012-01-01,2119958
2012-01-02,2124942
2012-01-03,2130483
2012-01-04,2136159
2012-01-05,2142086
2012-01-06,2148950
2012-01-07,2155483
2012-01-08,2161622
2012-01-09,2167901
2012-01-10,2174081
2012-01-11,2180531
2012-01-12,2187769
2012-01-13,2194586
2012-01-14,2201280
2012-01-15,2208224
2012-01-16,2214380
2012-01-17,2221367
2012-01-18,2228353
2012-01-19,2234880
2012-01-20,2241750
2012-01-21,2248481
2012-01-22,2254799
2012-01-23,2260173
2012-01-24,2266435
2012-01-25,2273792
2012-01-26,2281806
2012-01-27,2288125
2012-01-28,2294388
2012-01-29,2300432
2012-01-30,2306802
2012-01-31,2312855
2012-02-01,2319938
2012-02-02,2326457
2012-02-03,2333486
2012-02-04,2340650
2012-02-05,2347880
2012-02-06,2354587
2012-02-07,2360807
2012-02-08,2367737
2012-02-09,2374866
2012-02-10,2382269
2012-02-11,2390903
2012-02-12,2398500
2012-02-13,2405448
2012-02-14,2413613
2012-02-15,2423227
2012-02-16,2432753
2012-02-17,2441931
2012-02-18,2448615
2012-02-19,2455069
2012-02-20,2460991
2012-02-21,2467561
2012-02-22,2473781
2012-02-23,2480932
2012-02-24,2489142
2012-02-25,2496035
2012-02-26,2502229
2012-02-27,2507979
2012-02-28,2514885
2012-02-29,2521518
2012-03-01,2528329
2012-03-02,2535141
2012-03-03,2542776
2012-03-04,2548112
2012-03-05,2554451
2012-03-06,2561453
2012-03-07,2567889
2012-03-08,2574509
2012-03-09,2581051
2012-03-10,2587638
2012-03-11,2593011
2012-03-12,2598042
2012-03-13,2604488
2012-03-14,2611818
2012-03-15,2618697
2012-03-16,2625006
2012-03-17,2631790
2012-03-18,2638832
2012-03-19,2644880
2012-03-20,2651643
2012-03-21,2658187
2012-03-22,2665163
2012-03-23,2671784
2012-03-24,2677923
2012-03-25,2684283
2012-03-26,2690495
2012-03-27,2697306
2012-03-28,2703872
2012-03-29,2710917
2012-03-30,2718696
2012-03-31,2725482
2012-04-01,2731699
2012-04-02,2737265
2012-04-03,2743777
2012-04-04,2751458
2012-04-05,2758671
2012-04-06,2765685
2012-04-07,2772414
2012-04-08,2778371
2012-04-09,2784218
2012-04-10,2790897
2012-04-11,2799389
2012-04-12,2807524
2012-04-13,2815491
2012-04-14,2822800
2012-04-15,2830824
2012-04-16,2838013
2012-04-17,2846534
2012-04-18,2854445
2012-04-19,2862971
2012-04-20,2870767
2012-04-21,2879016
2012-04-22,2886350
2012-04-23,2892570
2012-04-24,2899923
2012-04-25,2907516
2012-04-26,2915009
2012-04-27,2925213
2012-04-28,2932221
2012-04-29,2939676
2012-04-30,2947516
2012-05-01,2956833
2012-05-02,2967214
2012-05-03,2977141
2012-05-04,2991084
2012-05-05,3005680
2012-05-06,3018240
2012-05-07,3029433
2012-05-08,3047912
2012-05-09,3065368
2012-05-10,3082921
2012-05-11,3096386
2012-05-12,3113512
2012-05-13,3131784
2012-05-14,3147109
2012-05-15,3175620
2012-05-16,3198726
2012-05-17,3215547
2012-05-18,3233221
2012-05-19,3257612
2012-05-20,3294599
2012-05-21,3323758
2012-05-22,3355588
2012-05-23,3379540
2012-05-24,3406160
2012-05-25,3433311
2012-05-26,3462362
2012-05-27,3485076
2012-05-28,3511824
2012-05-29,3541696
2012-05-30,3571985
2012-05-31,3597502
2012-06-01,3617965
2012-06-02,3644807
2012-06-03,3657905
2012-06-04,3692726
2012-06-05,3738675
2012-06-06,3781281
2012-06-07,3798620
2012-06-08,3831526
2012-06-09,3855598
2012-06-10,3888850
2012-06-11,3928771
2012-06-12,3961537
2012-06-13,3981597
2012-06-14,4036699
2012-06-15,4098705
2012-06-16,4154566
2012-06-17,4197151
2012-06-18,4240792
2012-06-19,4279002
2012-06-20,4315947
2012-06-21,4348482
2012-06-22,4375157
2012-06-23,4397598
2012-06-24,4420050
2012-06-25,4442326
2012-06-26,4471233
2012-06-27,4501706
2012-06-28,4532022
2012-06-29,4559139
2012-06-30,4582361
2012-07-01,4604509
2012-07-02,4624031
2012-07-03,4649480
2012-07-04,4671123
2012-07-05,4694269
2012-07-06,4716434
2012-07-07,4740864
2012-07-08,4766254
2012-07-09,4786731
2012-07-10,4812479
2012-07-11,4847554
2012-07-12,4878366
2012-07-13,4902917
2012-07-14,4927496
2012-07-15,4949751
2012-07-16,4976311
2012-07-17,5007666
2012-07-18,5042928
2012-07-19,5075442
2012-07-20,5106951
2012-07-21,5143365
2012-07-22,5178307
2012-07-23,5214757
2012-07-24,5245729
2012-07-25,5274852
2012-07-26,5300983
2012-07-27,5331504
2012-07-28,5358835
2012-07-29,5394249
2012-07-30,5428417
2012-07-31,5462861
2012-08-01,5505325
2012-08-02,5535584
2012-08-03,5568449
2012-08-04,5595772
2012-08-05,5625426
2012-08-06,5659226
2012-08-07,5694622
2012-08-08,5723677
2012-08-09,5763053
2012-08-10,5793945
2012-08-11,5821905
2012-08-12,5854940
2012-08-13,5890534
2012-08-14,5939021
2012-08-15,5973942
2012-08-16,6027399
2012-08-17,6072824
2012-08-18,6113899
2012-08-19,6150662
2012-08-20,6187321
2012-08-21,6223619
2012-08-22,6267743
2012-08-23,6303708
2012-08-24,6335220
2012-08-25,6367142
2012-08-26,6400525
2012-08-27,6430238
2012-08-28,6463822
2012-08-29,6493853
2012-08-30,6527660
2012-08-31,6561705
2012-09-01,6602900
2012-09-02,6642891
2012-09-03,6676214
2012-09-04,6715582
2012-09-05,6754399
2012-09-06,6795746
2012-09-07,6838551
2012-09-08,6872131
2012-09-09,6903401
2012-09-10,6935037
2012-09-11,6968514
2012-09-12,7007222
2012-09-13,7034502
2012-09-14,7063613
2012-09-15,7100124
2012-09-16,7127579
2012-09-17,7155147
2012-09-18,7180342
2012-09-19,7212345
2012-09-20,7244575
2012-09-21,7276290
2012-09-22,7306274
2012-09-23,7328352
2012-09-24,7356290
2012-09-25,7385222
2012-09-26,7411416
2012-09-27,7442440
2012-09-28,7470191
2012-09-29,7504905
2012-09-30,7527388
2012-10-01,7548504
2012-10-02,7573129
2012-10-03,7605953
2012-10-04,7632918
2012-10-05,7666485
2012-10-06,7701413
2012-10-07,7735485
2012-10-08,7769095
2012-10-09,7807824
2012-10-10,7843009
2012-10-11,7874739
2012-10-12,7901359
2012-10-13,7929988
2012-10-14,7963438
2012-10-15,7990871
2012-10-16,8022239
2012-10-17,8055947
2012-10-18,8088389
2012-10-19,8116258
2012-10-20,8142144
2012-10-21,8172074
2012-10-22,8213343
2012-10-23,8256497
2012-10-24,8288068
2012-10-25,8321173
2012-10-26,8347188
2012-10-27,8368971
2012-10-28,8385320
2012-10-29,8403325
2012-10-30,8425402
2012-10-31,8456498
2012-11-01,8483091
2012-11-02,8507138
2012-11-03,8536149
2012-11-04,8560595
2012-11-05,8584397
2012-11-06,8616861
2012-11-07,8649437
2012-11-08,8685327
2012-11-09,8717580
2012-11-10,8742555
2012-11-11,8769379
2012-11-12,8793121
2012-11-13,8817283
2012-11-14,8843591
2012-11-15,8874762
2012-11-16,8912023
2012-11-17,8952185
2012-11-18,8983951
2012-11-19,9018936
2012-11-20,9055222
2012-11-21,9093104
2012-11-22,9131357
2012-11-23,9162977
2012-11-24,9194984
2012-11-25,9224170
2012-11-26,9260096
2012-11-27,9297549
2012-11-28,9324649
2012-11-29,9362612
2012-11-30,9399157
2012-12-01,9429949
2012-12-02,9462540
2012-12-03,9482809
2012-12-04,9505154
2012-12-05,9538433
2012-12-06,9572451
2012-12-07,9608124
2012-12-08,9640977
2012-12-09,9673327
2012-12-10,9705212
2012-12-11,9741735
2012-12-12,9778760
2012-12-13,9815756
2012-12-14,9857514
2012-12-15,9896241
2012-12-16,9929404
2012-12-17,9965643
2012-12-18,10006433
2012-12-19,10056237
2012-12-20,10102270
2012-12-21,10137279
2012-12-22,10181557
2012-12-23,10231842
2012-12-24,10269999
2012-12-25,10304998
2012-12-26,10334978
2012-12-27,10371253
2012-12-28,10414929
2012-12-29,10462078
2012-12-30,10500851
2012-12-31,10543880
2013-01-01,10574923
2013-01-02,10607977
2013-01-03,10645749
2013-01-04,10689444
2013-01-05,10736967
2013-01-06,10776919
2013-01-07,10809992
2013-01-08,10850581
2013-01-09,10889554
2013-01-10,10932348
2013-01-11,10985079
2013-01-12,11037730
2013-01-13,11084053
2013-01-14,11133971
2013-01-15,11177577
2013-01-16,11223805
2013-01-17,11275736
2013-01-18,11324748
2013-01-19,11374254
2013-01-20,11429595
2013-01-21,11470967
2013-01-22,11511741
2013-01-23,11554282
2013-01-24,11601767
2013-01-25,11647539
2013-01-26,11697182
2013-01-27,11750047
2013-01-28,11803931
2013-01-29,11856814
2013-01-30,11907424
2013-01-31,11948514
2013-02-01,12001174
2013-02-02,12058839
2013-02-03,12113515
2013-02-04,12174180
2013-02-05,12230103
2013-02-06,12284113
2013-02-07,12326149
2013-02-08,12389473
2013-02-09,12449436
2013-02-10,12507043
2013-02-11,12563302
2013-02-12,12621212
2013-02-13,12679870
2013-02-14,12738236
2013-02-15,12789852
2013-02-16,12844461
2013-02-17,12897001
2013-02-18,12946648
2013-02-19,12996905
2013-02-20,13050488
2013-02-21,13110924
2013-02-22,13167455
2013-02-23,13229224
2013-02-24,13287089
2013-02-25,13343889
2013-02-26,13412268
2013-02-27,13474740
2013-02-28,13535903
2013-03-01,13598834
2013-03-02,13663445
2013-03-03,13719394
2013-03-04,13772663
2013-03-05,13836824
2013-03-06,13893110
2013-03-07,13956499
2013-03-08,14023868
2013-03-09,14079216
2013-03-10,14135024
2013-03-11,14208133
2013-03-12,14266851
2013-03-13,14316803
2013-03-14,14373169
2013-03-15,14431750
2013-03-16,14494802
2013-03-17,14527964
2013-03-18,14563421
2013-03-19,14606935
2013-03-20,14652922
2013-03-21,14699235
2013-03-22,14755235
2013-03-23,14815723
2013-03-24,14868113
2013-03-25,14920113
2013-03-26,14967871
2013-03-27,15018090
2013-03-28,15070440
2013-03-29,15132212
2013-03-30,15193467
2013-03-31,15254299
2013-04-01,15297902
2013-04-02,15350645
2013-04-03,15413337
2013-04-04,15478894
2013-04-05,15544561
2013-04-06,15605535
2013-04-07,15657432
2013-04-08,15720811
2013-04-09,15783181
2013-04-10,15851234
2013-04-11,15914172
2013-04-12,15982159
2013-04-13,16040808
2013-04-14,16094101
2013-04-15,16150926
2013-04-16,16204700
2013-04-17,16272140
2013-04-18,16328800
2013-04-19,16377849
2013-04-20,16435511
2013-04-21,16482847
2013-04-22,16527267
2013-04-23,16574391
2013-04-24,16636371
2013-04-25,16702041
2013-04-26,16763420
2013-04-27,16818992
2013-04-28,16862126
2013-04-29,16904991
2013-04-30,16957087
2013-05-01,17003811
2013-05-02,17060676
2013-05-03,17115150
2013-05-04,17166278
2013-05-05,17217025
2013-05-06,17267052
2013-05-07,17320003
2013-05-08,17377525
2013-05-09,17428143
2013-05-10,17495329
2013-05-11,17563010
2013-05-12,17636602
2013-05-13,17701484
2013-05-14,17762224
2013-05-15,17829398
2013-05-16,17892373
2013-05-17,17953673
2013-05-18,18013034
2013-05-19,18065249
2013-05-20,18112406
2013-05-21,18161187
2013-05-22,18215291
2013-05-23,18267343
2013-05-24,18327164
2013-05-25,18381992
2013-05-26,18432920
2013-05-27,18473806
2013-05-28,18527140
2013-05-29,18585520
2013-05-30,18639856
2013-05-31,18696372
2013-06-01,18750853
2013-06-02,18804679
2013-06-03,18854845
2013-06-04,18911479
2013-06-05,18968119
2013-06-06,19025395
2013-06-07,19079857
2013-06-08,19132077
2013-06-09,19179588
2013-06-10,19224500
2013-06-11,19269817
2013-06-12,19318712
2013-06-13,19364831
2013-06-14,19408703
2013-06-15,19457866
2013-06-16,19493884
2013-06-17,19537219
2013-06-18,19583875
2013-06-19,19628991
2013-06-20,19676123
2013-06-21,19729922
2013-06-22,19775885
2013-06-23,19820439
2013-06-24,19858679
2013-06-25,19903350
2013-06-26,19947494
2013-06-27,19994588
2013-06-28,20039632
2013-06-29,20089797
2013-06-30,20126014
2013-07-01,20156291
2013-07-02,20195359
2013-07-03,20235054
2013-07-04,20270292
2013-07-05,20305777
2013-07-06,20342663
2013-07-07,20375577
2013-07-08,20406506
2013-07-09,20445873
2013-07-10,20486722
2013-07-11,20526427
2013-07-12,20570050
2013-07-13,20619435
2013-07-14,20656789
2013-07-15,20690399
2013-07-16,20727952
2013-07-17,20768115
2013-07-18,20807881
2013-07-19,20848986
2013-07-20,20885640
2013-07-21,20919929
2013-07-22,20954874
2013-07-23,20994783
2013-07-24,21033297
2013-07-25,21076174
2013-07-26,21117800
2013-07-27,21155715
2013-07-28,21191837
2013-07-29,21230643
2013-07-30,21271213
2013-07-31,21315021
2013-08-01,21363780
2013-08-02,21414941
2013-08-03,21467145
2013-08-04,21511443
2013-08-05,21555457
2013-08-06,21605448
2013-08-07,21660224
2013-08-08,21718265
2013-08-09,21775362
2013-08-10,21825982
2013-08-11,21876559
2013-08-12,21915245
2013-08-13,21965501
2013-08-14,22019554
2013-08-15,22070588
2013-08-16,22127928
2013-08-17,22199224
2013-08-18,22257108
2013-08-19,22313877
2013-08-20,22384112
2013-08-21,22446879
2013-08-22,22509027
2013-08-23,22574543
2013-08-24,22629577
2013-08-25,22681696
2013-08-26,22726987
2013-08-27,22782269
2013-08-28,22844276
2013-08-29,22909978
2013-08-30,22968800
2013-08-31,23030744
2013-09-01,23077433
2013-09-02,23124245
2013-09-03,23176392
2013-09-04,23228838
2013-09-05,23280617
2013-09-06,23341870
2013-09-07,23404354
2013-09-08,23454968
2013-09-09,23500691
2013-09-10,23559190
2013-09-11,23611975
2013-09-12,23660611
2013-09-13,23714158
2013-09-14,23758981
2013-09-15,23801417
2013-09-16,23855615
2013-09-17,23909007
2013-09-18,23977226
2013-09-19,24036034
2013-09-20,24096566
2013-09-21,24154304
2013-09-22,24206791
2013-09-23,24258317
2013-09-24,24323668
2013-09-25,24386007
2013-09-26,24441697
2013-09-27,24498716
2013-09-28,24545065
2013-09-29,24587885
2013-09-30,24628315
2013-10-01,24675350
2013-10-02,24733873
2013-10-03,24794525
2013-10-04,24854698
2013-10-05,24905813
2013-10-06,24951132
2013-10-07,24994546
2013-10-08,25040424
2013-10-09,25084585
2013-10-10,25135957
2013-10-11,25192822
2013-10-12,25244071
2013-10-13,25293601
2013-10-14,25344485
2013-10-15,25401959
2013-10-16,25458329
2013-10-17,25508453
2013-10-18,25556817
2013-10-19,25615143
2013-10-20,25672174
2013-10-21,25720144
2013-10-22,25780740
2013-10-23,25845690
2013-10-24,25901649
2013-10-25,25964772
2013-10-26,26022313
2013-10-27,26069832
2013-10-28,26113692
2013-10-29,26164782
2013-10-30,26214977
2013-10-31,26264072
2013-11-01,26320894
2013-11-02,26365993
2013-11-03,26405872
2013-11-04,26440851
2013-11-05,26487515
2013-11-06,26539802
2013-11-07,26595563
2013-11-08,26655030
2013-11-09,26714951
2013-11-10,26770087
2013-11-11,26826681
2013-11-12,26883665
2013-11-13,26941978
2013-11-14,27007967
2013-11-15,27077177
2013-11-16,27137550
2013-11-17,27184145
2013-11-18,27236692
2013-11-19,27319034
2013-11-20,27409802
2013-11-21,27485379
2013-11-22,27558620
2013-11-23,27635949
2013-11-24,27706910
2013-11-25,27767714
2013-11-26,27839343
2013-11-27,27926889
2013-11-28,28019674
2013-11-29,28118687
2013-11-30,28208498
2013-12-01,28282590
2013-12-02,28354872
2013-12-03,28431204
2013-12-04,28508089
2013-12-05,28588953
2013-12-06,28673205
2013-12-07,28743635
2013-12-08,28809793
2013-12-09,28857723
2013-12-10,28921451
2013-12-11,28990656
2013-12-12,29057543
2013-12-13,29114386
2013-12-14,29175565
2013-12-15,29228777
2013-12-16,29281668
2013-12-17,29351824
2013-12-18,29418355
2013-12-19,29499769
2013-12-20,29570017
2013-12-21,29637616
2013-12-22,29692643
2013-12-23,29745048
2013-12-24,29798831
2013-12-25,29854951
2013-12-26,29909507
2013-12-27,29961849
2013-12-28,30015529
2013-12-29,30062371
2013-12-30,30113698
2013-12-31,30168823
2014-01-01,30217541
2014-01-02,30260129
2014-01-03,30315459
2014-01-04,30376955
2014-01-05,30428997
2014-01-06,30486677
2014-01-07,30555346
2014-01-08,30617706
2014-01-09,30678764
2014-01-10,30738018
2014-01-11,30792917
2014-01-12,30849053
2014-01-13,30898518
2014-01-14,30953191
2014-01-15,31009222
2014-01-16,31072157
2014-01-17,31127944
2014-01-18,31187242
2014-01-19,31238601
2014-01-20,31286194
2014-01-21,31349901
2014-01-22,31423137
2014-01-23,31488125
2014-01-24,31550957
2014-01-25,31617712
2014-01-26,31670790
2014-01-27,31724232
2014-01-28,31788761
2014-01-29,31854928
2014-01-30,31914601
2014-01-31,31975717
2014-02-01,32034828
2014-02-02,32090732
2014-02-03,32142037
2014-02-04,32201635
2014-02-05,32269873
2014-02-06,32337421
2014-02-07,32407325
2014-02-08,32479904
2014-02-09,32543249
2014-02-10,32600951
2014-02-11,32666962
2014-02-12,32734348
2014-02-13,32795359
2014-02-14,32864703
2014-02-15,32938591
2014-02-16,33000235
2014-02-17,33057865
2014-02-18,33119456
2014-02-19,33183780
2014-02-20,33256475
2014-02-21,33325256
2014-02-22,33395981
2014-02-23,33453705
2014-02-24,33513214
2014-02-25,33587814
2014-02-26,33667421
2014-02-27,33739761
2014-02-28,33812289
2014-03-01,33883680
2014-03-02,33945774
2014-03-03,34003559
2014-03-04,34084997
2014-03-05,34168313
2014-03-06,34241048
2014-03-07,34310487
2014-03-08,34382898
2014-03-09,34447860
2014-03-10,34509380
2014-03-11,34581118
2014-03-12,34658218
2014-03-13,34734143
2014-03-14,34807416
2014-03-15,34876883
2014-03-16,34937402
2014-03-17,34997115
2014-03-18,35061923
2014-03-19,35117771
2014-03-20,35190756
2014-03-21,35263615
2014-03-22,35334407
2014-03-23,35401967
2014-03-24,35460575
2014-03-25,35529823
2014-03-26,35603033
2014-03-27,35670315
2014-03-28,35744169
2014-03-29,35808380
2014-03-30,35863211
2014-03-31,35918182
2014-04-01,35984150
2014-04-02,36049323
2014-04-03,36114602
2014-04-04,36182694
2014-04-05,36247845
2014-04-06,36302879
2014-04-07,36353927
2014-04-08,36420568
2014-04-09,36487697
2014-04-10,36552231
2014-04-11,36621642
2014-04-12,36685934
2014-04-13,36733846
2014-04-14,36784661
2014-04-15,36854744
2014-04-16,36928702
2014-04-17,36997037
2014-04-18,37063252
2014-04-19,37119407
2014-04-20,37172567
2014-04-21,37220973
2014-04-22,37282108
2014-04-23,37358098
2014-04-24,37433978
2014-04-25,37504268
2014-04-26,37577937
2014-04-27,37628599
2014-04-28,37681599
2014-04-29,37746737
2014-04-30,37811445
2014-05-01,37875577
2014-05-02,37935340
2014-05-03,37995897
2014-05-04,38049854
2014-05-05,38104067
2014-05-06,38168906
2014-05-07,38245214
2014-05-08,38315431
2014-05-09,38384094
2014-05-10,38450712
2014-05-11,38507348
2014-05-12,38561456
2014-05-13,38635385
2014-05-14,38703364
2014-05-15,38772853
2014-05-16,38848326
2014-05-17,38913451
2014-05-18,38967413
2014-05-19,39018674
2014-05-20,39080514
2014-05-21,39152543
2014-05-22,39222516
2014-05-23,39295099
2014-05-24,39369569
2014-05-25,39421271
2014-05-26,39479058
2014-05-27,39544509
2014-05-28,39614598
2014-05-29,39686935
2014-05-30,39750894
2014-05-31,39816873
2014-06-01,39868159
2014-06-02,39924055
2014-06-03,39989078
2014-06-04,40057690
2014-06-05,40124399
2014-06-06,40190374
2014-06-07,40252244
2014-06-08,40305392
2014-06-09,40352592
2014-06-10,40410961
2014-06-11,40476190
2014-06-12,40538513
2014-06-13,40602114
2014-06-14,40667230
2014-06-15,40720894
2014-06-16,40775823
2014-06-17,40843814
2014-06-18,40913329
2014-06-19,40976515
2014-06-20,41039156
2014-06-21,41096477
2014-06-22,41147746
2014-06-23,41198523
2014-06-24,41258814
2014-06-25,41323077
2014-06-26,41387320
2014-06-27,41448570
2014-06-28,41511491
2014-06-29,41566393
2014-06-30,41616724
2014-07-01,41686658
2014-07-02,41756539
2014-07-03,41822526
2014-07-04,41884503
2014-07-05,41944377
2014-07-06,41993410
2014-07-07,42046016
2014-07-08,42111999
2014-07-09,42181492
2014-07-10,42251311
2014-07-11,42314283
2014-07-12,42373070
2014-07-13,42427043
2014-07-14,42478955
2014-07-15,42543037
2014-07-16,42614404
2014-07-17,42680481
2014-07-18,42746270
2014-07-19,42810235
2014-07-20,42868882
2014-07-21,42922579
2014-07-22,42986101
2014-07-23,43053507
2014-07-24,43119493
2014-07-25,43185495
2014-07-26,43247861
2014-07-27,43304864
2014-07-28,43356267
2014-07-29,43421320
2014-07-30,43484010
2014-07-31,43549677
2014-08-01,43619481
2014-08-02,43685685
2014-08-03,43741056
2014-08-04,43795504
2014-08-05,43863481
2014-08-06,43938253
2014-08-07,44015618
2014-08-08,44085083
2014-08-09,44153038
2014-08-10,44214335
2014-08-11,44273436
2014-08-12,44346746
2014-08-13,44425758
2014-08-14,44500985
2014-08-15,44582081
2014-08-16,44655776
2014-08-17,44721241
2014-08-18,44781454
2014-08-19,44854007
2014-08-20,44929053
2014-08-21,45002131
2014-08-22,45075386
2014-08-23,45142303
2014-08-24,45200212
2014-08-25,45257424
2014-08-26,45327095
2014-08-27,45399610
2014-08-28,45475282
2014-08-29,45543288
2014-08-30,45611233
2014-08-31,45672619
2014-09-01,45731293
2014-09-02,45800780
2014-09-03,45874205
2014-09-04,45943804
2014-09-05,46015272
2014-09-06,46085928
2014-09-07,46146332
2014-09-08,46206738
2014-09-09,46283528
2014-09-10,46364813
2014-09-11,46439989
2014-09-12,46504447
2014-09-13,46571882
2014-09-14,46632537
2014-09-15,46700905
2014-09-16,46778981
2014-09-17,46868696
2014-09-18,46947408
2014-09-19,47023944
2014-09-20,47094208
2014-09-21,47158552
2014-09-22,47216594
2014-09-23,47290261
2014-09-24,47367334
2014-09-25,47442792
2014-09-26,47521660
2014-09-27,47594411
2014-09-28,47655564
2014-09-29,47719112
2014-09-30,47798407
2014-10-01,47875785
2014-10-02,47955067
2014-10-03,48028352
2014-10-04,48102575
2014-10-05,48169549
2014-10-06,48235836
2014-10-07,48314944
2014-10-08,48392250
2014-10-09,48471396
2014-10-10,48554155
2014-10-11,48633769
2014-10-12,48699498
2014-10-13,48764642
2014-10-14,48842283
2014-10-15,48925357
2014-10-16,49000209
2014-10-17,49076056
2014-10-18,49144352
2014-10-19,49211379
2014-10-20,49276770
2014-10-21,49359158
2014-10-22,49440064
2014-10-23,49519347
2014-10-24,49599908
2014-10-25,49681480
2014-10-26,49750557
2014-10-27,49821250
2014-10-28,49906498
2014-10-29,49994611
2014-10-30,50089124
2014-10-31,50180909
2014-11-01,50265615
2014-11-02,50335134
2014-11-03,50411814
2014-11-04,50502267
2014-11-05,50592905
2014-11-06,50682151
2014-11-07,50773125
2014-11-08,50857173
2014-11-09,50932025
2014-11-10,51005089
2014-11-11,51094561
2014-11-12,51179260
2014-11-13,51277157
2014-11-14,51367809
2014-11-15,51453441
2014-11-16,51526224
2014-11-17,51601907
2014-11-18,51690105
2014-11-19,51777793
2014-11-20,51867042
2014-11-21,51953364
2014-11-22,52034162
2014-11-23,52109893
2014-11-24,52188209
2014-11-25,52274408
2014-11-26,52357590
2014-11-27,52445055
2014-11-28,52529058
2014-11-29,52614028
2014-11-30,52694215
2014-12-01,52778784
2014-12-02,52879477
2014-12-03,52979455
2014-12-04,53075415
2014-12-05,53174957
2014-12-06,53265222
2014-12-07,53345072
2014-12-08,53419667
2014-12-09,53510881
2014-12-10,53601936
2014-12-11,53691309
2014-12-12,53775453
2014-12-13,53855096
2014-12-14,53930367
2014-12-15,54012112
2014-12-16,54109231
2014-12-17,54208611
2014-12-18,54306012
2014-12-19,54401041
2014-12-20,54495711
2014-12-21,54582149
2014-12-22,54661833
2014-12-23,54758519
2014-12-24,54858753
2014-12-25,54939291
2014-12-26,55007175
2014-12-27,55084581
2014-12-28,55162747
2014-12-29,55235518
2014-12-30,55321545
2014-12-31,55404718
2015-01-01,55480699
2015-01-02,55541041
2015-01-03,55624256
2015-01-04,55705822
2015-01-05,55788763
2015-01-06,55884640
2015-01-07,55973646
2015-01-08,56066355
2015-01-09,56172113
2015-01-10,56272650
2015-01-11,56379139
2015-01-12,56469045
2015-01-13,56569938
2015-01-14,56668305
2015-01-15,56775443
2015-01-16,56895255
2015-01-17,57000136
2015-01-18,57088690
2015-01-19,57172608
2015-01-20,57271760
2015-01-21,57372060
2015-01-22,57465477
2015-01-23,57561100
2015-01-24,57655302
2015-01-25,57736061
2015-01-26,57822015
2015-01-27,57930037
2015-01-28,58029451
2015-01-29,58114702
2015-01-30,58207150
2015-01-31,58287024
2015-02-01,58373821
2015-02-02,58452133
2015-02-03,58539482
2015-02-04,58630987
2015-02-05,58720036
2015-02-06,58807743
2015-02-07,58892629
2015-02-08,58978556
2015-02-09,59061995
2015-02-10,59167051
2015-02-11,59269297
2015-02-12,59368015
2015-02-13,59456392
2015-02-14,59570327
2015-02-15,59670966
2015-02-16,59753206
2015-02-17,59856815
2015-02-18,59961038
2015-02-19,60065162
2015-02-20,60159043
2015-02-21,60258429
2015-02-22,60346749
2015-02-23,60431528
2015-02-24,60536182
2015-02-25,60639464
2015-02-26,60742878
2015-02-27,60844250
2015-02-28,60947987
2015-03-01,61036100
2015-03-02,61124180
2015-03-03,61231362
2015-03-04,61342008
2015-03-05,61440970
2015-03-06,61538626
2015-03-07,61632435
2015-03-08,61723709
2015-03-09,61813899
2015-03-10,61920835
2015-03-11,62022974
2015-03-12,62126433
2015-03-13,62220045
2015-03-14,62317271
2015-03-15,62408612
2015-03-16,62492015
2015-03-17,62597744
2015-03-18,62697572
2015-03-19,62796033
2015-03-20,62902942
2015-03-21,63005275
2015-03-22,63101625
2015-03-23,63191776
2015-03-24,63294253
2015-03-25,63387068
2015-03-26,63485462
2015-03-27,63587048
2015-03-28,63685582
2015-03-29,63774673
2015-03-30,63866721
2015-03-31,63970994
2015-04-01,64085821
2015-04-02,64206701
2015-04-03,64316623
2015-04-04,64422727
2015-04-05,64510485
2015-04-06,64607154
2015-04-07,64712557
2015-04-08,64825924
2015-04-09,64935397
2015-04-10,65051994
2015-04-11,65161783
2015-04-12,65262119
2015-04-13,65348850
2015-04-14,65465296
2015-04-15,65574196
2015-04-16,65682295
2015-04-17,65781960
2015-04-18,65883074
2015-04-19,65980800
2015-04-20,66074362
2015-04-21,66190992
2015-04-22,66301402
2015-04-23,66414890
2015-04-24,66524954
2015-04-25,66630679
2015-04-26,66731440
2015-04-27,66825106
2015-04-28,66938608
2015-04-29,67052303
2015-04-30,67169984
2015-05-01,67280797
2015-05-02,67382397
2015-05-03,67475453
2015-05-04,67559449
2015-05-05,67664088
2015-05-06,67780031
2015-05-07,67891444
2015-05-08,68001970
2015-05-09,68112270
2015-05-10,68208416
2015-05-11,68295836
2015-05-12,68406141
2015-05-13,68515898
2015-05-14,68626622
2015-05-15,68728833
2015-05-16,68833507
2015-05-17,68922939
2015-05-18,69012194
2015-05-19,69109296
2015-05-20,69218389
2015-05-21,69323350
2015-05-22,69421502
2015-05-23,69524678
2015-05-24,69611987
2015-05-25,69703261
2015-05-26,69810899
2015-05-27,69922002
2015-05-28,70028378
2015-05-29,70139036
2015-05-30,70269495
2015-05-31,70391853
2015-06-01,70489357
2015-06-02,70622157
2015-06-03,70748024
2015-06-04,70877564
2015-06-05,70992390
2015-06-06,71101421
2015-06-07,71195190
2015-06-08,71277841
2015-06-09,71389668
2015-06-10,71510956
2015-06-11,71640741
2015-06-12,71761516
2015-06-13,71887060
2015-06-14,71992449
2015-06-15,72097977
2015-06-16,72226690
2015-06-17,72347180
2015-06-18,72479344
2015-06-19,72605330
2015-06-20,72731491
2015-06-21,72832170
2015-06-22,72929063
2015-06-23,73048113
2015-06-24,73174929
2015-06-25,73288434
2015-06-26,73397779
2015-06-27,73515651
2015-06-28,73619569
2015-06-29,73720351
2015-06-30,73845270
2015-07-01,74001163
2015-07-02,74144007
2015-07-03,74287115
2015-07-04,74416620
2015-07-05,74520490
2015-07-06,74635358
2015-07-07,74816421
2015-07-08,75007465
2015-07-09,75203208
2015-07-10,75398330
2015-07-11,75588615
2015-07-12,75775721
2015-07-13,75984484
2015-07-14,76143092
2015-07-15,76268098
2015-07-16,76380414
2015-07-17,76496608
2015-07-18,76611607
2015-07-19,76745798
2015-07-20,76863610
2015-07-21,76989036
2015-07-22,77123363
2015-07-23,77252499
2015-07-24,77363146
2015-07-25,77471441
2015-07-26,77572162
2015-07-27,77665853
2015-07-28,77780213
2015-07-29,77902229
2015-07-30,78042883
2015-07-31,78167555
2015-08-01,78313149
2015-08-02,78461758
2015-08-03,78565881
2015-08-04,78685435
2015-08-05,78818557
2015-08-06,78950004
2015-08-07,79084958
2015-08-08,79200479
2015-08-09,79301590
2015-08-10,79389876
2015-08-11,79505971
2015-08-12,79622114
2015-08-13,79739210
2015-08-14,79855165
2015-08-15,79965825
2015-08-16,80062369
2015-08-17,80151124
2015-08-18,80271902
2015-08-19,80389719
2015-08-20,80506316
2015-08-21,80625913
2015-08-22,80738889
2015-08-23,80843392
2015-08-24,80937563
2015-08-25,81064125
2015-08-26,81187224
2015-08-27,81311164
2015-08-28,81428359
2015-08-29,81548533
2015-08-30,81657737
2015-08-31,81754663
2015-09-01,81883902
2015-09-02,82015236
2015-09-03,82166399
2015-09-04,82291818
2015-09-05,82394108
2015-09-06,82521777
2015-09-07,82627845
2015-09-08,82752385
2015-09-09,82880327
2015-09-10,83004481
2015-09-11,83127882
2015-09-12,83310100
2015-09-13,83447001
2015-09-14,83591781
2015-09-15,83760933
2015-09-16,83922837
2015-09-17,84092098
2015-09-18,84349222
2015-09-19,84511514
2015-09-20,84625958
2015-09-21,84733828
2015-09-22,84866975
2015-09-23,85002346
2015-09-24,85135106
2015-09-25,85261019
2015-09-26,85387660
2015-09-27,85503903
2015-09-28,85612888
2015-09-29,85749096
2015-09-30,85890489
2015-10-01,86031193
2015-10-02,86167621
2015-10-03,86308505
2015-10-04,86423991
2015-10-05,86526194
2015-10-06,86655792
2015-10-07,86800600
2015-10-08,86936500
2015-10-09,87070713
2015-10-10,87190684
2015-10-11,87314557
2015-10-12,87419531
2015-10-13,87554845
2015-10-14,87689725
2015-10-15,87833194
2015-10-16,87984961
2015-10-17,88128863
2015-10-18,88269783
2015-10-19,88383236
2015-10-20,88530075
2015-10-21,88677752
2015-10-22,88823135
2015-10-23,88975327
2015-10-24,89113830
2015-10-25,89257771
2015-10-26,89388446
2015-10-27,89504427
2015-10-28,89658113
2015-10-29,89819277
2015-10-30,89979908
2015-10-31,90143782
2015-11-01,90299780
2015-11-02,90452943
2015-11-03,90627181
2015-11-04,90812454
2015-11-05,91018066
2015-11-06,91199942
2015-11-07,91366705
2015-11-08,91517720
2015-11-09,91653220
2015-11-10,91809518
2015-11-11,91970126
2015-11-12,92132237
2015-11-13,92292314
2015-11-14,92445648
2015-11-15,92594931
2015-11-16,92735094
2015-11-17,92895773
2015-11-18,93054499
2015-11-19,93221145
2015-11-20,93370097
2015-11-21,93528039
2015-11-22,93676965
2015-11-23,93806993
2015-11-24,93954032
2015-11-25,94106475
2015-11-26,94259539
2015-11-27,94422996
2015-11-28,94584969
2015-11-29,94748989
2015-11-30,94879620
2015-12-01,95064756
2015-12-02,95241650
2015-12-03,95424676
2015-12-04,95588640
2015-12-05,95760172
2015-12-06,95949106
2015-12-07,96126123
2015-12-08,96320091
2015-12-09,96518960
2015-12-10,96736803
2015-12-11,96949115
2015-12-12,97159916
2015-12-13,97364184
2015-12-14,97552386
2015-12-15,97784358
2015-12-16,98009253
2015-12-17,98232067
2015-12-18,98445574
2015-12-19,98663277
2015-12-20,98871475
2015-12-21,99068057
2015-12-22,99301424
2015-12-23,99519604
2015-12-24,99739704
2015-12-25,99953202
2015-12-26,100127232
2015-12-27,100306630
2015-12-28,100467361
2015-12-29,100642271
2015-12-30,100826877
2015-12-31,101004445
2016-01-01,101157937
2016-01-02,101282499
2016-01-03,101430508
2016-01-04,101575682
2016-01-05,101754439
2016-01-06,101938255
2016-01-07,102110204
2016-01-08,102301438
2016-01-09,102481214
2016-01-10,102666979
2016-01-11,102823113
2016-01-12,103016183
2016-01-13,103210790
2016-01-14,103403415
2016-01-15,103585385
2016-01-16,103764620
2016-01-17,103962186
2016-01-18,104158532
2016-01-19,104375364
2016-01-20,104563505
2016-01-21,104773295
2016-01-22,104990706
2016-01-23,105207006
2016-01-24,105395228
2016-01-25,105599783
2016-01-26,105824223
2016-01-27,106053182
2016-01-28,106283678
2016-01-29,106505395
2016-01-30,106728573
2016-01-31,106923866
2016-02-01,107101861
2016-02-02,107328458
2016-02-03,107566832
2016-02-04,107754422
2016-02-05,107956611
2016-02-06,108179454
2016-02-07,108408206
2016-02-08,108618919
2016-02-09,108847677
2016-02-10,109080810
2016-02-11,109310202
2016-02-12,109531519
2016-02-13,109733298
2016-02-14,109918187
2016-02-15,110108029
2016-02-16,110328800
2016-02-17,110545186
2016-02-18,110769440
2016-02-19,110983305
2016-02-20,111201523
2016-02-21,111417693
2016-02-22,111626325
2016-02-23,111862658
2016-02-24,112111798
2016-02-25,112331705
2016-02-26,112549482
2016-02-27,112753423
2016-02-28,112930449
2016-02-29,113170338
2016-03-01,113434533
2016-03-02,113710229
2016-03-03,113976023
2016-03-04,114204377
2016-03-05,114405262
2016-03-06,114641181
2016-03-07,114802416
2016-03-08,114989770
2016-03-09,115187429
2016-03-10,115374271
2016-03-11,115565087
2016-03-12,115760653
2016-03-13,115927265
2016-03-14,116075299
2016-03-15,116264559
2016-03-16,116468948
2016-03-17,116680938
2016-03-18,116887871
2016-03-19,117092316
2016-03-20,117273090
2016-03-21,117448022
2016-03-22,117647914
2016-03-23,117851245
2016-03-24,118041328
2016-03-25,118230567
2016-03-26,118401355
2016-03-27,118560925
2016-03-28,118719791
2016-03-29,118919302
2016-03-30,119120086
2016-03-31,119318727
2016-04-01,119528828
2016-04-02,119732545
2016-04-03,119922281
2016-04-04,120094260
2016-04-05,120303517
2016-04-06,120522798
2016-04-07,120742125
2016-04-08,120963379
2016-04-09,121173688
2016-04-10,121371384
2016-04-11,121557870
2016-04-12,121792076
2016-04-13,122025957
2016-04-14,122250981
2016-04-15,122479691
2016-04-16,122693017
2016-04-17,122873751
2016-04-18,123067160
2016-04-19,123289306
2016-04-20,123515109
2016-04-21,123727194
2016-04-22,123942772
2016-04-23,124152490
2016-04-24,124336634
2016-04-25,124519362
2016-04-26,124740916
2016-04-27,124991372
2016-04-28,125236363
2016-04-29,125482128
2016-04-30,125740802
2016-05-01,125958835
2016-05-02,126143934
2016-05-03,126368816
2016-05-04,126601151
2016-05-05,126840446
2016-05-06,127069318
2016-05-07,127308429
2016-05-08,127504700
2016-05-09,127689557
2016-05-10,127918721
2016-05-11,128165772
2016-05-12,128402339
2016-05-13,128629663
2016-05-14,128860749
2016-05-15,129069039
2016-05-16,129274467
2016-05-17,129509856
2016-05-18,129754448
2016-05-19,129989438
2016-05-20,130201749
2016-05-21,130414158
2016-05-22,130600448
2016-05-23,130786305
2016-05-24,131015441
2016-05-25,131256749
2016-05-26,131506411
2016-05-27,131728290
2016-05-28,131944180
2016-05-29,132132192
2016-05-30,132319325
2016-05-31,132525464
2016-06-01,132744572
2016-06-02,132974642
2016-06-03,133208840
2016-06-04,133438120
2016-06-05,133633832
2016-06-06,133823531
2016-06-07,134046197
2016-06-08,134283660
2016-06-09,134514667
2016-06-10,134745400
2016-06-11,134972783
2016-06-12,135186667
2016-06-13,135401055
2016-06-14,135653411
2016-06-15,135897361
2016-06-16,136158582
2016-06-17,136426741
2016-06-18,136676825
2016-06-19,136914476
2016-06-20,137128075
2016-06-21,137379113
2016-06-22,137630815
2016-06-23,137868377
2016-06-24,138102726
2016-06-25,138340415
2016-06-26,138549977
2016-06-27,138729332
2016-06-28,138948226
2016-06-29,139161320
2016-06-30,139386590
2016-07-01,139614445
2016-07-02,139824440
2016-07-03,140017860
2016-07-04,140198938
2016-07-05,140412857
2016-07-06,140627615
2016-07-07,140848560
2016-07-08,141058479
2016-07-09,141268846
2016-07-10,141451403
2016-07-11,141614063
2016-07-12,141834287
2016-07-13,142052445
2016-07-14,142269956
2016-07-15,142493564
2016-07-16,142704890
2016-07-17,142887158
2016-07-18,143057708
2016-07-19,143280325
2016-07-20,143502177
2016-07-21,143727717
2016-07-22,143950045
2016-07-23,144170634
2016-07-24,144367513
2016-07-25,144552041
2016-07-26,144790510
2016-07-27,145027670
2016-07-28,145257917
2016-07-29,145497859
2016-07-30,145727391
2016-07-31,145926954
2016-08-01,146119704
2016-08-02,146342915
2016-08-03,146593508
2016-08-04,146835519
2016-08-05,147067700
2016-08-06,147298012
2016-08-07,147493355
2016-08-08,147683977
2016-08-09,147918170
2016-08-10,148149385
2016-08-11,148399354
2016-08-12,148650821
2016-08-13,148884807
2016-08-14,149102586
2016-08-15,149297880
2016-08-16,149503100
2016-08-17,149758651
2016-08-18,149993959
2016-08-19,150231886
2016-08-20,150477667
2016-08-21,150693528
2016-08-22,150875803
2016-08-23,151099242
2016-08-24,151338357
2016-08-25,151578206
2016-08-26,151810385
2016-08-27,152035601
2016-08-28,152228252
2016-08-29,152401194
2016-08-30,152631883
2016-08-31,152880665
2016-09-01,153107150
2016-09-02,153340619
2016-09-03,153569674
2016-09-04,153749140
2016-09-05,153929176
2016-09-06,154164236
2016-09-07,154391706
2016-09-08,154645093
2016-09-09,154870767
2016-09-10,155088369
2016-09-11,155284580
2016-09-12,155464290
2016-09-13,155676865
2016-09-14,155915151
2016-09-15,156143013
2016-09-16,156377052
2016-09-17,156593771
2016-09-18,156806197
2016-09-19,156997517
2016-09-20,157222796
2016-09-21,157464277
2016-09-22,157702384
2016-09-23,157932152
2016-09-24,158162440
2016-09-25,158365702
2016-09-26,158562486
2016-09-27,158794321
2016-09-28,159038201
2016-09-29,159272439
2016-09-30,159513724
2016-10-01,159762007
2016-10-02,159978069
2016-10-03,160167660
2016-10-04,160430579
2016-10-05,160692534
2016-10-06,160962090
2016-10-07,161233810
2016-10-08,161501440
2016-10-09,161747807
2016-10-10,161962278
2016-10-11,162187152
2016-10-12,162449533
2016-10-13,162683394
2016-10-14,162914263
2016-10-15,163152232
2016-10-16,163362173
2016-10-17,163561553
2016-10-18,163799861
2016-10-19,164049751
2016-10-20,164243645
2016-10-21,164521526
2016-10-22,164781132
2016-10-23,164999689
2016-10-24,165192494
2016-10-25,165417291
2016-10-26,165655884
2016-10-27,165877796
2016-10-28,166210534
2016-10-29,166455378
2016-10-30,166687131
2016-10-31,166893019
2016-11-01,167138109
2016-11-02,167386833
2016-11-03,167653374
2016-11-04,167926928
2016-11-05,168173840
2016-11-06,168410430
2016-11-07,168634705
2016-11-08,168912711
2016-11-09,169206350
2016-11-10,169478802
2016-11-11,169744878
2016-11-12,170003666
2016-11-13,170235693
2016-11-14,170449805
2016-11-15,170723584
2016-11-16,171003653
2016-11-17,171295863
2016-11-18,171570331
2016-11-19,171845437
2016-11-20,172096531
2016-11-21,172341918
2016-11-22,172627512
2016-11-23,172912106
2016-11-24,173183008
2016-11-25,173517935
2016-11-26,173833017
2016-11-27,174105155
2016-11-28,174349261
2016-11-29,174646114
2016-11-30,174935623
2016-12-01,175227820
2016-12-02,175462468
2016-12-03,175782872
2016-12-04,176070298
2016-12-05,176315644
2016-12-06,176594595
2016-12-07,176916459
2016-12-08,177224849
2016-12-09,177510078
2016-12-10,177775855
2016-12-11,178022288
2016-12-12,178250238
2016-12-13,178522658
2016-12-14,178817590
2016-12-15,179105363
2016-12-16,179387172
2016-12-17,179666577
2016-12-18,179902625
2016-12-19,180140440
2016-12-20,180425285
2016-12-21,180720064
2016-12-22,181042961
2016-12-23,181359620
2016-12-24,181662473
2016-12-25,181902200
2016-12-26,182099117
2016-12-27,182348427
2016-12-28,182642681
2016-12-29,182948842
2016-12-30,183254713
2016-12-31,183540362
2017-01-01,183786754
2017-01-02,183964964
2017-01-03,184254828
2017-01-04,184564602
2017-01-05,184891161
2017-01-06,185182137
2017-01-07,185526652
2017-01-08,185808440
2017-01-09,186065354
2017-01-10,186340048
2017-01-11,186662071
2017-01-12,186967251
2017-01-13,187254425
2017-01-14,187533801
2017-01-15,187778162
2017-01-16,188006789
2017-01-17,188280675
2017-01-18,188568760
2017-01-19,188869531
2017-01-20,189170907
2017-01-21,189468891
2017-01-22,189728303
2017-01-23,189966616
2017-01-24,190198797
2017-01-25,190480409
2017-01-26,190788285
2017-01-27,191100125
2017-01-28,191361580
2017-01-29,191608757
2017-01-30,191849726
2017-01-31,192102690
2017-02-01,192413390
2017-02-02,192758545
2017-02-03,193016956
2017-02-04,193340272
2017-02-05,193625589
2017-02-06,193919708
2017-02-07,194147103
2017-02-08,194476397
2017-02-09,194785180
2017-02-10,195128191
2017-02-11,195432643
2017-02-12,195691926
2017-02-13,195925672
2017-02-14,196218740
2017-02-15,196534878
2017-02-16,196823134
2017-02-17,197114876
2017-02-18,197435163
2017-02-19,197718158
2017-02-20,197969927
2017-02-21,198252472
2017-02-22,198531772
2017-02-23,198811162
2017-02-24,199139814
2017-02-25,199483908
2017-02-26,199805684
2017-02-27,200077055
2017-02-28,200360399
2017-03-01,200688392
2017-03-02,201002264
2017-03-03,201333274
2017-03-04,201668590
2017-03-05,201936205
2017-03-06,202214818
2017-03-07,202501979
2017-03-08,202829639
2017-03-09,203128211
2017-03-10,203433161
2017-03-11,203741304
2017-03-12,204019824
2017-03-13,204241714
2017-03-14,204512832
2017-03-15,204826353
2017-03-16,205118212
2017-03-17,205442257
2017-03-18,205736819
2017-03-19,206000657
2017-03-20,206265921
2017-03-21,206547962
2017-03-22,206833148
2017-03-23,207149884
2017-03-24,207438485
2017-03-25,207726348
2017-03-26,207974507
2017-03-27,208186628
2017-03-28,208426226
2017-03-29,208720582
2017-03-30,209002148
2017-03-31,209288388
2017-04-01,209552877
2017-04-02,209808327
2017-04-03,210048253
2017-04-04,210339700
2017-04-05,210595015
2017-04-06,210913462
2017-04-07,211202065
2017-04-08,211498017
2017-04-09,211726374
2017-04-10,211962258
2017-04-11,212237591
2017-04-12,212546562
2017-04-13,212823157
2017-04-14,213052018
2017-04-15,213338865
2017-04-16,213607831
2017-04-17,213820337
2017-04-18,214069632
2017-04-19,214375873
2017-04-20,214685202
2017-04-21,214952307
2017-04-22,215276057
2017-04-23,215549084
2017-04-24,215790391
2017-04-25,216019260
2017-04-26,216343162
2017-04-27,216676843
2017-04-28,216975415
2017-04-29,217280690
2017-04-30,217623142
2017-05-01,217900373
2017-05-02,218199086
2017-05-03,218530939
2017-05-04,218826795
2017-05-05,219182272
2017-05-06,219450335
2017-05-07,219809961
2017-05-08,220128544
2017-05-09,220493037
2017-05-10,220826823
2017-05-11,221137388
2017-05-12,221433436
2017-05-13,221748128
2017-05-14,222078418
2017-05-15,222448044
2017-05-16,222777218
2017-05-17,223008392
2017-05-18,223328626
2017-05-19,223620755
2017-05-20,223937330
2017-05-21,224291988
2017-05-22,224612760
2017-05-23,224944592
2017-05-24,225313475
2017-05-25,225650775
2017-05-26,226001472
2017-05-27,226334718
2017-05-28,226665836
2017-05-29,226969646
2017-05-30,227296713
2017-05-31,227644995
2017-06-01,227965565
2017-06-02,228285083
2017-06-03,228549060
2017-06-04,228855461
2017-06-05,229127200
2017-06-06,229416633
2017-06-07,229716508
2017-06-08,230055094
2017-06-09,230362614
2017-06-10,230643755
2017-06-11,230896618
2017-06-12,231121782
2017-06-13,231392075
2017-06-14,231684072
2017-06-15,231970739
2017-06-16,232262767
2017-06-17,232533937
2017-06-18,232767637
2017-06-19,232977227
2017-06-20,233247856
2017-06-21,233518335
2017-06-22,233798137
2017-06-23,234065783
2017-06-24,234329341
2017-06-25,234549926
2017-06-26,234735482
2017-06-27,234996718
2017-06-28,235257962
2017-06-29,235535277
2017-06-30,235767519
2017-07-01,236034130
2017-07-02,236254561
2017-07-03,236451562
2017-07-04,236702294
2017-07-05,236959190
2017-07-06,237194373
2017-07-07,237423735
2017-07-08,237667436
2017-07-09,237885378
2017-07-10,238071130
2017-07-11,238325664
2017-07-12,238594894
2017-07-13,238850663
2017-07-14,239094725
2017-07-15,239326193
2017-07-16,239542596
2017-07-17,239748168
2017-07-18,239980457
2017-07-19,240240754
2017-07-20,240494505
2017-07-21,240725422
2017-07-22,240995244
2017-07-23,241210304
2017-07-24,241393596
2017-07-25,241637731
2017-07-26,241880239
2017-07-27,242116779
2017-07-28,242342421
2017-07-29,242591683
2017-07-30,242799637
2017-07-31,242993720
2017-08-01,243214833
2017-08-02,243346350
2017-08-03,243561137
2017-08-04,243773631
2017-08-05,244008066
2017-08-06,244243348
2017-08-07,244446573
2017-08-08,244697033
2017-08-09,244972691
2017-08-10,245230278
2017-08-11,245492825
2017-08-12,245771875
2017-08-13,246033662
2017-08-14,246297747
2017-08-15,246556327
2017-08-16,246865634
2017-08-17,247142284
2017-08-18,247490947
2017-08-19,247797581
2017-08-20,248062636
2017-08-21,248278574
2017-08-22,248516835
2017-08-23,248713370
2017-08-24,249027317
2017-08-25,249228829
2017-08-26,249441795
2017-08-27,249666562
2017-08-28,249923915
2017-08-29,250151647
2017-08-30,250428763
2017-08-31,250704662
2017-09-01,250986146
2017-09-02,251261587
2017-09-03,251502779
2017-09-04,251698056
2017-09-05,251968933
2017-09-06,252246469
2017-09-07,252523842
2017-09-08,252780643
2017-09-09,253052055
2017-09-10,253271044
2017-09-11,253470648
2017-09-12,253720554
2017-09-13,253974869
2017-09-14,254236867
2017-09-15,254511276
2017-09-16,254803295
2017-09-17,255027899
2017-09-18,255223965
2017-09-19,255448459
2017-09-20,255732389
2017-09-21,255966616
2017-09-22,256220271
2017-09-23,256444538
2017-09-24,256648458
2017-09-25,256838819
2017-09-26,257065275
2017-09-27,257323697
2017-09-28,257589286
2017-09-29,257859921
2017-09-30,258116009
2017-10-01,258328063
2017-10-02,258533199
2017-10-03,258822705
2017-10-04,259105968
2017-10-05,259345123
2017-10-06,259617292
2017-10-07,259902165
2017-10-08,260125952
2017-10-09,260369221
2017-10-10,260665505
2017-10-11,260970133
2017-10-12,261264923
2017-10-13,261559026
2017-10-14,261866468
2017-10-15,262158429
2017-10-16,262443889
2017-10-17,262756159
2017-10-18,263093428
2017-10-19,263423868
2017-10-20,263778317
2017-10-21,264091890
2017-10-22,264401630
2017-10-23,264692658
2017-10-24,265009152
2017-10-25,265355407
2017-10-26,265665714
2017-10-27,265938509
2017-10-28,266184829
2017-10-29,266393530
2017-10-30,266723877
2017-10-31,267040106
2017-11-01,267320563
2017-11-02,267672206
2017-11-03,268013964
2017-11-04,268291986
2017-11-05,268582951
2017-11-06,268834844
2017-11-07,269108048
2017-11-08,269440836
2017-11-09,269744362
2017-11-10,270084080
2017-11-11,270358318
2017-11-12,270550614
2017-11-13,270738482
2017-11-14,271047441
2017-11-15,271320010
2017-11-16,271639748
2017-11-17,271951027
2017-11-18,272256619
2017-11-19,272525657
2017-11-20,272792913
2017-11-21,273125909
2017-11-22,273499408
2017-11-23,273811391
2017-11-24,274164528
2017-11-25,274471971
2017-11-26,274804642
2017-11-27,275135731
2017-11-28,275517477
2017-11-29,275882786
2017-11-30,276281832
2017-12-01,276665940
2017-12-02,277078595
2017-12-03,277404052
2017-12-04,277751360
2017-12-05,278158828
2017-12-06,278563810
2017-12-07,279006895
2017-12-08,279381992
2017-12-09,279767641
2017-12-10,280169324
2017-12-11,280506049
2017-12-12,280882792
2017-12-13,281255547
2017-12-14,281673329
2017-12-15,282171656
2017-12-16,282572702
2017-12-17,282939811
2017-12-18,283329207
2017-12-19,283727437
2017-12-20,284106087
2017-12-21,284476597
2017-12-22,284811183
2017-12-23,285191350
2017-12-24,285498693
2017-12-25,285773234
2017-12-26,286002699
2017-12-27,286250257
2017-12-28,286562347
2017-12-29,286865528
2017-12-30,287222482
2017-12-31,287560674
2018-01-01,287853824
2018-01-02,288095605
2018-01-03,288439440
2018-01-04,288836539
2018-01-05,289261469
2018-01-06,289601053
2018-01-07,289957691
2018-01-08,290330419
2018-01-09,290676440
2018-01-10,291031478
2018-01-11,291379345
2018-01-12,291714119
2018-01-13,292019024
2018-01-14,292283477
2018-01-15,292519674
2018-01-16,292791963
2018-01-17,293098292
2018-01-18,293412701
2018-01-19,293720767
2018-01-20,293963593
2018-01-21,294200084
2018-01-22,294417746
2018-01-23,294667996
2018-01-24,294934255
2018-01-25,295186059
2018-01-26,295424676
2018-01-27,295643682
2018-01-28,295836234
2018-01-29,296050090
2018-01-30,296280251
2018-01-31,296519972
2018-02-01,296728449
2018-02-02,296981107
2018-02-03,297219014
2018-02-04,297410005
2018-02-05,297582804
2018-02-06,297804410
2018-02-07,298049615
2018-02-08,298257428
2018-02-09,298435028
2018-02-10,298614008
2018-02-11,298790456
2018-02-12,298938478
2018-02-13,299124293
2018-02-14,299312756
2018-02-15,299510670
2018-02-16,299706704
2018-02-17,299892034
2018-02-18,300064198
2018-02-19,300224685
2018-02-20,300416480
2018-02-21,300610626
2018-02-22,300819125
2018-02-23,301001986
2018-02-24,301182867
2018-02-25,301336133
2018-02-26,301480249
2018-02-27,301672389
2018-02-28,301887918
2018-03-01,302078254
2018-03-02,302315119
2018-03-03,302508162
2018-03-04,302688174
2018-03-05,302843169
2018-03-06,303049094
2018-03-07,303258028
2018-03-08,303471018
2018-03-09,303661059
2018-03-10,303863384
2018-03-11,304013029
2018-03-12,304170416
2018-03-13,304355807
2018-03-14,304555166
2018-03-15,304748399
2018-03-16,304949630
2018-03-17,305138042
2018-03-18,305289623
2018-03-19,305454285
2018-03-20,305647934
2018-03-21,305841283
2018-03-22,306040697
2018-03-23,306221261
2018-03-24,306398735
2018-03-25,306558292
2018-03-26,306696059
2018-03-27,306883686
2018-03-28,307069266
2018-03-29,307250436
2018-03-30,307440144
2018-03-31,307624253
2018-04-01,307773675
2018-04-02,307907738
2018-04-03,308075035
2018-04-04,308278798
2018-04-05,308462871
2018-04-06,308644434
2018-04-07,308814471
2018-04-08,308970516
2018-04-09,309110447
2018-04-10,309284709
2018-04-11,309473129
2018-04-12,309653245
2018-04-13,309869925
2018-04-14,310083401
2018-04-15,310248581
2018-04-16,310419421
2018-04-17,310613865
2018-04-18,310818121
2018-04-19,311018722
2018-04-20,311234182
2018-04-21,311444988
2018-04-22,311636268
2018-04-23,311805408
2018-04-24,312032938
2018-04-25,312287053
2018-04-26,312504860
2018-04-27,312722259
2018-04-28,312935048
2018-04-29,313130146
2018-04-30,313314116
2018-05-01,313529874
2018-05-02,313728199
2018-05-03,313939235
2018-05-04,314167340
2018-05-05,314392057
2018-05-06,314588183
2018-05-07,314760991
2018-05-08,314965957
2018-05-09,315185724
2018-05-10,315390594
2018-05-11,315606115
2018-05-12,315813295
2018-05-13,315994730
2018-05-14,316154408
2018-05-15,316365868
2018-05-16,316574211
2018-05-17,316788368
2018-05-18,316978927
2018-05-19,317195494
2018-05-20,317363150
2018-05-21,317523157
2018-05-22,317724499
2018-05-23,317931673
2018-05-24,318154381
2018-05-25,318357426
2018-05-26,318556376
2018-05-27,318712372
2018-05-28,318855920
2018-05-29,319049027
2018-05-30,319254081
2018-05-31,319459146
2018-06-01,319665580
2018-06-02,319867604
2018-06-03,320043569
2018-06-04,320210930
2018-06-05,320416637
2018-06-06,320631054
2018-06-07,320838362
2018-06-08,321045840
2018-06-09,321243666
2018-06-10,321419831
2018-06-11,321598030
2018-06-12,321811871
2018-06-13,322028739
2018-06-14,322241600
2018-06-15,322453868
2018-06-16,322655273
2018-06-17,322811297
2018-06-18,322956994
2018-06-19,323151555
2018-06-20,323344480
2018-06-21,323543923
2018-06-22,323744399
2018-06-23,323947004
2018-06-24,324107098
2018-06-25,324267987
2018-06-26,324470371
2018-06-27,324660105
2018-06-28,324849391
2018-06-29,325045294
2018-06-30,325240075
2018-07-01,325417925
2018-07-02,325571515
2018-07-03,325778358
2018-07-04,325995812
2018-07-05,326197881
2018-07-06,326400525
2018-07-07,326601170
2018-07-08,326765994
2018-07-09,326924062
2018-07-10,327131175
2018-07-11,327346757
2018-07-12,327548218
2018-07-13,327756199
2018-07-14,327962700
2018-07-15,328138157
2018-07-16,328296585
2018-07-17,328510554
2018-07-18,328743542
2018-07-19,328976965
2018-07-20,329202174
2018-07-21,329428798
2018-07-22,329615913
2018-07-23,329783590
2018-07-24,330012857
2018-07-25,330272538
2018-07-26,330521691
2018-07-27,330752062
2018-07-28,330984673
2018-07-29,331166514
2018-07-30,331339085
2018-07-31,331570279
2018-08-01,331813884
2018-08-02,332052138
2018-08-03,332274960
2018-08-04,332507591
2018-08-05,332700325
2018-08-06,332871718
2018-08-07,333090900
2018-08-08,333327564
2018-08-09,333557102
2018-08-10,333781342
2018-08-11,334006381
2018-08-12,334198764
2018-08-13,334367465
2018-08-14,334584963
2018-08-15,334837761
2018-08-16,335084214
2018-08-17,335315802
2018-08-18,335551581
2018-08-19,335741608
2018-08-20,335902561
2018-08-21,336122407
2018-08-22,336342107
2018-08-23,336566663
2018-08-24,336784446
2018-08-25,337228364
2018-08-26,337422712
2018-08-27,337593351
2018-08-28,337821456
2018-08-29,338058402
2018-08-30,338293671
2018-08-31,338527511
2018-09-01,338766253
2018-09-02,338977728
2018-09-03,339162277
2018-09-04,339387385
2018-09-05,339626564
2018-09-06,339866316
2018-09-07,340118412
2018-09-08,340348879
2018-09-09,340553724
2018-09-10,340743416
2018-09-11,340966312
2018-09-12,341201893
2018-09-13,341436838
2018-09-14,341675583
2018-09-15,341898376
2018-09-16,342106353
2018-09-17,342289610
2018-09-18,342524248
2018-09-19,342768236
2018-09-20,343023211
2018-09-21,343279606
2018-09-22,343551501
2018-09-23,343770814
2018-09-24,343978130
2018-09-25,344211049
2018-09-26,344463880
2018-09-27,344708219
2018-09-28,344959589
2018-09-29,345208709
2018-09-30,345431708
2018-10-01,345634477
2018-10-02,345881192
2018-10-03,346121708
2018-10-04,346365129
2018-10-05,346613636
2018-10-06,346855063
2018-10-07,347066219
2018-10-08,347294272
2018-10-09,347542811
2018-10-10,347770741
2018-10-11,348019336
2018-10-12,348282469
2018-10-13,348524476
2018-10-14,348728146
2018-10-15,348917528
2018-10-16,349192707
2018-10-17,349446399
2018-10-18,349702445
2018-10-19,349964542
2018-10-20,350216405
2018-10-21,350442446
2018-10-22,350647419
2018-10-23,350906089
2018-10-24,351165531
2018-10-25,351414757
2018-10-26,351673066
2018-10-27,351925644
2018-10-28,352160061
2018-10-29,352375703
2018-10-30,352644140
2018-10-31,352932058
2018-11-01,353215602
2018-11-02,353502882
2018-11-03,353793950
2018-11-04,354041623
2018-11-05,354269435
2018-11-06,354565556
2018-11-07,354853292
2018-11-08,355149715
2018-11-09,355426715
2018-11-10,355709884
2018-11-11,355957190
2018-11-12,356209508
2018-11-13,356508577
2018-11-14,356782498
2018-11-15,357080965
2018-11-16,357372382
2018-11-17,357653924
2018-11-18,357915580
2018-11-19,358153732
2018-11-20,358423401
2018-11-21,358712579
2018-11-22,358969227
2018-11-23,359234067
2018-11-24,359507230
2018-11-25,359759328
2018-11-26,360000957
2018-11-27,360256396
2018-11-28,360519004
2018-11-29,360781389
2018-11-30,361026865
2018-12-01,361275270
2018-12-02,361518139
2018-12-03,361739777
2018-12-04,361981676
2018-12-05,362249964
2018-12-06,362506830
2018-12-07,362787477
2018-12-08,363043737
2018-12-09,363275133
2018-12-10,363512332
2018-12-11,363765824
2018-12-12,364021708
2018-12-13,364280466
2018-12-14,364547299
2018-12-15,364826219
2018-12-16,365089485
2018-12-17,365314999
2018-12-18,365611454
2018-12-19,365881191
2018-12-20,366184303
2018-12-21,366467264
2018-12-22,366748083
2018-12-23,366999494
2018-12-24,367248702
2018-12-25,367527047
2018-12-26,367786787
2018-12-27,368068086
2018-12-28,368370358
2018-12-29,368682987
2018-12-30,368948526
2018-12-31,369208519
2019-01-01,369470675
2019-01-02,369706637
2019-01-03,369977891
2019-01-04,370265127
2019-01-05,370548766
2019-01-06,370818566
2019-01-07,371070192
2019-01-08,371358587
2019-01-09,371676422
2019-01-10,371997284
2019-01-11,372319805
2019-01-12,372628591
2019-01-13,372917701
2019-01-14,373191702
2019-01-15,373520049
2019-01-16,373823772
2019-01-17,374124075
2019-01-18,374425906
2019-01-19,374727115
2019-01-20,375005278
2019-01-21,375303588
2019-01-22,375621602
2019-01-23,375915469
2019-01-24,376210295
2019-01-25,376515395
2019-01-26,376816703
2019-01-27,377108321
2019-01-28,377378374
2019-01-29,377692519
2019-01-30,378015462
2019-01-31,378341926
2019-02-01,378697389
2019-02-02,379033847
2019-02-03,379360625
2019-02-04,379657318
2019-02-05,379990601
2019-02-06,380346338
2019-02-07,380695874
2019-02-08,381044726
2019-02-09,381383491
2019-02-10,381695535
2019-02-11,381996523
2019-02-12,382302817
2019-02-13,382583232
2019-02-14,382934995
2019-02-15,383290382
2019-02-16,383584381
2019-02-17,383912769
2019-02-18,384246111
2019-02-19,384586843
2019-02-20,384937652
2019-02-21,385252129
2019-02-22,385549975
2019-02-23,385895828
2019-02-24,386228212
2019-02-25,386547627
2019-02-26,386884534
2019-02-27,387251074
2019-02-28,387598066
2019-03-01,387961648
2019-03-02,388679646
2019-03-03,389013739
2019-03-04,389369118
2019-03-05,389668171
2019-03-06,389955294
2019-03-07,390232353
2019-03-08,390516696
2019-03-09,390798051
2019-03-10,391040199
2019-03-11,391253510
2019-03-12,391548857
2019-03-13,391832351
2019-03-14,392122097
2019-03-15,392418393
2019-03-16,392715436
2019-03-17,392973298
2019-03-18,393202843
2019-03-19,393498711
2019-03-20,393798881
2019-03-21,394108850
2019-03-22,394408103
2019-03-23,394709177
2019-03-24,394952875
2019-03-25,395178729
2019-03-26,395510705
2019-03-27,395875064
2019-03-28,396258051
2019-03-29,396649481
2019-03-30,397021691
2019-03-31,397402576
2019-04-01,397783593
2019-04-02,398152423
2019-04-03,398552211
2019-04-04,398911906
2019-04-05,399267096
2019-04-06,399656426
2019-04-07,400015120
2019-04-08,400365895
2019-04-09,400737252
2019-04-10,401084259
2019-04-11,401480814
2019-04-12,401883652
2019-04-13,402254455
2019-04-14,402627202
2019-04-15,402964955
2019-04-16,403343473
2019-04-17,403703675
2019-04-18,404054299
2019-04-19,404438220
2019-04-20,404799547
2019-04-21,405116545
2019-04-22,405508200
2019-04-23,405851978
2019-04-24,406160679
2019-04-25,406569167
2019-04-26,406950981
2019-04-27,407333297
2019-04-28,407694365
2019-04-29,408065099
2019-04-30,408440821
2019-05-01,408784351
2019-05-02,409225854
2019-05-03,409679384
2019-05-04,410059670
2019-05-05,410415490
2019-05-06,410745418
2019-05-07,411125095
2019-05-08,411456353
2019-05-09,411848936
2019-05-10,412211195
2019-05-11,412534012
2019-05-12,412876895
2019-05-13,413212884
2019-05-14,413608529
2019-05-15,413974380
2019-05-16,414342150
2019-05-17,414718554
2019-05-18,415079655
2019-05-19,415436143
2019-05-20,415785513
2019-05-21,416167859
2019-05-22,416549665
2019-05-23,416944090
2019-05-24,417330461
2019-05-25,417705712
2019-05-26,418042437
2019-05-27,418420607
2019-05-28,418817969
2019-05-29,419206132
2019-05-30,419611812
2019-05-31,419992248
2019-06-01,420289580
2019-06-02,420622263
2019-06-03,420919066
2019-06-04,421217639
2019-06-05,421592897
2019-06-06,421965847
2019-06-07,422330088
2019-06-08,422680925
2019-06-09,422970278
2019-06-10,423274273
2019-06-11,423627511
2019-06-12,423969992
2019-06-13,424297809
2019-06-14,424662141
2019-06-15,425028941
2019-06-16,425357885
2019-06-17,425648890
2019-06-18,425973997
2019-06-19,426369830
2019-06-20,426763506
2019-06-21,427099009
2019-06-22,427439279
2019-06-23,427788155
2019-06-24,428167953
2019-06-25,428557695
2019-06-26,428920468
2019-06-27,429320743
2019-06-28,429682479
2019-06-29,430084687
2019-06-30,430444095
2019-07-01,430775583
2019-07-02,431110651
2019-07-03,431483189
2019-07-04,431881011
2019-07-05,432248270
2019-07-06,432632395
2019-07-07,432976335
2019-07-08,433293909
2019-07-09,433676480
2019-07-10,434037392
2019-07-11,434357350
2019-07-12,434682332
2019-07-13,435041354
2019-07-14,435346271
2019-07-15,435649869
2019-07-16,435999067
2019-07-17,436363171
2019-07-18,436689197
2019-07-19,437005377
2019-07-20,437301198
2019-07-21,437618088
2019-07-22,437908403
2019-07-23,438228417
2019-07-24,438546944
2019-07-25,438844965
2019-07-26,439177786
2019-07-27,439499748
2019-07-28,439785051
2019-07-29,440055349
2019-07-30,440392151
2019-07-31,440717555
2019-08-01,441082920
2019-08-02,441416975
2019-08-03,441768887
2019-08-04,442090931
2019-08-05,442389839
2019-08-06,442729278
2019-08-07,443100478
2019-08-08,443471577
2019-08-09,443809258
2019-08-10,444150037
2019-08-11,444446197
2019-08-12,444720026
2019-08-13,445023455
2019-08-14,445395851
2019-08-15,445756143
2019-08-16,446103808
2019-08-17,446433420
2019-08-18,446722278
2019-08-19,446994948
2019-08-20,447328951
2019-08-21,447658984
2019-08-22,447969230
2019-08-23,448290872
2019-08-24,448632674
2019-08-25,448935540
2019-08-26,449224049
2019-08-27,449544656
2019-08-28,449869486
2019-08-29,450209532
2019-08-30,450556164
2019-08-31,450910250
2019-09-01,451245203
2019-09-02,451531493
2019-09-03,451863703
2019-09-04,452234863
2019-09-05,452559649
2019-09-06,452914213
2019-09-07,453275770
2019-09-08,453588970
2019-09-09,453877645
2019-09-10,454194421
2019-09-11,454533516
2019-09-12,454869004
2019-09-13,455208183
2019-09-14,455512937
2019-09-15,455819016
2019-09-16,456088910
2019-09-17,456438498
2019-09-18,456782976
2019-09-19,457143471
2019-09-20,457491154
2019-09-21,457837838
2019-09-22,458165707
2019-09-23,458486241
2019-09-24,458777511
2019-09-25,459132372
2019-09-26,459476853
2019-09-27,459828812
2019-09-28,460136884
2019-09-29,460451487
2019-09-30,460740228
2019-10-01,461050791
2019-10-02,461382392
2019-10-03,461712022
2019-10-04,462039575
2019-10-05,462376667
2019-10-06,462703989
2019-10-07,462975991
2019-10-08,463305576
2019-10-09,463638476
2019-10-10,463951732
2019-10-11,464301300
2019-10-12,464648451
2019-10-13,464942758
2019-10-14,465229486
2019-10-15,465533825
2019-10-16,465877421
2019-10-17,466211363
2019-10-18,466547194
2019-10-19,466883975
2019-10-20,467193953
2019-10-21,467475654
2019-10-22,467831829
2019-10-23,468175434
2019-10-24,468517830
2019-10-25,468826589
2019-10-26,469156343
2019-10-27,469460010
2019-10-28,469719960
2019-10-29,470026032
2019-10-30,470335703
2019-10-31,470644739
2019-11-01,470945503
2019-11-02,471261508
2019-11-03,471546000
2019-11-04,471834923
2019-11-05,472145384
2019-11-06,472481232
2019-11-07,472791465
2019-11-08,473122725
2019-11-09,473435693
2019-11-10,473731956
2019-11-11,474037775
2019-11-12,474365698
2019-11-13,474667196
2019-11-14,474984021
2019-11-15,475330734
2019-11-16,475659330
2019-11-17,475939802
2019-11-18,476207448
2019-11-19,476514370
2019-11-20,476839714
2019-11-21,477160682
2019-11-22,477486950
2019-11-23,477790770
2019-11-24,478103267
2019-11-25,478367817
2019-11-26,478651270
2019-11-27,478970853
2019-11-28,479283552
2019-11-29,479599715
2019-11-30,479904936
2019-12-01,480189974
2019-12-02,480458248
2019-12-03,480776994
2019-12-04,481111121
2019-12-05,481443492
2019-12-06,481762770
2019-12-07,482073984
2019-12-08,482356768
2019-12-09,482635679
2019-12-10,482952822
2019-12-11,483274436
2019-12-12,483562723
2019-12-13,483872928
2019-12-14,484202592
2019-12-15,484494022
2019-12-16,484752512
2019-12-17,485082795
2019-12-18,485397785
2019-12-19,485716119
2019-12-20,486035438
2019-12-21,486367701
2019-12-22,486672919
2019-12-23,486955221
2019-12-24,487269281
2019-12-25,487553156
2019-12-26,487794819
2019-12-27,488097811
2019-12-28,488423215
2019-12-29,488714640
2019-12-30,488996235
2019-12-31,489323027
2020-01-01,489613140
2020-01-02,489865181
2020-01-03,490157257
2020-01-04,490480579
2020-01-05,490763048
2020-01-06,491051423
2020-01-07,491349401
2020-01-08,491696789
2020-01-09,492015564
2020-01-10,492338559
2020-01-11,492671171
2020-01-12,492974889
2020-01-13,493253893
2020-01-14,493553822
2020-01-15,493900945
2020-01-16,494229929
2020-01-17,494556675
2020-01-18,494880718
2020-01-19,495171820
2020-01-20,495454075
2020-01-21,495767194
2020-01-22,496079182
2020-01-23,496405718
2020-01-24,496743157
2020-01-25,497055132
2020-01-26,497338588
2020-01-27,497595470
2020-01-28,497880999
2020-01-29,498220925
2020-01-30,498561160
2020-01-31,498893900
2020-02-01,499223413
2020-02-02,499528448
2020-02-03,499820974
2020-02-04,500157348
2020-02-05,500465296
2020-02-06,500828608
2020-02-07,501150671
2020-02-08,501484129
2020-02-09,501799794
2020-02-10,502118921
2020-02-11,502414504
2020-02-12,502776521
2020-02-13,503127636
2020-02-14,503464542
2020-02-15,503793800
2020-02-16,504110873
2020-02-17,504410542
2020-02-18,504749221
2020-02-19,505075838
2020-02-20,505416083
2020-02-21,505728191
2020-02-22,506069735
2020-02-23,506370049
2020-02-24,506659305
2020-02-25,506987491
2020-02-26,507326948
2020-02-27,507656245
2020-02-28,507994586
2020-02-29,508356397
2020-03-01,508665622
2020-03-02,508978516
2020-03-03,509320320
2020-03-04,509667301
2020-03-05,510017971
2020-03-06,510368555
2020-03-07,510707468
2020-03-08,511021407
2020-03-09,511326099
2020-03-10,511673600
2020-03-11,512003240
2020-03-12,512293643
2020-03-13,512639851
2020-03-14,512919638
2020-03-15,513195795
2020-03-16,513420790
2020-03-17,513690496
2020-03-18,513969896
2020-03-19,514203208
2020-03-20,514468858
2020-03-21,514751819
2020-03-22,514990302
2020-03-23,515205928
2020-03-24,515463018
2020-03-25,515743513
2020-03-26,515963377
2020-03-27,516250058
2020-03-28,516523388
2020-03-29,516765480
2020-03-30,517000382
2020-03-31,517278808
2020-04-01,517567305
2020-04-02,517852789
2020-04-03,518152962
2020-04-04,518429252
2020-04-05,518685062
2020-04-06,518923011
2020-04-07,519205791
2020-04-08,519517884
2020-04-09,519799787
2020-04-10,520089190
2020-04-11,520375435
2020-04-12,520624735
2020-04-13,520857398
2020-04-14,521139513
2020-04-15,521442810
2020-04-16,521752381
2020-04-17,522074446
2020-04-18,522361775
2020-04-19,522647485
2020-04-20,522901702
2020-04-21,523209017
2020-04-22,523520621
2020-04-23,523804433
2020-04-24,524131971
2020-04-25,524449797
2020-04-26,524728450
2020-04-27,524985633
2020-04-28,525296864
2020-04-29,525623486
2020-04-30,525953939
2020-05-01,527237923
2020-05-02,527568615
2020-05-03,527861409
2020-05-04,528145122
2020-05-05,528469297
2020-05-06,528797100
2020-05-07,529131904
2020-05-08,529475735
2020-05-09,529800565
2020-05-10,530110820
2020-05-11,530394785
2020-05-12,530706595
2020-05-13,531049045
2020-05-14,531349120
2020-05-15,531617350
2020-05-16,531928699
2020-05-17,532224105
2020-05-18,532460214
2020-05-19,532736033
2020-05-20,533009112
2020-05-21,533285426
2020-05-22,533587816
2020-05-23,533866869
2020-05-24,534134030
2020-05-25,534350691
2020-05-26,534618211
2020-05-27,534905094
2020-05-28,535205216
2020-05-29,535504411
2020-05-30,535787311
2020-05-31,536071583
2020-06-01,536330262
2020-06-02,536632440
2020-06-03,536941517
2020-06-04,537252809
2020-06-05,537568731
2020-06-06,537900299
2020-06-07,538181786
2020-06-08,538436669
2020-06-09,538753128
2020-06-10,539081403
2020-06-11,539406474
2020-06-12,539743331
2020-06-13,540053311
2020-06-14,540336633
2020-06-15,540615900
2020-06-16,540908830
2020-06-17,541252011
2020-06-18,541583124
2020-06-19,541866353
2020-06-20,542211525
2020-06-21,542493172
2020-06-22,542750298
2020-06-23,543058217
2020-06-24,543409567
2020-06-25,543720849
2020-06-26,544036528
2020-06-27,544365097
2020-06-28,544637445
2020-06-29,544903536
2020-06-30,545218169
2020-07-01,545524639
2020-07-02,545902882
2020-07-03,546242465
2020-07-04,546570576
2020-07-05,546863494
2020-07-06,547136771
2020-07-07,547474209
2020-07-08,547823392
2020-07-09,548170547
2020-07-10,548530811
2020-07-11,548876266
2020-07-12,549186987
2020-07-13,549467564
2020-07-14,549778986
2020-07-15,550136290
2020-07-16,550454864
2020-07-17,550802671
2020-07-18,551093322
2020-07-19,551406756
2020-07-20,551681516
2020-07-21,551993844
2020-07-22,552307069
2020-07-23,552670011
2020-07-24,553006653
2020-07-25,553376032
2020-07-26,553666777
2020-07-27,553968247
2020-07-28,554293917
2020-07-29,554648495
2020-07-30,554996666
2020-07-31,555326218
2020-08-01,555682059
2020-08-02,555974470
2020-08-03,556261744
2020-08-04,556596628
2020-08-05,556928221
2020-08-06,557219953
2020-08-07,557575394
2020-08-08,557902961
2020-08-09,558180502
2020-08-10,558455857
2020-08-11,558763274
2020-08-12,559111893
2020-08-13,559454574
2020-08-14,559784978
2020-08-15,560149574
2020-08-16,560459085
2020-08-17,560752366
2020-08-18,561042317
2020-08-19,561387579
2020-08-20,561724377
2020-08-21,562056069
2020-08-22,562369302
2020-08-23,562678404
2020-08-24,562966501
2020-08-25,563300954
2020-08-26,563602103
2020-08-27,563930641
2020-08-28,564255505
2020-08-29,564608012
2020-08-30,564899363
2020-08-31,565165616
2020-09-01,565476123
2020-09-02,565848055
2020-09-03,566168216
2020-09-04,566478180
2020-09-05,566778336
2020-09-06,567103071
2020-09-07,567362185
2020-09-08,567690380
2020-09-09,568020249
2020-09-10,568342339
2020-09-11,568685680
2020-09-12,568994098
2020-09-13,569291295
2020-09-14,569548434
2020-09-15,569902573
2020-09-16,570237977
2020-09-17,570578159
2020-09-18,570926130
2020-09-19,571252955
2020-09-20,571545979
2020-09-21,571807772
2020-09-22,572107647
2020-09-23,572418784
2020-09-24,572768466
2020-09-25,573087158
2020-09-26,573432726
2020-09-27,573714623
2020-09-28,573973694
2020-09-29,574271508
2020-09-30,574617580
2020-10-01,574969139
2020-10-02,575273640
2020-10-03,575589714
2020-10-04,575893764
2020-10-05,576168430
2020-10-06,576464438
2020-10-07,576782857
2020-10-08,577152584
2020-10-09,577482218
2020-10-10,577821734
2020-10-11,578116529
2020-10-12,578373961
2020-10-13,578690013
2020-10-14,579020499
2020-10-15,579339398
2020-10-16,579677251
2020-10-17,579997197
2020-10-18,580276009
2020-10-19,580510779
2020-10-20,580814052
2020-10-21,581145582
2020-10-22,581453952
2020-10-23,581795636
2020-10-24,582116785
2020-10-25,582421161
2020-10-26,582663874
2020-10-27,582919042
2020-10-28,583174243
2020-10-29,583433555
2020-10-30,583711499
2020-10-31,583979605
2020-11-01,584254231
2020-11-02,584531020
2020-11-03,584756329
2020-11-04,585086520
2020-11-05,585406604
2020-11-06,585726744
2020-11-07,586061536
2020-11-08,586335010
2020-11-09,586578544
2020-11-10,586899257
2020-11-11,587207680
2020-11-12,587526749
2020-11-13,587856539
2020-11-14,588158104
2020-11-15,588430325
2020-11-16,588678612
2020-11-17,588991112
2020-11-18,589342214
2020-11-19,589704790
2020-11-20,590014651
2020-11-21,590361381
2020-11-22,590670380
2020-11-23,590944207
2020-11-24,591245873
2020-11-25,591576927
2020-11-26,591939710
2020-11-27,592261573