Date,Transaction Size
2009-01-10,135
2009-01-11,135
2009-01-12,136
2009-01-13,139
2009-01-14,136
2009-01-15,137
2009-01-16,141
2009-01-17,137
2009-01-18,136
2009-01-19,137
2009-01-20,143
2009-01-21,140
2009-01-22,142
2009-01-23,137
2009-01-24,139
2009-01-25,139
2009-01-26,136
2009-01-27,147
2009-01-28,137
2009-01-29,136
2009-01-30,141
2009-01-31,136
2009-02-01,144
2009-02-02,136
2009-02-03,136
2009-02-04,140
2009-02-05,136
2009-02-06,136
2009-02-07,136
2009-02-08,144
2009-02-09,136
2009-02-10,154
2009-02-11,136
2009-02-12,141
2009-02-13,136
2009-02-14,136
2009-02-15,136
2009-02-16,141
2009-02-17,149
2009-02-18,136
2009-02-19,136
2009-02-20,143
2009-02-21,136
2009-02-22,136
2009-02-23,138
2009-02-24,136
2009-02-25,136
2009-02-26,136
2009-02-27,136
2009-02-28,153
2009-03-01,140
2009-03-02,136
2009-03-03,136
2009-03-04,138
2009-03-05,149
2009-03-06,140
2009-03-07,136
2009-03-08,136
2009-03-09,147
2009-03-10,136
2009-03-11,136
2009-03-12,136
2009-03-13,137
2009-03-14,142
2009-03-15,136
2009-03-16,136
2009-03-17,158
2009-03-18,136
2009-03-19,140
2009-03-20,136
2009-03-21,141
2009-03-22,136
2009-03-23,139
2009-03-24,136
2009-03-25,136
2009-03-26,136
2009-03-27,149
2009-03-28,136
2009-03-29,140
2009-03-30,136
2009-03-31,136
2009-04-01,152
2009-04-02,136
2009-04-03,136
2009-04-04,136
2009-04-05,136
2009-04-06,140
2009-04-07,136
2009-04-08,136
2009-04-09,136
2009-04-10,136
2009-04-11,136
2009-04-12,139
2009-04-13,139
2009-04-14,136
2009-04-15,136
2009-04-16,136
2009-04-17,136
2009-04-18,136
2009-04-19,137
2009-04-20,139
2009-04-21,190
2009-04-22,136
2009-04-23,136
2009-04-24,136
2009-04-25,136
2009-04-26,136
2009-04-27,141
2009-04-28,136
2009-04-29,136
2009-04-30,145
2009-05-01,136
2009-05-02,136
2009-05-03,143
2009-05-04,137
2009-05-05,149
2009-05-06,140
2009-05-07,136
2009-05-08,136
2009-05-09,136
2009-05-10,136
2009-05-11,136
2009-05-12,137
2009-05-13,136
2009-05-14,137
2009-05-15,137
2009-05-16,140
2009-05-17,136
2009-05-18,136
2009-05-19,136
2009-05-20,136
2009-05-21,136
2009-05-22,136
2009-05-23,136
2009-05-24,136
2009-05-25,136
2009-05-26,136
2009-05-27,136
2009-05-28,136
2009-05-29,136
2009-05-30,168
2009-05-31,136
2009-06-01,136
2009-06-02,137
2009-06-03,136
2009-06-04,136
2009-06-05,136
2009-06-06,136
2009-06-07,135
2009-06-08,136
2009-06-09,136
2009-06-10,136
2009-06-11,136
2009-06-12,136
2009-06-13,136
2009-06-14,135
2009-06-15,136
2009-06-16,136
2009-06-17,136
2009-06-18,136
2009-06-19,136
2009-06-20,136
2009-06-21,136
2009-06-22,136
2009-06-23,180
2009-06-24,136
2009-06-25,137
2009-06-26,152
2009-06-27,136
2009-06-28,136
2009-06-29,137
2009-06-30,138
2009-07-01,136
2009-07-02,137
2009-07-03,136
2009-07-04,136
2009-07-05,136
2009-07-06,136
2009-07-07,136
2009-07-08,136
2009-07-09,136
2009-07-10,136
2009-07-11,136
2009-07-12,136
2009-07-13,136
2009-07-14,136
2009-07-15,136
2009-07-16,136
2009-07-17,136
2009-07-18,136
2009-07-19,136
2009-07-20,136
2009-07-21,234
2009-07-22,136
2009-07-23,135
2009-07-24,136
2009-07-25,136
2009-07-26,136
2009-07-27,136
2009-07-28,136
2009-07-29,136
2009-07-30,139
2009-07-31,139
2009-08-01,136
2009-08-02,136
2009-08-03,136
2009-08-04,136
2009-08-05,136
2009-08-06,136
2009-08-07,136
2009-08-08,215
2009-08-09,136
2009-08-10,136
2009-08-11,136
2009-08-12,136
2009-08-13,136
2009-08-14,136
2009-08-15,136
2009-08-16,135
2009-08-17,136
2009-08-18,136
2009-08-19,136
2009-08-20,135
2009-08-21,135
2009-08-22,135
2009-08-23,135
2009-08-24,135
2009-08-25,135
2009-08-26,136
2009-08-27,164
2009-08-28,135
2009-08-29,136
2009-08-30,136
2009-08-31,136
2009-09-01,139
2009-09-02,136
2009-09-03,136
2009-09-04,148
2009-09-05,136
2009-09-06,136
2009-09-07,136
2009-09-08,145
2009-09-09,136
2009-09-10,136
2009-09-11,136
2009-09-12,136
2009-09-13,136
2009-09-14,136
2009-09-15,136
2009-09-16,136
2009-09-17,136
2009-09-18,204
2009-09-19,136
2009-09-20,136
2009-09-21,136
2009-09-22,142
2009-09-23,225
2009-09-24,136
2009-09-25,136
2009-09-26,151
2009-09-27,144
2009-09-28,136
2009-09-29,136
2009-09-30,163
2009-10-01,136
2009-10-02,136
2009-10-03,143
2009-10-04,135
2009-10-05,136
2009-10-06,136
2009-10-07,148
2009-10-08,136
2009-10-09,135
2009-10-10,136
2009-10-11,136
2009-10-12,136
2009-10-13,209
2009-10-14,136
2009-10-15,136
2009-10-16,135
2009-10-17,213
2009-10-18,136
2009-10-19,140
2009-10-20,135
2009-10-21,196
2009-10-22,148
2009-10-23,161
2009-10-24,135
2009-10-25,142
2009-10-26,136
2009-10-27,136
2009-10-28,150
2009-10-29,136
2009-10-30,185
2009-10-31,135
2009-11-01,135
2009-11-02,135
2009-11-03,135
2009-11-04,136
2009-11-05,174
2009-11-06,135
2009-11-07,136
2009-11-08,136
2009-11-09,136
2009-11-10,136
2009-11-11,159
2009-11-12,143
2009-11-13,138
2009-11-14,142
2009-11-15,136
2009-11-16,136
2009-11-17,136
2009-11-18,136
2009-11-19,135
2009-11-20,213
2009-11-21,136
2009-11-22,136
2009-11-23,136
2009-11-24,136
2009-11-25,136
2009-11-26,136
2009-11-27,136
2009-11-28,135
2009-11-29,136
2009-11-30,136
2009-12-01,136
2009-12-02,269
2009-12-03,136
2009-12-04,136
2009-12-05,135
2009-12-06,151
2009-12-07,137
2009-12-08,145
2009-12-09,141
2009-12-10,147
2009-12-11,136
2009-12-12,169
2009-12-13,136
2009-12-14,136
2009-12-15,320
2009-12-16,148
2009-12-17,136
2009-12-18,139
2009-12-19,136
2009-12-20,136
2009-12-21,136
2009-12-22,136
2009-12-23,136
2009-12-24,136
2009-12-25,136
2009-12-26,136
2009-12-27,136
2009-12-28,137
2009-12-29,136
2009-12-30,136
2009-12-31,136
2010-01-01,136
2010-01-02,136
2010-01-03,136
2010-01-04,136
2010-01-05,162
2010-01-06,136
2010-01-07,136
2010-01-08,136
2010-01-09,136
2010-01-10,136
2010-01-11,136
2010-01-12,136
2010-01-13,187
2010-01-14,136
2010-01-15,139
2010-01-16,137
2010-01-17,138
2010-01-18,136
2010-01-19,136
2010-01-20,135
2010-01-21,135
2010-01-22,141
2010-01-23,137
2010-01-24,136
2010-01-25,136
2010-01-26,152
2010-01-27,139
2010-01-28,142
2010-01-29,142
2010-01-30,140
2010-01-31,144
2010-02-01,142
2010-02-02,141
2010-02-03,143
2010-02-04,136
2010-02-05,145
2010-02-06,198
2010-02-07,141
2010-02-08,138
2010-02-09,169
2010-02-10,250
2010-02-11,239
2010-02-12,159
2010-02-13,154
2010-02-14,156
2010-02-15,151
2010-02-16,163
2010-02-17,139
2010-02-18,140
2010-02-19,150
2010-02-20,137
2010-02-21,139
2010-02-22,167
2010-02-23,188
2010-02-24,136
2010-02-25,170
2010-02-26,187
2010-02-27,140
2010-02-28,138
2010-03-01,161
2010-03-02,144
2010-03-03,147
2010-03-04,180
2010-03-05,254
2010-03-06,136
2010-03-07,165
2010-03-08,163
2010-03-09,217
2010-03-10,167
2010-03-11,148
2010-03-12,162
2010-03-13,138
2010-03-14,149
2010-03-15,140
2010-03-16,137
2010-03-17,146
2010-03-18,145
2010-03-19,190
2010-03-20,159
2010-03-21,152
2010-03-22,137
2010-03-23,146
2010-03-24,155
2010-03-25,144
2010-03-26,207
2010-03-27,152
2010-03-28,144
2010-03-29,137
2010-03-30,150
2010-03-31,137
2010-04-01,142
2010-04-02,141
2010-04-03,142
2010-04-04,144
2010-04-05,153
2010-04-06,182
2010-04-07,170
2010-04-08,165
2010-04-09,155
2010-04-10,183
2010-04-11,193
2010-04-12,167
2010-04-13,170
2010-04-14,142
2010-04-15,162
2010-04-16,196
2010-04-17,186
2010-04-18,156
2010-04-19,177
2010-04-20,188
2010-04-21,174
2010-04-22,168
2010-04-23,151
2010-04-24,151
2010-04-25,176
2010-04-26,181
2010-04-27,166
2010-04-28,153
2010-04-29,167
2010-04-30,147
2010-05-01,151
2010-05-02,148
2010-05-03,154
2010-05-04,184
2010-05-05,169
2010-05-06,200
2010-05-07,204
2010-05-08,165
2010-05-09,169
2010-05-10,160
2010-05-11,186
2010-05-12,148
2010-05-13,183
2010-05-14,155
2010-05-15,377
2010-05-16,632
2010-05-17,150
2010-05-18,169
2010-05-19,163
2010-05-20,171
2010-05-21,155
2010-05-22,166
2010-05-23,225
2010-05-24,161
2010-05-25,150
2010-05-26,157
2010-05-27,167
2010-05-28,168
2010-05-29,153
2010-05-30,160
2010-05-31,156
2010-06-01,160
2010-06-02,159
2010-06-03,152
2010-06-04,191
2010-06-05,150
2010-06-06,161
2010-06-07,162
2010-06-08,205
2010-06-09,170
2010-06-10,170
2010-06-11,155
2010-06-12,163
2010-06-13,163
2010-06-14,164
2010-06-15,188
2010-06-16,167
2010-06-17,187
2010-06-18,155
2010-06-19,163
2010-06-20,212
2010-06-21,158
2010-06-22,171
2010-06-23,175
2010-06-24,170
2010-06-25,165
2010-06-26,152
2010-06-27,150
2010-06-28,156
2010-06-29,160
2010-06-30,188
2010-07-01,431
2010-07-02,166
2010-07-03,309
2010-07-04,164
2010-07-05,232
2010-07-06,168
2010-07-07,158
2010-07-08,195
2010-07-09,158
2010-07-10,154
2010-07-11,165
2010-07-12,173
2010-07-13,199
2010-07-14,178
2010-07-15,217
2010-07-16,273
2010-07-17,189
2010-07-18,207
2010-07-19,201
2010-07-20,207
2010-07-21,242
2010-07-22,196
2010-07-23,187
2010-07-24,180
2010-07-25,283
2010-07-26,586
2010-07-27,239
2010-07-28,227
2010-07-29,249
2010-07-30,190
2010-07-31,245
2010-08-01,199
2010-08-02,192
2010-08-03,184
2010-08-04,216
2010-08-05,187
2010-08-06,285
2010-08-07,227
2010-08-08,207
2010-08-09,180
2010-08-10,374
2010-08-11,191
2010-08-12,188
2010-08-13,181
2010-08-14,269
2010-08-15,185
2010-08-16,183
2010-08-17,225
2010-08-18,194
2010-08-19,780
2010-08-20,190
2010-08-21,183
2010-08-22,190
2010-08-23,184
2010-08-24,193
2010-08-25,270
2010-08-26,173
2010-08-27,216
2010-08-28,195
2010-08-29,223
2010-08-30,178
2010-08-31,221
2010-09-01,261
2010-09-02,256
2010-09-03,205
2010-09-04,185
2010-09-05,185
2010-09-06,198
2010-09-07,190
2010-09-08,174
2010-09-09,192
2010-09-10,217
2010-09-11,180
2010-09-12,178
2010-09-13,236
2010-09-14,205
2010-09-15,201
2010-09-16,223
2010-09-17,190
2010-09-18,233
2010-09-19,189
2010-09-20,204
2010-09-21,218
2010-09-22,240
2010-09-23,271
2010-09-24,225
2010-09-25,213
2010-09-26,207
2010-09-27,203
2010-09-28,306
2010-09-29,322
2010-09-30,333
2010-10-01,221
2010-10-02,221
2010-10-03,339
2010-10-04,220
2010-10-05,257
2010-10-06,241
2010-10-07,215
2010-10-08,229
2010-10-09,246
2010-10-10,270
2010-10-11,222
2010-10-12,214
2010-10-13,213
2010-10-14,270
2010-10-15,215
2010-10-16,200
2010-10-17,211
2010-10-18,192
2010-10-19,229
2010-10-20,245
2010-10-21,244
2010-10-22,245
2010-10-23,247
2010-10-24,224
2010-10-25,201
2010-10-26,237
2010-10-27,217
2010-10-28,236
2010-10-29,235
2010-10-30,231
2010-10-31,188
2010-11-01,222
2010-11-02,199
2010-11-03,185
2010-11-04,206
2010-11-05,209
2010-11-06,237
2010-11-07,193
2010-11-08,197
2010-11-09,259
2010-11-10,207
2010-11-11,195
2010-11-12,203
2010-11-13,183
2010-11-14,191
2010-11-15,214
2010-11-16,328
2010-11-17,202
2010-11-18,195
2010-11-19,186
2010-11-20,218
2010-11-21,221
2010-11-22,292
2010-11-23,207
2010-11-24,215
2010-11-25,271
2010-11-26,285
2010-11-27,262
2010-11-28,227
2010-11-29,195
2010-11-30,239
2010-12-01,213
2010-12-02,264
2010-12-03,209
2010-12-04,235
2010-12-05,216
2010-12-06,187
2010-12-07,185
2010-12-08,231
2010-12-09,210
2010-12-10,221
2010-12-11,223
2010-12-12,233
2010-12-13,239
2010-12-14,407
2010-12-15,224
2010-12-16,221
2010-12-17,227
2010-12-18,256
2010-12-19,217
2010-12-20,278
2010-12-21,274
2010-12-22,216
2010-12-23,239
2010-12-24,272
2010-12-25,235
2010-12-26,215
2010-12-27,231
2010-12-28,278
2010-12-29,228
2010-12-30,244
2010-12-31,235
2011-01-01,221
2011-01-02,232
2011-01-03,247
2011-01-04,313
2011-01-05,223
2011-01-06,331
2011-01-07,263
2011-01-08,234
2011-01-09,252
2011-01-10,268
2011-01-11,279
2011-01-12,296
2011-01-13,263
2011-01-14,288
2011-01-15,277
2011-01-16,291
2011-01-17,264
2011-01-18,250
2011-01-19,292
2011-01-20,268
2011-01-21,242
2011-01-22,286
2011-01-23,366
2011-01-24,314
2011-01-25,314
2011-01-26,253
2011-01-27,321
2011-01-28,311
2011-01-29,289
2011-01-30,325
2011-01-31,502
2011-02-01,403
2011-02-02,366
2011-02-03,313
2011-02-04,241
2011-02-05,284
2011-02-06,290
2011-02-07,316
2011-02-08,257
2011-02-09,265
2011-02-10,268
2011-02-11,360
2011-02-12,307
2011-02-13,343
2011-02-14,293
2011-02-15,433
2011-02-16,307
2011-02-17,284
2011-02-18,312
2011-02-19,368
2011-02-20,324
2011-02-21,283
2011-02-22,282
2011-02-23,306
2011-02-24,300
2011-02-25,299
2011-02-26,320
2011-02-27,312
2011-02-28,308
2011-03-01,350
2011-03-02,328
2011-03-03,323
2011-03-04,339
2011-03-05,354
2011-03-06,371
2011-03-07,313
2011-03-08,292
2011-03-09,314
2011-03-10,331
2011-03-11,312
2011-03-12,345
2011-03-13,311
2011-03-14,449
2011-03-15,351
2011-03-16,354
2011-03-17,383
2011-03-18,306
2011-03-19,331
2011-03-20,366
2011-03-21,371
2011-03-22,318
2011-03-23,339
2011-03-24,324
2011-03-25,361
2011-03-26,361
2011-03-27,345
2011-03-28,443
2011-03-29,361
2011-03-30,373
2011-03-31,366
2011-04-01,386
2011-04-02,403
2011-04-03,381
2011-04-04,346
2011-04-05,347
2011-04-06,356
2011-04-07,344
2011-04-08,365
2011-04-09,390
2011-04-10,359
2011-04-11,391
2011-04-12,404
2011-04-13,420
2011-04-14,426
2011-04-15,344
2011-04-16,551
2011-04-17,530
2011-04-18,419
2011-04-19,402
2011-04-20,388
2011-04-21,535
2011-04-22,365
2011-04-23,361
2011-04-24,484
2011-04-25,405
2011-04-26,444
2011-04-27,407
2011-04-28,702
2011-04-29,436
2011-04-30,388
2011-05-01,453
2011-05-02,481
2011-05-03,388
2011-05-04,401
2011-05-05,441
2011-05-06,498
2011-05-07,416
2011-05-08,401
2011-05-09,450
2011-05-10,455
2011-05-11,493
2011-05-12,446
2011-05-13,467
2011-05-14,503
2011-05-15,417
2011-05-16,469
2011-05-17,473
2011-05-18,512
2011-05-19,468
2011-05-20,443
2011-05-21,435
2011-05-22,405
2011-05-23,401
2011-05-24,405
2011-05-25,383
2011-05-26,430
2011-05-27,407
2011-05-28,388
2011-05-29,441
2011-05-30,417
2011-05-31,452
2011-06-01,454
2011-06-02,459
2011-06-03,473
2011-06-04,527
2011-06-05,443
2011-06-06,410
2011-06-07,448
2011-06-08,434
2011-06-09,528
2011-06-10,452
2011-06-11,452
2011-06-12,437
2011-06-13,453
2011-06-14,479
2011-06-15,432
2011-06-16,470
2011-06-17,475
2011-06-18,474
2011-06-19,424
2011-06-20,461
2011-06-21,423
2011-06-22,442
2011-06-23,386
2011-06-24,429
2011-06-25,402
2011-06-26,437
2011-06-27,435
2011-06-28,520
2011-06-29,439
2011-06-30,456
2011-07-01,433
2011-07-02,436
2011-07-03,520
2011-07-04,421
2011-07-05,455
2011-07-06,587
2011-07-07,466
2011-07-08,442
2011-07-09,466
2011-07-10,446
2011-07-11,535
2011-07-12,412
2011-07-13,440
2011-07-14,441
2011-07-15,463
2011-07-16,416
2011-07-17,441
2011-07-18,438
2011-07-19,593
2011-07-20,483
2011-07-21,467
2011-07-22,488
2011-07-23,446
2011-07-24,486
2011-07-25,464
2011-07-26,510
2011-07-27,472
2011-07-28,503
2011-07-29,487
2011-07-30,472
2011-07-31,434
2011-08-01,473
2011-08-02,482
2011-08-03,476
2011-08-04,479
2011-08-05,450
2011-08-06,456
2011-08-07,578
2011-08-08,433
2011-08-09,556
2011-08-10,468
2011-08-11,455
2011-08-12,430
2011-08-13,425
2011-08-14,442
2011-08-15,511
2011-08-16,564
2011-08-17,440
2011-08-18,537
2011-08-19,458
2011-08-20,513
2011-08-21,494
2011-08-22,432
2011-08-23,493
2011-08-24,522
2011-08-25,488
2011-08-26,476
2011-08-27,550
2011-08-28,542
2011-08-29,510
2011-08-30,464
2011-08-31,431
2011-09-01,446
2011-09-02,501
2011-09-03,431
2011-09-04,426
2011-09-05,642
2011-09-06,483
2011-09-07,458
2011-09-08,481
2011-09-09,525
2011-09-10,635
2011-09-11,541
2011-09-12,459
2011-09-13,588
2011-09-14,415
2011-09-15,439
2011-09-16,482
2011-09-17,479
2011-09-18,429
2011-09-19,444
2011-09-20,511
2011-09-21,553
2011-09-22,611
2011-09-23,455
2011-09-24,473
2011-09-25,508
2011-09-26,548
2011-09-27,461
2011-09-28,482
2011-09-29,479
2011-09-30,435
2011-10-01,437
2011-10-02,463
2011-10-03,435
2011-10-04,434
2011-10-05,507
2011-10-06,463
2011-10-07,485
2011-10-08,461
2011-10-09,466
2011-10-10,480
2011-10-11,444
2011-10-12,456
2011-10-13,467
2011-10-14,448
2011-10-15,465
2011-10-16,450
2011-10-17,469
2011-10-18,531
2011-10-19,454
2011-10-20,446
2011-10-21,432
2011-10-22,393
2011-10-23,435
2011-10-24,420
2011-10-25,427
2011-10-26,440
2011-10-27,433
2011-10-28,435
2011-10-29,444
2011-10-30,466
2011-10-31,439
2011-11-01,414
2011-11-02,428
2011-11-03,422
2011-11-04,391
2011-11-05,427
2011-11-06,459
2011-11-07,408
2011-11-08,424
2011-11-09,524
2011-11-10,461
2011-11-11,580
2011-11-12,469
2011-11-13,451
2011-11-14,411
2011-11-15,545
2011-11-16,480
2011-11-17,468
2011-11-18,460
2011-11-19,495
2011-11-20,459
2011-11-21,635
2011-11-22,407
2011-11-23,517
2011-11-24,463
2011-11-25,618
2011-11-26,605
2011-11-27,450
2011-11-28,454
2011-11-29,473
2011-11-30,495
2011-12-01,517
2011-12-02,509
2011-12-03,454
2011-12-04,463
2011-12-05,428
2011-12-06,464
2011-12-07,441
2011-12-08,464
2011-12-09,485
2011-12-10,447
2011-12-11,494
2011-12-12,774
2011-12-13,603
2011-12-14,519
2011-12-15,479
2011-12-16,421
2011-12-17,463
2011-12-18,489
2011-12-19,426
2011-12-20,469
2011-12-21,605
2011-12-22,458
2011-12-23,471
2011-12-24,418
2011-12-25,460
2011-12-26,449
2011-12-27,423
2011-12-28,503
2011-12-29,472
2011-12-30,451
2011-12-31,442
2012-01-01,482
2012-01-02,577
2012-01-03,564
2012-01-04,535
2012-01-05,550
2012-01-06,580
2012-01-07,623
2012-01-08,570
2012-01-09,543
2012-01-10,628
2012-01-11,663
2012-01-12,784
2012-01-13,459
2012-01-14,449
2012-01-15,451
2012-01-16,479
2012-01-17,540
2012-01-18,460
2012-01-19,518
2012-01-20,478
2012-01-21,469
2012-01-22,535
2012-01-23,430
2012-01-24,500
2012-01-25,443
2012-01-26,504
2012-01-27,486
2012-01-28,585
2012-01-29,514
2012-01-30,485
2012-01-31,490
2012-02-01,482
2012-02-02,469
2012-02-03,483
2012-02-04,494
2012-02-05,495
2012-02-06,477
2012-02-07,501
2012-02-08,439
2012-02-09,450
2012-02-10,478
2012-02-11,458
2012-02-12,479
2012-02-13,472
2012-02-14,475
2012-02-15,495
2012-02-16,431
2012-02-17,484
2012-02-18,424
2012-02-19,448
2012-02-20,480
2012-02-21,436
2012-02-22,479
2012-02-23,457
2012-02-24,495
2012-02-25,487
2012-02-26,502
2012-02-27,511
2012-02-28,466
2012-02-29,480
2012-03-01,498
2012-03-02,563
2012-03-03,503
2012-03-04,442
2012-03-05,485
2012-03-06,535
2012-03-07,477
2012-03-08,437
2012-03-09,482
2012-03-10,448
2012-03-11,778
2012-03-12,472
2012-03-13,484
2012-03-14,599
2012-03-15,548
2012-03-16,496
2012-03-17,443
2012-03-18,469
2012-03-19,455
2012-03-20,459
2012-03-21,454
2012-03-22,503
2012-03-23,435
2012-03-24,431
2012-03-25,462
2012-03-26,514
2012-03-27,496
2012-03-28,434
2012-03-29,469
2012-03-30,443
2012-03-31,468
2012-04-01,458
2012-04-02,459
2012-04-03,568
2012-04-04,506
2012-04-05,527
2012-04-06,591
2012-04-07,563
2012-04-08,507
2012-04-09,541
2012-04-10,483
2012-04-11,494
2012-04-12,526
2012-04-13,493
2012-04-14,480
2012-04-15,484
2012-04-16,482
2012-04-17,518
2012-04-18,545
2012-04-19,596
2012-04-20,526
2012-04-21,575
2012-04-22,555
2012-04-23,536
2012-04-24,563
2012-04-25,532
2012-04-26,490
2012-04-27,498
2012-04-28,517
2012-04-29,519
2012-04-30,472
2012-05-01,460
2012-05-02,474
2012-05-03,500
2012-05-04,465
2012-05-05,457
2012-05-06,446
2012-05-07,578
2012-05-08,446
2012-05-09,445
2012-05-10,470
2012-05-11,459
2012-05-12,447
2012-05-13,445
2012-05-14,429
2012-05-15,430
2012-05-16,452
2012-05-17,493
2012-05-18,456
2012-05-19,432
2012-05-20,460
2012-05-21,437
2012-05-22,448
2012-05-23,448
2012-05-24,434
2012-05-25,431
2012-05-26,454
2012-05-27,419
2012-05-28,461
2012-05-29,442
2012-05-30,456
2012-05-31,466
2012-06-01,466
2012-06-02,453
2012-06-03,458
2012-06-04,436
2012-06-05,438
2012-06-06,441
2012-06-07,458
2012-06-08,431
2012-06-09,509
2012-06-10,464
2012-06-11,415
2012-06-12,409
2012-06-13,474
2012-06-14,408
2012-06-15,440
2012-06-16,431
2012-06-17,464
2012-06-18,420
2012-06-19,448
2012-06-20,485
2012-06-21,481
2012-06-22,477
2012-06-23,501
2012-06-24,474
2012-06-25,477
2012-06-26,459
2012-06-27,459
2012-06-28,489
2012-06-29,427
2012-06-30,422
2012-07-01,429
2012-07-02,455
2012-07-03,414
2012-07-04,435
2012-07-05,426
2012-07-06,432
2012-07-07,436
2012-07-08,426
2012-07-09,424
2012-07-10,444
2012-07-11,467
2012-07-12,428
2012-07-13,514
2012-07-14,474
2012-07-15,425
2012-07-16,436
2012-07-17,436
2012-07-18,448
2012-07-19,451
2012-07-20,486
2012-07-21,432
2012-07-22,435
2012-07-23,408
2012-07-24,422
2012-07-25,438
2012-07-26,474
2012-07-27,447
2012-07-28,430
2012-07-29,393
2012-07-30,410
2012-07-31,453
2012-08-01,506
2012-08-02,495
2012-08-03,427
2012-08-04,415
2012-08-05,452
2012-08-06,392
2012-08-07,408
2012-08-08,414
2012-08-09,438
2012-08-10,449
2012-08-11,436
2012-08-12,399
2012-08-13,404
2012-08-14,434
2012-08-15,484
2012-08-16,458
2012-08-17,462
2012-08-18,497
2012-08-19,439
2012-08-20,506
2012-08-21,476
2012-08-22,405
2012-08-23,436
2012-08-24,402
2012-08-25,402
2012-08-26,411
2012-08-27,410
2012-08-28,417
2012-08-29,448
2012-08-30,398
2012-08-31,427
2012-09-01,454
2012-09-02,415
2012-09-03,430
2012-09-04,430
2012-09-05,454
2012-09-06,440
2012-09-07,422
2012-09-08,459
2012-09-09,460
2012-09-10,442
2012-09-11,424
2012-09-12,451
2012-09-13,449
2012-09-14,436
2012-09-15,477
2012-09-16,437
2012-09-17,454
2012-09-18,457
2012-09-19,433
2012-09-20,449
2012-09-21,439
2012-09-22,461
2012-09-23,571
2012-09-24,434
2012-09-25,490
2012-09-26,442
2012-09-27,520
2012-09-28,451
2012-09-29,483
2012-09-30,510
2012-10-01,498
2012-10-02,504
2012-10-03,478
2012-10-04,539
2012-10-05,507
2012-10-06,430
2012-10-07,483
2012-10-08,489
2012-10-09,453
2012-10-10,492
2012-10-11,454
2012-10-12,471
2012-10-13,483
2012-10-14,530
2012-10-15,469
2012-10-16,495
2012-10-17,461
2012-10-18,520
2012-10-19,524
2012-10-20,541
2012-10-21,510
2012-10-22,509
2012-10-23,449
2012-10-24,485
2012-10-25,481
2012-10-26,493
2012-10-27,497
2012-10-28,496
2012-10-29,453
2012-10-30,600
2012-10-31,452
2012-11-01,488
2012-11-02,450
2012-11-03,455
2012-11-04,459
2012-11-05,470
2012-11-06,469
2012-11-07,479
2012-11-08,467
2012-11-09,464
2012-11-10,453
2012-11-11,486
2012-11-12,469
2012-11-13,489
2012-11-14,441
2012-11-15,433
2012-11-16,438
2012-11-17,452
2012-11-18,566
2012-11-19,453
2012-11-20,447
2012-11-21,448
2012-11-22,506
2012-11-23,477
2012-11-24,521
2012-11-25,455
2012-11-26,493
2012-11-27,487
2012-11-28,484
2012-11-29,465
2012-11-30,485
2012-12-01,468
2012-12-02,483
2012-12-03,462
2012-12-04,494
2012-12-05,515
2012-12-06,492
2012-12-07,480
2012-12-08,451
2012-12-09,445
2012-12-10,471
2012-12-11,473
2012-12-12,469
2012-12-13,491
2012-12-14,481
2012-12-15,480
2012-12-16,468
2012-12-17,490
2012-12-18,451
2012-12-19,468
2012-12-20,459
2012-12-21,510
2012-12-22,447
2012-12-23,407
2012-12-24,479
2012-12-25,597
2012-12-26,455
2012-12-27,576
2012-12-28,495
2012-12-29,507
2012-12-30,496
2012-12-31,452
2013-01-01,475
2013-01-02,453
2013-01-03,465
2013-01-04,424
2013-01-05,465
2013-01-06,430
2013-01-07,438
2013-01-08,457
2013-01-09,542
2013-01-10,471
2013-01-11,468
2013-01-12,433
2013-01-13,462
2013-01-14,502
2013-01-15,451
2013-01-16,448
2013-01-17,482
2013-01-18,487
2013-01-19,478
2013-01-20,456
2013-01-21,475
2013-01-22,458
2013-01-23,538
2013-01-24,513
2013-01-25,582
2013-01-26,501
2013-01-27,477
2013-01-28,485
2013-01-29,553
2013-01-30,520
2013-01-31,498
2013-02-01,487
2013-02-02,485
2013-02-03,519
2013-02-04,483
2013-02-05,486
2013-02-06,483
2013-02-07,465
2013-02-08,471
2013-02-09,475
2013-02-10,474
2013-02-11,496
2013-02-12,484
2013-02-13,468
2013-02-14,516
2013-02-15,479
2013-02-16,506
2013-02-17,485
2013-02-18,510
2013-02-19,499
2013-02-20,497
2013-02-21,508
2013-02-22,472
2013-02-23,489
2013-02-24,499
2013-02-25,462
2013-02-26,483
2013-02-27,493
2013-02-28,502
2013-03-01,483
2013-03-02,497
2013-03-03,510
2013-03-04,516
2013-03-05,492
2013-03-06,529
2013-03-07,529
2013-03-08,617
2013-03-09,498
2013-03-10,531
2013-03-11,514
2013-03-12,526
2013-03-13,536
2013-03-14,510
2013-03-15,514
2013-03-16,503
2013-03-17,562
2013-03-18,497
2013-03-19,489
2013-03-20,504
2013-03-21,500
2013-03-22,505
2013-03-23,570
2013-03-24,584
2013-03-25,540
2013-03-26,561
2013-03-27,534
2013-03-28,525
2013-03-29,610
2013-03-30,533
2013-03-31,696
2013-04-01,812
2013-04-02,565
2013-04-03,531
2013-04-04,531
2013-04-05,567
2013-04-06,553
2013-04-07,522
2013-04-08,615
2013-04-09,636
2013-04-10,512
2013-04-11,528
2013-04-12,593
2013-04-13,501
2013-04-14,460
2013-04-15,545
2013-04-16,509
2013-04-17,482
2013-04-18,538
2013-04-19,459
2013-04-20,544
2013-04-21,523
2013-04-22,655
2013-04-23,510
2013-04-24,503
2013-04-25,586
2013-04-26,520
2013-04-27,520
2013-04-28,539
2013-04-29,578
2013-04-30,555
2013-05-01,713
2013-05-02,485
2013-05-03,551
2013-05-04,556
2013-05-05,646
2013-05-06,555
2013-05-07,546
2013-05-08,565
2013-05-09,561
2013-05-10,499
2013-05-11,583
2013-05-12,530
2013-05-13,539
2013-05-14,538
2013-05-15,534
2013-05-16,540
2013-05-17,549
2013-05-18,500
2013-05-19,538
2013-05-20,520
2013-05-21,507
2013-05-22,519
2013-05-23,531
2013-05-24,519
2013-05-25,531
2013-05-26,555
2013-05-27,610
2013-05-28,542
2013-05-29,597
2013-05-30,529
2013-05-31,540
2013-06-01,499
2013-06-02,497
2013-06-03,580
2013-06-04,512
2013-06-05,537
2013-06-06,515
2013-06-07,502
2013-06-08,513
2013-06-09,478
2013-06-10,515
2013-06-11,478
2013-06-12,476
2013-06-13,499
2013-06-14,495
2013-06-15,485
2013-06-16,479
2013-06-17,481
2013-06-18,492
2013-06-19,483
2013-06-20,508
2013-06-21,515
2013-06-22,505
2013-06-23,509
2013-06-24,496
2013-06-25,495
2013-06-26,483
2013-06-27,481
2013-06-28,511
2013-06-29,504
2013-06-30,506
2013-07-01,491
2013-07-02,498
2013-07-03,499
2013-07-04,468
2013-07-05,482
2013-07-06,466
2013-07-07,539
2013-07-08,488
2013-07-09,479
2013-07-10,474
2013-07-11,488
2013-07-12,498
2013-07-13,516
2013-07-14,544
2013-07-15,511
2013-07-16,508
2013-07-17,501
2013-07-18,457
2013-07-19,497
2013-07-20,491
2013-07-21,479
2013-07-22,481
2013-07-23,480
2013-07-24,484
2013-07-25,510
2013-07-26,499
2013-07-27,487
2013-07-28,478
2013-07-29,509
2013-07-30,495
2013-07-31,472
2013-08-01,505
2013-08-02,528
2013-08-03,464
2013-08-04,519
2013-08-05,534
2013-08-06,474
2013-08-07,459
2013-08-08,456
2013-08-09,477
2013-08-10,467
2013-08-11,483
2013-08-12,468
2013-08-13,605
2013-08-14,525
2013-08-15,488
2013-08-16,511
2013-08-17,443
2013-08-18,459
2013-08-19,465
2013-08-20,467
2013-08-21,478
2013-08-22,470
2013-08-23,462
2013-08-24,521
2013-08-25,477
2013-08-26,524
2013-08-27,457
2013-08-28,558
2013-08-29,468
2013-08-30,450
2013-08-31,481
2013-09-01,504
2013-09-02,473
2013-09-03,463
2013-09-04,566
2013-09-05,472
2013-09-06,436
2013-09-07,476
2013-09-08,459
2013-09-09,489
2013-09-10,461
2013-09-11,478
2013-09-12,502
2013-09-13,489
2013-09-14,488
2013-09-15,494
2013-09-16,550
2013-09-17,500
2013-09-18,463
2013-09-19,482
2013-09-20,450
2013-09-21,481
2013-09-22,493
2013-09-23,476
2013-09-24,472
2013-09-25,466
2013-09-26,469
2013-09-27,515
2013-09-28,538
2013-09-29,634
2013-09-30,497
2013-10-01,546
2013-10-02,524
2013-10-03,553
2013-10-04,558
2013-10-05,518
2013-10-06,507
2013-10-07,602
2013-10-08,593
2013-10-09,516
2013-10-10,572
2013-10-11,529
2013-10-12,507
2013-10-13,551
2013-10-14,530
2013-10-15,572
2013-10-16,558
2013-10-17,595
2013-10-18,515
2013-10-19,493
2013-10-20,586
2013-10-21,621
2013-10-22,577
2013-10-23,576
2013-10-24,623
2013-10-25,636
2013-10-26,698
2013-10-27,591
2013-10-28,533
2013-10-29,481
2013-10-30,501
2013-10-31,535
2013-11-01,518
2013-11-02,564
2013-11-03,642
2013-11-04,581
2013-11-05,577
2013-11-06,534
2013-11-07,598
2013-11-08,635
2013-11-09,572
2013-11-10,684
2013-11-11,567
2013-11-12,565
2013-11-13,517
2013-11-14,526
2013-11-15,514
2013-11-16,535
2013-11-17,521
2013-11-18,573
2013-11-19,560
2013-11-20,684
2013-11-21,564
2013-11-22,871
2013-11-23,568
2013-11-24,535
2013-11-25,545
2013-11-26,505
2013-11-27,532
2013-11-28,519
2013-11-29,528
2013-11-30,524
2013-12-01,517
2013-12-02,546
2013-12-03,515
2013-12-04,528
2013-12-05,531
2013-12-06,532
2013-12-07,513
2013-12-08,500
2013-12-09,512
2013-12-10,605
2013-12-11,756
2013-12-12,524
2013-12-13,520
2013-12-14,657
2013-12-15,996
2013-12-16,843
2013-12-17,665
2013-12-18,587
2013-12-19,571
2013-12-20,521
2013-12-21,584
2013-12-22,591
2013-12-23,599
2013-12-24,604
2013-12-25,579
2013-12-26,554
2013-12-27,690
2013-12-28,535
2013-12-29,626
2013-12-30,695
2013-12-31,679
2014-01-01,616
2014-01-02,508
2014-01-03,595
2014-01-04,579
2014-01-05,545
2014-01-06,631
2014-01-07,707
2014-01-08,542
2014-01-09,645
2014-01-10,557
2014-01-11,604
2014-01-12,585
2014-01-13,574
2014-01-14,588
2014-01-15,552
2014-01-16,532
2014-01-17,577
2014-01-18,575
2014-01-19,511
2014-01-20,532
2014-01-21,672
2014-01-22,540
2014-01-23,607
2014-01-24,606
2014-01-25,547
2014-01-26,558
2014-01-27,544
2014-01-28,559
2014-01-29,568
2014-01-30,535
2014-01-31,583
2014-02-01,529
2014-02-02,538
2014-02-03,590
2014-02-04,628
2014-02-05,617
2014-02-06,610
2014-02-07,661
2014-02-08,647
2014-02-09,576
2014-02-10,554
2014-02-11,593
2014-02-12,691
2014-02-13,976
2014-02-14,647
2014-02-15,692
2014-02-16,645
2014-02-17,554
2014-02-18,668
2014-02-19,655
2014-02-20,760
2014-02-21,652
2014-02-22,680
2014-02-23,682
2014-02-24,684
2014-02-25,644
2014-02-26,669
2014-02-27,682
2014-02-28,636
2014-03-01,700
2014-03-02,672
2014-03-03,684
2014-03-04,706
2014-03-05,763
2014-03-06,736
2014-03-07,688
2014-03-08,616
2014-03-09,565
2014-03-10,622
2014-03-11,653
2014-03-12,630
2014-03-13,649
2014-03-14,662
2014-03-15,735
2014-03-16,601
2014-03-17,608
2014-03-18,598
2014-03-19,526
2014-03-20,563
2014-03-21,674
2014-03-22,696
2014-03-23,724
2014-03-24,588
2014-03-25,635
2014-03-26,583
2014-03-27,629
2014-03-28,670
2014-03-29,717
2014-03-30,674
2014-03-31,623
2014-04-01,667
2014-04-02,662
2014-04-03,671
2014-04-04,609
2014-04-05,617
2014-04-06,676
2014-04-07,718
2014-04-08,655
2014-04-09,733
2014-04-10,645
2014-04-11,658
2014-04-12,639
2014-04-13,632
2014-04-14,621
2014-04-15,694
2014-04-16,746
2014-04-17,792
2014-04-18,685
2014-04-19,688
2014-04-20,627
2014-04-21,702
2014-04-22,613
2014-04-23,631
2014-04-24,626
2014-04-25,689
2014-04-26,661
2014-04-27,670
2014-04-28,729
2014-04-29,645
2014-04-30,681
2014-05-01,640
2014-05-02,688
2014-05-03,615
2014-05-04,567
2014-05-05,672
2014-05-06,609
2014-05-07,634
2014-05-08,658
2014-05-09,769
2014-05-10,655
2014-05-11,605
2014-05-12,702
2014-05-13,678
2014-05-14,676
2014-05-15,648
2014-05-16,653
2014-05-17,657
2014-05-18,811
2014-05-19,717
2014-05-20,747
2014-05-21,693
2014-05-22,703
2014-05-23,669
2014-05-24,628
2014-05-25,617
2014-05-26,712
2014-05-27,757
2014-05-28,652
2014-05-29,712
2014-05-30,637
2014-05-31,640
2014-06-01,623
2014-06-02,745
2014-06-03,706
2014-06-04,671
2014-06-05,651
2014-06-06,736
2014-06-07,747
2014-06-08,632
2014-06-09,760
2014-06-10,673
2014-06-11,832
2014-06-12,678
2014-06-13,719
2014-06-14,671
2014-06-15,622
2014-06-16,656
2014-06-17,666
2014-06-18,627
2014-06-19,674
2014-06-20,705
2014-06-21,668
2014-06-22,647
2014-06-23,696
2014-06-24,616
2014-06-25,647
2014-06-26,626
2014-06-27,630
2014-06-28,596
2014-06-29,666
2014-06-30,650
2014-07-01,682
2014-07-02,766
2014-07-03,650
2014-07-04,645
2014-07-05,612
2014-07-06,616
2014-07-07,652
2014-07-08,639
2014-07-09,670
2014-07-10,685
2014-07-11,643
2014-07-12,692
2014-07-13,584
2014-07-14,696
2014-07-15,603
2014-07-16,601
2014-07-17,621
2014-07-18,608
2014-07-19,663
2014-07-20,601
2014-07-21,649
2014-07-22,626
2014-07-23,618
2014-07-24,590
2014-07-25,576
2014-07-26,633
2014-07-27,586
2014-07-28,654
2014-07-29,599
2014-07-30,612
2014-07-31,624
2014-08-01,616
2014-08-02,594
2014-08-03,561
2014-08-04,652
2014-08-05,624
2014-08-06,677
2014-08-07,605
2014-08-08,600
2014-08-09,643
2014-08-10,599
2014-08-11,760
2014-08-12,624
2014-08-13,599
2014-08-14,677
2014-08-15,680
2014-08-16,608
2014-08-17,782
2014-08-18,713
2014-08-19,608
2014-08-20,617
2014-08-21,682
2014-08-22,605
2014-08-23,659
2014-08-24,600
2014-08-25,661
2014-08-26,717
2014-08-27,629
2014-08-28,635
2014-08-29,692
2014-08-30,529
2014-08-31,582
2014-09-01,571
2014-09-02,616
2014-09-03,612
2014-09-04,612
2014-09-05,598
2014-09-06,619
2014-09-07,571
2014-09-08,660
2014-09-09,583
2014-09-10,816
2014-09-11,731
2014-09-12,647
2014-09-13,580
2014-09-14,565
2014-09-15,713
2014-09-16,626
2014-09-17,627
2014-09-18,573
2014-09-19,565
2014-09-20,615
2014-09-21,657
2014-09-22,719
2014-09-23,623
2014-09-24,640
2014-09-25,667
2014-09-26,659
2014-09-27,601
2014-09-28,657
2014-09-29,783
2014-09-30,617
2014-10-01,608
2014-10-02,649
2014-10-03,587
2014-10-04,619
2014-10-05,688
2014-10-06,686
2014-10-07,582
2014-10-08,651
2014-10-09,672
2014-10-10,580
2014-10-11,566
2014-10-12,570
2014-10-13,850
2014-10-14,790
2014-10-15,678
2014-10-16,624
2014-10-17,590
2014-10-18,645
2014-10-19,573
2014-10-20,727
2014-10-21,620
2014-10-22,618
2014-10-23,605
2014-10-24,609
2014-10-25,587
2014-10-26,638
2014-10-27,611
2014-10-28,631
2014-10-29,598
2014-10-30,539
2014-10-31,597
2014-11-01,641
2014-11-02,556
2014-11-03,691
2014-11-04,614
2014-11-05,590
2014-11-06,586
2014-11-07,694
2014-11-08,646
2014-11-09,645
2014-11-10,751
2014-11-11,622
2014-11-12,726
2014-11-13,635
2014-11-14,661
2014-11-15,604
2014-11-16,579
2014-11-17,705
2014-11-18,651
2014-11-19,595
2014-11-20,611
2014-11-21,583
2014-11-22,599
2014-11-23,546
2014-11-24,644
2014-11-25,645
2014-11-26,626
2014-11-27,589
2014-11-28,638
2014-11-29,626
2014-11-30,615
2014-12-01,758
2014-12-02,639
2014-12-03,661
2014-12-04,615
2014-12-05,587
2014-12-06,609
2014-12-07,576
2014-12-08,727
2014-12-09,659
2014-12-10,612
2014-12-11,597
2014-12-12,650
2014-12-13,629
2014-12-14,584
2014-12-15,819
2014-12-16,679
2014-12-17,679
2014-12-18,665
2014-12-19,649
2014-12-20,646
2014-12-21,629
2014-12-22,629
2014-12-23,652
2014-12-24,671
2014-12-25,555
2014-12-26,583
2014-12-27,590
2014-12-28,659
2014-12-29,695
2014-12-30,568
2014-12-31,569
2015-01-01,579
2015-01-02,543
2015-01-03,573
2015-01-04,658
2015-01-05,590
2015-01-06,615
2015-01-07,608
2015-01-08,569
2015-01-09,613
2015-01-10,622
2015-01-11,602
2015-01-12,599
2015-01-13,582
2015-01-14,650
2015-01-15,670
2015-01-16,583
2015-01-17,570
2015-01-18,650
2015-01-19,621
2015-01-20,709
2015-01-21,595
2015-01-22,572
2015-01-23,646
2015-01-24,576
2015-01-25,617
2015-01-26,776
2015-01-27,661
2015-01-28,636
2015-01-29,548
2015-01-30,537
2015-01-31,562
2015-02-01,628
2015-02-02,596
2015-02-03,594
2015-02-04,608
2015-02-05,561
2015-02-06,557
2015-02-07,553
2015-02-08,536
2015-02-09,829
2015-02-10,602
2015-02-11,586
2015-02-12,591
2015-02-13,602
2015-02-14,732
2015-02-15,730
2015-02-16,974
2015-02-17,651
2015-02-18,676
2015-02-19,570
2015-02-20,579
2015-02-21,672
2015-02-22,775
2015-02-23,696
2015-02-24,584
2015-02-25,561
2015-02-26,573
2015-02-27,579
2015-02-28,682
2015-03-01,1053
2015-03-02,796
2015-03-03,679
2015-03-04,638
2015-03-05,666
2015-03-06,703
2015-03-07,725
2015-03-08,677
2015-03-09,721
2015-03-10,667
2015-03-11,682
2015-03-12,714
2015-03-13,708
2015-03-14,634
2015-03-15,617
2015-03-16,660
2015-03-17,639
2015-03-18,561
2015-03-19,679
2015-03-20,649
2015-03-21,592
2015-03-22,602
2015-03-23,684
2015-03-24,629
2015-03-25,611
2015-03-26,588
2015-03-27,565
2015-03-28,543
2015-03-29,673
2015-03-30,650
2015-03-31,611
2015-04-01,566
2015-04-02,557
2015-04-03,574
2015-04-04,669
2015-04-05,592
2015-04-06,644
2015-04-07,569
2015-04-08,602
2015-04-09,573
2015-04-10,608
2015-04-11,543
2015-04-12,612
2015-04-13,600
2015-04-14,582
2015-04-15,618
2015-04-16,546
2015-04-17,555
2015-04-18,560
2015-04-19,670
2015-04-20,652
2015-04-21,549
2015-04-22,556
2015-04-23,627
2015-04-24,609
2015-04-25,644
2015-04-26,616
2015-04-27,681
2015-04-28,574
2015-04-29,572
2015-04-30,617
2015-05-01,577
2015-05-02,559
2015-05-03,602
2015-05-04,638
2015-05-05,626
2015-05-06,566
2015-05-07,569
2015-05-08,623
2015-05-09,589
2015-05-10,567
2015-05-11,708
2015-05-12,579
2015-05-13,621
2015-05-14,557
2015-05-15,554
2015-05-16,532
2015-05-17,617
2015-05-18,642
2015-05-19,582
2015-05-20,590
2015-05-21,560
2015-05-22,582
2015-05-23,581
2015-05-24,610
2015-05-25,667
2015-05-26,655
2015-05-27,591
2015-05-28,582
2015-05-29,584
2015-05-30,542
2015-05-31,609
2015-06-01,569
2015-06-02,603
2015-06-03,629
2015-06-04,593
2015-06-05,571
2015-06-06,566
2015-06-07,589
2015-06-08,771
2015-06-09,604
2015-06-10,572
2015-06-11,805
2015-06-12,548
2015-06-13,582
2015-06-14,607
2015-06-15,634
2015-06-16,662
2015-06-17,766
2015-06-18,641
2015-06-19,834
2015-06-20,747
2015-06-21,616
2015-06-22,675
2015-06-23,1595
2015-06-24,608
2015-06-25,573
2015-06-26,529
2015-06-27,590
2015-06-28,631
2015-06-29,637
2015-06-30,578
2015-07-01,672
2015-07-02,723
2015-07-03,582
2015-07-04,612
2015-07-05,553
2015-07-06,544
2015-07-07,574
2015-07-08,4500
2015-07-09,10009
2015-07-10,652
2015-07-11,7098
2015-07-12,4206
2015-07-13,843
2015-07-14,891
2015-07-15,1055
2015-07-16,1093
2015-07-17,992
2015-07-18,1038
2015-07-19,909
2015-07-20,1258
2015-07-21,572
2015-07-22,544
2015-07-23,662
2015-07-24,551
2015-07-25,618
2015-07-26,547
2015-07-27,704
2015-07-28,770
2015-07-29,756
2015-07-30,1148
2015-07-31,1028
2015-08-01,888
2015-08-02,1040
2015-08-03,644
2015-08-04,687
2015-08-05,988
2015-08-06,873
2015-08-07,954
2015-08-08,635
2015-08-09,591
2015-08-10,598
2015-08-11,792
2015-08-12,619
2015-08-13,604
2015-08-14,595
2015-08-15,611
2015-08-16,611
2015-08-17,597
2015-08-18,579
2015-08-19,604
2015-08-20,569
2015-08-21,572
2015-08-22,549
2015-08-23,586
2015-08-24,614
2015-08-25,625
2015-08-26,588
2015-08-27,537
2015-08-28,526
2015-08-29,575
2015-08-30,566
2015-08-31,582
2015-09-01,586
2015-09-02,561
2015-09-03,977
2015-09-04,661
2015-09-05,592
2015-09-06,569
2015-09-07,608
2015-09-08,670
2015-09-09,1268
2015-09-10,1466
2015-09-11,1284
2015-09-12,786
2015-09-13,659
2015-09-14,746
2015-09-15,849
2015-09-16,772
2015-09-17,680
2015-09-18,470
2015-09-19,588
2015-09-20,520
2015-09-21,578
2015-09-22,791
2015-09-23,586
2015-09-24,630
2015-09-25,575
2015-09-26,584
2015-09-27,590
2015-09-28,614
2015-09-29,559
2015-09-30,600
2015-10-01,603
2015-10-02,544
2015-10-03,559
2015-10-04,494
2015-10-05,589
2015-10-06,543
2015-10-07,642
2015-10-08,1152
2015-10-09,867
2015-10-10,870
2015-10-11,1271
2015-10-12,1080
2015-10-13,828
2015-10-14,694
2015-10-15,764
2015-10-16,744
2015-10-17,793
2015-10-18,707
2015-10-19,1024
2015-10-20,716
2015-10-21,760
2015-10-22,684
2015-10-23,658
2015-10-24,688
2015-10-25,630
2015-10-26,769
2015-10-27,890
2015-10-28,649
2015-10-29,603
2015-10-30,637
2015-10-31,601
2015-11-01,567
2015-11-02,620
2015-11-03,656
2015-11-04,773
2015-11-05,705
2015-11-06,696
2015-11-07,705
2015-11-08,713
2015-11-09,715
2015-11-10,697
2015-11-11,615
2015-11-12,618
2015-11-13,611
2015-11-14,649
2015-11-15,658
2015-11-16,645
2015-11-17,1042
2015-11-18,716
2015-11-19,670
2015-11-20,1210
2015-11-21,891
2015-11-22,669
2015-11-23,672
2015-11-24,717
2015-11-25,703
2015-11-26,727
2015-11-27,716
2015-11-28,687
2015-11-29,637
2015-11-30,606
2015-12-01,695
2015-12-02,632
2015-12-03,764
2015-12-04,1088
2015-12-05,649
2015-12-06,661
2015-12-07,639
2015-12-08,626
2015-12-09,721
2015-12-10,630
2015-12-11,619
2015-12-12,625
2015-12-13,673
2015-12-14,651
2015-12-15,641
2015-12-16,834
2015-12-17,627
2015-12-18,649
2015-12-19,612
2015-12-20,942
2015-12-21,579
2015-12-22,565
2015-12-23,712
2015-12-24,601
2015-12-25,568
2015-12-26,549
2015-12-27,578
2015-12-28,775
2015-12-29,733
2015-12-30,724
2015-12-31,638
2016-01-01,610
2016-01-02,708
2016-01-03,896
2016-01-04,715
2016-01-05,640
2016-01-06,714
2016-01-07,667
2016-01-08,636
2016-01-09,686
2016-01-10,612
2016-01-11,704
2016-01-12,728
2016-01-13,655
2016-01-14,628
2016-01-15,623
2016-01-16,649
2016-01-17,662
2016-01-18,718
2016-01-19,651
2016-01-20,622
2016-01-21,877
2016-01-22,686
2016-01-23,629
2016-01-24,624
2016-01-25,597
2016-01-26,630
2016-01-27,621
2016-01-28,598
2016-01-29,689
2016-01-30,629
2016-01-31,645
2016-02-01,778
2016-02-02,1119
2016-02-03,751
2016-02-04,818
2016-02-05,685
2016-02-06,612
2016-02-07,593
2016-02-08,676
2016-02-09,623
2016-02-10,592
2016-02-11,576
2016-02-12,660
2016-02-13,613
2016-02-14,589
2016-02-15,648
2016-02-16,611
2016-02-17,548
2016-02-18,669
2016-02-19,578
2016-02-20,769
2016-02-21,570
2016-02-22,634
2016-02-23,532
2016-02-24,570
2016-02-25,585
2016-02-26,673
2016-02-27,589
2016-02-28,636
2016-02-29,478
2016-03-01,504
2016-03-02,485
2016-03-03,642
2016-03-04,620
2016-03-05,969
2016-03-06,619
2016-03-07,712
2016-03-08,601
2016-03-09,607
2016-03-10,772
2016-03-11,692
2016-03-12,680
2016-03-13,589
2016-03-14,682
2016-03-15,759
2016-03-16,651
2016-03-17,549
2016-03-18,594
2016-03-19,539
2016-03-20,616
2016-03-21,736
2016-03-22,593
2016-03-23,568
2016-03-24,714
2016-03-25,605
2016-03-26,660
2016-03-27,774
2016-03-28,701
2016-03-29,732
2016-03-30,915
2016-03-31,699
2016-04-01,590
2016-04-02,708
2016-04-03,649
2016-04-04,698
2016-04-05,616
2016-04-06,626
2016-04-07,572
2016-04-08,614
2016-04-09,562
2016-04-10,675
2016-04-11,574
2016-04-12,592
2016-04-13,632
2016-04-14,680
2016-04-15,687
2016-04-16,702
2016-04-17,701
2016-04-18,678
2016-04-19,647
2016-04-20,597
2016-04-21,696
2016-04-22,639
2016-04-23,607
2016-04-24,591
2016-04-25,729
2016-04-26,604
2016-04-27,585
2016-04-28,543
2016-04-29,620
2016-04-30,597
2016-05-01,611
2016-05-02,643
2016-05-03,610
2016-05-04,641
2016-05-05,610
2016-05-06,575
2016-05-07,541
2016-05-08,608
2016-05-09,615
2016-05-10,562
2016-05-11,540
2016-05-12,523
2016-05-13,570
2016-05-14,643
2016-05-15,634
2016-05-16,628
2016-05-17,753
2016-05-18,625
2016-05-19,770
2016-05-20,660
2016-05-21,701
2016-05-22,1317
2016-05-23,838
2016-05-24,574
2016-05-25,600
2016-05-26,576
2016-05-27,555
2016-05-28,790
2016-05-29,881
2016-05-30,765
2016-05-31,891
2016-06-01,616
2016-06-02,583
2016-06-03,647
2016-06-04,703
2016-06-05,587
2016-06-06,633
2016-06-07,652
2016-06-08,539
2016-06-09,640
2016-06-10,641
2016-06-11,668
2016-06-12,674
2016-06-13,875
2016-06-14,819
2016-06-15,819
2016-06-16,586
2016-06-17,622
2016-06-18,696
2016-06-19,750
2016-06-20,737
2016-06-21,602
2016-06-22,741
2016-06-23,603
2016-06-24,669
2016-06-25,673
2016-06-26,903
2016-06-27,774
2016-06-28,705
2016-06-29,720
2016-06-30,697
2016-07-01,720
2016-07-02,702
2016-07-03,726
2016-07-04,635
2016-07-05,694
2016-07-06,644
2016-07-07,751
2016-07-08,649
2016-07-09,671
2016-07-10,648
2016-07-11,753
2016-07-12,617
2016-07-13,638
2016-07-14,557
2016-07-15,705
2016-07-16,564
2016-07-17,720
2016-07-18,687
2016-07-19,723
2016-07-20,628
2016-07-21,617
2016-07-22,579
2016-07-23,602
2016-07-24,734
2016-07-25,671
2016-07-26,598
2016-07-27,574
2016-07-28,609
2016-07-29,601
2016-07-30,637
2016-07-31,620
2016-08-01,773
2016-08-02,759
2016-08-03,631
2016-08-04,722
2016-08-05,729
2016-08-06,653
2016-08-07,765
2016-08-08,834
2016-08-09,644
2016-08-10,574
2016-08-11,626
2016-08-12,694
2016-08-13,728
2016-08-14,650
2016-08-15,766
2016-08-16,919
2016-08-17,554
2016-08-18,577
2016-08-19,639
2016-08-20,594
2016-08-21,656
2016-08-22,706
2016-08-23,730
2016-08-24,693
2016-08-25,589
2016-08-26,637
2016-08-27,738
2016-08-28,660
2016-08-29,631
2016-08-30,672
2016-08-31,715
2016-09-01,583
2016-09-02,603
2016-09-03,598
2016-09-04,698
2016-09-05,739
2016-09-06,708
2016-09-07,689
2016-09-08,566
2016-09-09,696
2016-09-10,712
2016-09-11,608
2016-09-12,670
2016-09-13,641
2016-09-14,751
2016-09-15,668
2016-09-16,578
2016-09-17,589
2016-09-18,944
2016-09-19,584
2016-09-20,559
2016-09-21,553
2016-09-22,611
2016-09-23,651
2016-09-24,633
2016-09-25,628
2016-09-26,661
2016-09-27,624
2016-09-28,648
2016-09-29,558
2016-09-30,547
2016-10-01,555
2016-10-02,713
2016-10-03,729
2016-10-04,633
2016-10-05,609
2016-10-06,635
2016-10-07,563
2016-10-08,581
2016-10-09,676
2016-10-10,675
2016-10-11,526
2016-10-12,556
2016-10-13,719
2016-10-14,636
2016-10-15,577
2016-10-16,686
2016-10-17,699
2016-10-18,578
2016-10-19,654
2016-10-20,644
2016-10-21,537
2016-10-22,649
2016-10-23,838
2016-10-24,768
2016-10-25,724
2016-10-26,652
2016-10-27,722
2016-10-28,534
2016-10-29,627
2016-10-30,705
2016-10-31,616
2016-11-01,612
2016-11-02,639
2016-11-03,488
2016-11-04,603
2016-11-05,506
2016-11-06,577
2016-11-07,613
2016-11-08,518
2016-11-09,750
2016-11-10,582
2016-11-11,611
2016-11-12,662
2016-11-13,661
2016-11-14,697
2016-11-15,604
2016-11-16,548
2016-11-17,555
2016-11-18,663
2016-11-19,562
2016-11-20,582
2016-11-21,564
2016-11-22,472
2016-11-23,469
2016-11-24,585
2016-11-25,491
2016-11-26,507
2016-11-27,682
2016-11-28,606
2016-11-29,698
2016-11-30,515
2016-12-01,468
2016-12-02,705
2016-12-03,465
2016-12-04,738
2016-12-05,771
2016-12-06,550
2016-12-07,480
2016-12-08,650
2016-12-09,553
2016-12-10,554
2016-12-11,759
2016-12-12,731
2016-12-13,562
2016-12-14,655
2016-12-15,510
2016-12-16,459
2016-12-17,503
2016-12-18,653
2016-12-19,910
2016-12-20,634
2016-12-21,517
2016-12-22,557
2016-12-23,538
2016-12-24,477
2016-12-25,575
2016-12-26,789
2016-12-27,636
2016-12-28,576
2016-12-29,574
2016-12-30,518
2016-12-31,587
2017-01-01,556
2017-01-02,896
2017-01-03,585
2017-01-04,523
2017-01-05,493
2017-01-06,528
2017-01-07,492
2017-01-08,556
2017-01-09,658
2017-01-10,502
2017-01-11,531
2017-01-12,514
2017-01-13,523
2017-01-14,568
2017-01-15,747
2017-01-16,598
2017-01-17,516
2017-01-18,569
2017-01-19,499
2017-01-20,532
2017-01-21,481
2017-01-22,555
2017-01-23,585
2017-01-24,732
2017-01-25,627
2017-01-26,571
2017-01-27,566
2017-01-28,648
2017-01-29,612
2017-01-30,758
2017-01-31,673
2017-02-01,462
2017-02-02,739
2017-02-03,646
2017-02-04,475
2017-02-05,510
2017-02-06,628
2017-02-07,781
2017-02-08,452
2017-02-09,495
2017-02-10,491
2017-02-11,494
2017-02-12,675
2017-02-13,608
2017-02-14,602
2017-02-15,663
2017-02-16,495
2017-02-17,625
2017-02-18,480
2017-02-19,540
2017-02-20,600
2017-02-21,584
2017-02-22,561
2017-02-23,573
2017-02-24,459
2017-02-25,518
2017-02-26,551
2017-02-27,883
2017-02-28,563
2017-03-01,470
2017-03-02,476
2017-03-03,482
2017-03-04,460
2017-03-05,627
2017-03-06,598
2017-03-07,551
2017-03-08,505
2017-03-09,494
2017-03-10,515
2017-03-11,566
2017-03-12,653
2017-03-13,1120
2017-03-14,672
2017-03-15,524
2017-03-16,502
2017-03-17,486
2017-03-18,598
2017-03-19,729
2017-03-20,743
2017-03-21,532
2017-03-22,529
2017-03-23,523
2017-03-24,529
2017-03-25,584
2017-03-26,576
2017-03-27,567
2017-03-28,569
2017-03-29,654
2017-03-30,516
2017-03-31,803
2017-04-01,564
2017-04-02,542
2017-04-03,616
2017-04-04,692
2017-04-05,508
2017-04-06,603
2017-04-07,521
2017-04-08,742
2017-04-09,959
2017-04-10,907
2017-04-11,522
2017-04-12,574
2017-04-13,630
2017-04-14,713
2017-04-15,537
2017-04-16,647
2017-04-17,978
2017-04-18,642
2017-04-19,485
2017-04-20,492
2017-04-21,583
2017-04-22,571
2017-04-23,648
2017-04-24,1010
2017-04-25,649
2017-04-26,463
2017-04-27,478
2017-04-28,509
2017-04-29,471
2017-04-30,591
2017-05-01,754
2017-05-02,687
2017-05-03,510
2017-05-04,475
2017-05-05,497
2017-05-06,499
2017-05-07,500
2017-05-08,656
2017-05-09,525
2017-05-10,503
2017-05-11,476
2017-05-12,460
2017-05-13,481
2017-05-14,540
2017-05-15,460
2017-05-16,559
2017-05-17,743
2017-05-18,497
2017-05-19,505
2017-05-20,606
2017-05-21,496
2017-05-22,483
2017-05-23,514
2017-05-24,469
2017-05-25,487
2017-05-26,492
2017-05-27,483
2017-05-28,647
2017-05-29,637
2017-05-30,499
2017-05-31,774
2017-06-01,576
2017-06-02,587
2017-06-03,709
2017-06-04,959
2017-06-05,789
2017-06-06,933
2017-06-07,741
2017-06-08,536
2017-06-09,581
2017-06-10,605
2017-06-11,652
2017-06-12,956
2017-06-13,676
2017-06-14,512
2017-06-15,544
2017-06-16,587
2017-06-17,712
2017-06-18,1071
2017-06-19,994
2017-06-20,717
2017-06-21,526
2017-06-22,524
2017-06-23,627
2017-06-24,794
2017-06-25,832
2017-06-26,909
2017-06-27,749
2017-06-28,528
2017-06-29,980
2017-06-30,690
2017-07-01,717
2017-07-02,882
2017-07-03,1202
2017-07-04,645
2017-07-05,628
2017-07-06,738
2017-07-07,867
2017-07-08,669
2017-07-09,866
2017-07-10,651
2017-07-11,877
2017-07-12,710
2017-07-13,814
2017-07-14,655
2017-07-15,731
2017-07-16,631
2017-07-17,976
2017-07-18,746
2017-07-19,802
2017-07-20,603
2017-07-21,966
2017-07-22,641
2017-07-23,969
2017-07-24,748
2017-07-25,917
2017-07-26,661
2017-07-27,730
2017-07-28,809
2017-07-29,580
2017-07-30,735
2017-07-31,746
2017-08-01,724
2017-08-02,1326
2017-08-03,909
2017-08-04,900
2017-08-05,971
2017-08-06,859
2017-08-07,664
2017-08-08,694
2017-08-09,752
2017-08-10,552
2017-08-11,545
2017-08-12,490
2017-08-13,860
2017-08-14,623
2017-08-15,561
2017-08-16,492
2017-08-17,464
2017-08-18,526
2017-08-19,497
2017-08-20,651
2017-08-21,771
2017-08-22,490
2017-08-23,465
2017-08-24,539
2017-08-25,467
2017-08-26,450
2017-08-27,500
2017-08-28,710
2017-08-29,794
2017-08-30,593
2017-08-31,881
2017-09-01,783
2017-09-02,946
2017-09-03,613
2017-09-04,796
2017-09-05,915
2017-09-06,593
2017-09-07,573
2017-09-08,620
2017-09-09,738
2017-09-10,727
2017-09-11,659
2017-09-12,812
2017-09-13,527
2017-09-14,601
2017-09-15,571
2017-09-16,556
2017-09-17,543
2017-09-18,544
2017-09-19,660
2017-09-20,601
2017-09-21,484
2017-09-22,635
2017-09-23,511
2017-09-24,609
2017-09-25,526
2017-09-26,537
2017-09-27,537
2017-09-28,550
2017-09-29,655
2017-09-30,652
2017-10-01,526
2017-10-02,657
2017-10-03,587
2017-10-04,795
2017-10-05,497
2017-10-06,484
2017-10-07,549
2017-10-08,847
2017-10-09,753
2017-10-10,531
2017-10-11,571
2017-10-12,500
2017-10-13,567
2017-10-14,462
2017-10-15,532
2017-10-16,778
2017-10-17,629
2017-10-18,587
2017-10-19,490
2017-10-20,541
2017-10-21,702
2017-10-22,557
2017-10-23,985
2017-10-24,556
2017-10-25,648
2017-10-26,750
2017-10-27,518
2017-10-28,457
2017-10-29,419
2017-10-30,497
2017-10-31,526
2017-11-01,665
2017-11-02,477
2017-11-03,494
2017-11-04,463
2017-11-05,479
2017-11-06,794
2017-11-07,579
2017-11-08,514
2017-11-09,516
2017-11-10,474
2017-11-11,476
2017-11-12,469
2017-11-13,464
2017-11-14,484
2017-11-15,505
2017-11-16,530
2017-11-17,584
2017-11-18,647
2017-11-19,647
2017-11-20,782
2017-11-21,701
2017-11-22,745
2017-11-23,635
2017-11-24,495
2017-11-25,716
2017-11-26,552
2017-11-27,516
2017-11-28,500
2017-11-29,466
2017-11-30,476
2017-12-01,487
2017-12-02,512
2017-12-03,592
2017-12-04,757
2017-12-05,528
2017-12-06,486
2017-12-07,467
2017-12-08,430
2017-12-09,455
2017-12-10,468
2017-12-11,596
2017-12-12,567
2017-12-13,493
2017-12-14,549
2017-12-15,451
2017-12-16,490
2017-12-17,569
2017-12-18,559
2017-12-19,561
2017-12-20,401
2017-12-21,401
2017-12-22,416
2017-12-23,456
2017-12-24,510
2017-12-25,694
2017-12-26,788
2017-12-27,787
2017-12-28,765
2017-12-29,709
2017-12-30,569
2017-12-31,639
2018-01-01,703
2018-01-02,1027
2018-01-03,770
2018-01-04,443
2018-01-05,445
2018-01-06,460
2018-01-07,523
2018-01-08,589
2018-01-09,549
2018-01-10,549
2018-01-11,569
2018-01-12,817
2018-01-13,855
2018-01-14,758
2018-01-15,972
2018-01-16,756
2018-01-17,685
2018-01-18,864
2018-01-19,766
2018-01-20,1237
2018-01-21,1243
2018-01-22,1366
2018-01-23,1187
2018-01-24,1133
2018-01-25,1111
2018-01-26,1024
2018-01-27,1016
2018-01-28,1298
2018-01-29,1214
2018-01-30,913
2018-01-31,1053
2018-02-01,876
2018-02-02,936
2018-02-03,1026
2018-02-04,1437
2018-02-05,2473
2018-02-06,2136
2018-02-07,1219
2018-02-08,1182
2018-02-09,1404
2018-02-10,1418
2018-02-11,1681
2018-02-12,1905
2018-02-13,1685
2018-02-14,1638
2018-02-15,1746
2018-02-16,1215
2018-02-17,1397
2018-02-18,1542
2018-02-19,1676
2018-02-20,1731
2018-02-21,1315
2018-02-22,1363
2018-02-23,1144
2018-02-24,1778
2018-02-25,2193
2018-02-26,1223
2018-02-27,1068
2018-02-28,1214
2018-03-01,1461
2018-03-02,1161
2018-03-03,1024
2018-03-04,1681
2018-03-05,1904
2018-03-06,1223
2018-03-07,1475
2018-03-08,1312
2018-03-09,1735
2018-03-10,1220
2018-03-11,2095
2018-03-12,1845
2018-03-13,1265
2018-03-14,1120
2018-03-15,623
2018-03-16,610
2018-03-17,681
2018-03-18,531
2018-03-19,1234
2018-03-20,622
2018-03-21,555
2018-03-22,548
2018-03-23,805
2018-03-24,781
2018-03-25,596
2018-03-26,792
2018-03-27,620
2018-03-28,822
2018-03-29,631
2018-03-30,595
2018-03-31,610
2018-04-01,691
2018-04-02,576
2018-04-03,534
2018-04-04,610
2018-04-05,613
2018-04-06,595
2018-04-07,958
2018-04-08,798
2018-04-09,533
2018-04-10,810
2018-04-11,881
2018-04-12,614
2018-04-13,720
2018-04-14,578
2018-04-15,1006
2018-04-16,1796
2018-04-17,901
2018-04-18,792
2018-04-19,566
2018-04-20,557
2018-04-21,573
2018-04-22,878
2018-04-23,616
2018-04-24,528
2018-04-25,932
2018-04-26,846
2018-04-27,668
2018-04-28,935
2018-04-29,701
2018-04-30,629
2018-05-01,581
2018-05-02,569
2018-05-03,633
2018-05-04,828
2018-05-05,721
2018-05-06,616
2018-05-07,664
2018-05-08,766
2018-05-09,641
2018-05-10,604
2018-05-11,568
2018-05-12,743
2018-05-13,707
2018-05-14,554
2018-05-15,603
2018-05-16,789
2018-05-17,523
2018-05-18,1177
2018-05-19,701
2018-05-20,529
2018-05-21,562
2018-05-22,737
2018-05-23,556
2018-05-24,712
2018-05-25,530
2018-05-26,642
2018-05-27,502
2018-05-28,562
2018-05-29,931
2018-05-30,628
2018-05-31,584
2018-06-01,729
2018-06-02,672
2018-06-03,614
2018-06-04,1074
2018-06-05,1685
2018-06-06,1162
2018-06-07,1283
2018-06-08,1462
2018-06-09,1070
2018-06-10,594
2018-06-11,552
2018-06-12,574
2018-06-13,1260
2018-06-14,964
2018-06-15,583
2018-06-16,751
2018-06-17,499
2018-06-18,537
2018-06-19,564
2018-06-20,1353
2018-06-21,1414
2018-06-22,547
2018-06-23,663
2018-06-24,610
2018-06-25,542
2018-06-26,1150
2018-06-27,1651
2018-06-28,1277
2018-06-29,681
2018-06-30,765
2018-07-01,1230
2018-07-02,821
2018-07-03,1077
2018-07-04,1017
2018-07-05,977
2018-07-06,710
2018-07-07,579
2018-07-08,555
2018-07-09,668
2018-07-10,1091
2018-07-11,1155
2018-07-12,1360
2018-07-13,1708
2018-07-14,1380
2018-07-15,1829
2018-07-16,1032
2018-07-17,595
2018-07-18,769
2018-07-19,1363
2018-07-20,599
2018-07-21,650
2018-07-22,581
2018-07-23,494
2018-07-24,944
2018-07-25,686
2018-07-26,1128
2018-07-27,669
2018-07-28,825
2018-07-29,660
2018-07-30,588
2018-07-31,559
2018-08-01,753
2018-08-02,919
2018-08-03,730
2018-08-04,723
2018-08-05,599
2018-08-06,564
2018-08-07,839
2018-08-08,946
2018-08-09,647
2018-08-10,602
2018-08-11,635
2018-08-12,554
2018-08-13,582
2018-08-14,683
2018-08-15,597
2018-08-16,553
2018-08-17,573
2018-08-18,573
2018-08-19,534
2018-08-20,576
2018-08-21,645
2018-08-22,630
2018-08-23,571
2018-08-24,570
2018-08-25,573
2018-08-26,546
2018-08-27,586
2018-08-28,623
2018-08-29,673
2018-08-30,673
2018-08-31,652
2018-09-01,547
2018-09-02,834
2018-09-03,515
2018-09-04,607
2018-09-05,567
2018-09-06,651
2018-09-07,556
2018-09-08,624
2018-09-09,523
2018-09-10,549
2018-09-11,646
2018-09-12,664
2018-09-13,520
2018-09-14,546
2018-09-15,1252
2018-09-16,587
2018-09-17,498
2018-09-18,539
2018-09-19,609
2018-09-20,517
2018-09-21,529
2018-09-22,615
2018-09-23,530
2018-09-24,541
2018-09-25,525
2018-09-26,538
2018-09-27,545
2018-09-28,527
2018-09-29,553
2018-09-30,497
2018-10-01,490
2018-10-02,588
2018-10-03,686
2018-10-04,525
2018-10-05,494
2018-10-06,560
2018-10-07,564
2018-10-08,648
2018-10-09,677
2018-10-10,581
2018-10-11,675
2018-10-12,693
2018-10-13,917
2018-10-14,659
2018-10-15,683
2018-10-16,671
2018-10-17,621
2018-10-18,765
2018-10-19,620
2018-10-20,724
2018-10-21,748
2018-10-22,616
2018-10-23,654
2018-10-24,648
2018-10-25,579
2018-10-26,640
2018-10-27,709
2018-10-28,602
2018-10-29,572
2018-10-30,576
2018-10-31,547
2018-11-01,551
2018-11-02,604
2018-11-03,638
2018-11-04,677
2018-11-05,697
2018-11-06,551
2018-11-07,511
2018-11-08,570
2018-11-09,614
2018-11-10,550
2018-11-11,660
2018-11-12,558
2018-11-13,551
2018-11-14,513
2018-11-15,540
2018-11-16,640
2018-11-17,573
2018-11-18,556
2018-11-19,526
2018-11-20,541
2018-11-21,640
2018-11-22,524
2018-11-23,697
2018-11-24,587
2018-11-25,662
2018-11-26,606
2018-11-27,556
2018-11-28,629
2018-11-29,600
2018-11-30,539
2018-12-01,509
2018-12-02,669
2018-12-03,544
2018-12-04,578
2018-12-05,642
2018-12-06,581
2018-12-07,578
2018-12-08,625
2018-12-09,585
2018-12-10,559
2018-12-11,668
2018-12-12,637
2018-12-13,585
2018-12-14,594
2018-12-15,623
2018-12-16,590
2018-12-17,555
2018-12-18,579
2018-12-19,556
2018-12-20,591
2018-12-21,676
2018-12-22,571
2018-12-23,609
2018-12-24,591
2018-12-25,563
2018-12-26,544
2018-12-27,564
2018-12-28,584
2018-12-29,552
2018-12-30,579
2018-12-31,564
2019-01-01,603
2019-01-02,561
2019-01-03,552
2019-01-04,609
2019-01-05,541
2019-01-06,544
2019-01-07,485
2019-01-08,538
2019-01-09,473
2019-01-10,462
2019-01-11,477
2019-01-12,485
2019-01-13,463
2019-01-14,426
2019-01-15,459
2019-01-16,484
2019-01-17,530
2019-01-18,499
2019-01-19,495
2019-01-20,479
2019-01-21,439
2019-01-22,463
2019-01-23,477
2019-01-24,548
2019-01-25,490
2019-01-26,490
2019-01-27,596
2019-01-28,456
2019-01-29,507
2019-01-30,457
2019-01-31,469
2019-02-01,450
2019-02-02,641
2019-02-03,449
2019-02-04,440
2019-02-05,457
2019-02-06,448
2019-02-07,552
2019-02-08,510
2019-02-09,503
2019-02-10,473
2019-02-11,430
2019-02-12,982
2019-02-13,1008
2019-02-14,547
2019-02-15,458
2019-02-16,502
2019-02-17,467
2019-02-18,434
2019-02-19,514
2019-02-20,492
2019-02-21,508
2019-02-22,487
2019-02-23,532
2019-02-24,443
2019-02-25,478
2019-02-26,489
2019-02-27,517
2019-02-28,467
2019-03-01,502
2019-03-02,500
2019-03-03,594
2019-03-04,422
2019-03-05,548
2019-03-06,591
2019-03-07,689
2019-03-08,602
2019-03-09,538
2019-03-10,610
2019-03-11,521
2019-03-12,645
2019-03-13,528
2019-03-14,606
2019-03-15,615
2019-03-16,543
2019-03-17,511
2019-03-18,491
2019-03-19,534
2019-03-20,547
2019-03-21,573
2019-03-22,523
2019-03-23,537
2019-03-24,515
2019-03-25,544
2019-03-26,503
2019-03-27,462
2019-03-28,498
2019-03-29,483
2019-03-30,581
2019-03-31,458
2019-04-01,444
2019-04-02,462
2019-04-03,505
2019-04-04,543
2019-04-05,489
2019-04-06,552
2019-04-07,546
2019-04-08,566
2019-04-09,635
2019-04-10,492
2019-04-11,475
2019-04-12,487
2019-04-13,503
2019-04-14,426
2019-04-15,471
2019-04-16,500
2019-04-17,615
2019-04-18,499
2019-04-19,506
2019-04-20,612
2019-04-21,692
2019-04-22,698
2019-04-23,458
2019-04-24,492
2019-04-25,522
2019-04-26,474
2019-04-27,548
2019-04-28,492
2019-04-29,429
2019-04-30,763
2019-05-01,659
2019-05-02,462
2019-05-03,475
2019-05-04,524
2019-05-05,463
2019-05-06,519
2019-05-07,509
2019-05-08,510
2019-05-09,500
2019-05-10,671
2019-05-11,518
2019-05-12,489
2019-05-13,748
2019-05-14,562
2019-05-15,555
2019-05-16,546
2019-05-17,522
2019-05-18,562
2019-05-19,622
2019-05-20,699
2019-05-21,531
2019-05-22,538
2019-05-23,538
2019-05-24,550
2019-05-25,534
2019-05-26,516
2019-05-27,464
2019-05-28,526
2019-05-29,594
2019-05-30,597
2019-05-31,584
2019-06-01,534
2019-06-02,630
2019-06-03,667
2019-06-04,527
2019-06-05,548
2019-06-06,691
2019-06-07,543
2019-06-08,679
2019-06-09,514
2019-06-10,469
2019-06-11,539
2019-06-12,560
2019-06-13,531
2019-06-14,544
2019-06-15,943
2019-06-16,670
2019-06-17,554
2019-06-18,520
2019-06-19,543
2019-06-20,566
2019-06-21,581
2019-06-22,524
2019-06-23,515
2019-06-24,638
2019-06-25,681
2019-06-26,526
2019-06-27,547
2019-06-28,508
2019-06-29,549
2019-06-30,731
2019-07-01,480
2019-07-02,604
2019-07-03,666
2019-07-04,617
2019-07-05,570
2019-07-06,575
2019-07-07,473
2019-07-08,506
2019-07-09,596
2019-07-10,519
2019-07-11,531
2019-07-12,532
2019-07-13,693
2019-07-14,591
2019-07-15,478
2019-07-16,495
2019-07-17,524
2019-07-18,487
2019-07-19,541
2019-07-20,570
2019-07-21,748
2019-07-22,504
2019-07-23,515
2019-07-24,559
2019-07-25,820
2019-07-26,562
2019-07-27,540
2019-07-28,471
2019-07-29,466
2019-07-30,513
2019-07-31,601
2019-08-01,490
2019-08-02,519
2019-08-03,588
2019-08-04,458
2019-08-05,473
2019-08-06,549
2019-08-07,516
2019-08-08,578
2019-08-09,568
2019-08-10,660
2019-08-11,490
2019-08-12,452
2019-08-13,475
2019-08-14,591
2019-08-15,496
2019-08-16,488
2019-08-17,487
2019-08-18,452
2019-08-19,441
2019-08-20,469
2019-08-21,523
2019-08-22,553
2019-08-23,592
2019-08-24,525
2019-08-25,585
2019-08-26,446
2019-08-27,559
2019-08-28,499
2019-08-29,474
2019-08-30,498
2019-08-31,480
2019-09-01,438
2019-09-02,462
2019-09-03,504
2019-09-04,515
2019-09-05,628
2019-09-06,580
2019-09-07,499
2019-09-08,442
2019-09-09,444
2019-09-10,549
2019-09-11,550
2019-09-12,595
2019-09-13,493
2019-09-14,611
2019-09-15,478
2019-09-16,573
2019-09-17,537
2019-09-18,548
2019-09-19,640
2019-09-20,551
2019-09-21,480
2019-09-22,459
2019-09-23,459
2019-09-24,516
2019-09-25,547
2019-09-26,518
2019-09-27,480
2019-09-28,506
2019-09-29,445
2019-09-30,436
2019-10-01,555
2019-10-02,486
2019-10-03,457
2019-10-04,514
2019-10-05,526
2019-10-06,470
2019-10-07,447
2019-10-08,477
2019-10-09,475
2019-10-10,467
2019-10-11,464
2019-10-12,463
2019-10-13,429
2019-10-14,423
2019-10-15,477
2019-10-16,466
2019-10-17,490
2019-10-18,528
2019-10-19,446
2019-10-20,509
2019-10-21,428
2019-10-22,477
2019-10-23,523
2019-10-24,488
2019-10-25,478
2019-10-26,516
2019-10-27,724
2019-10-28,577
2019-10-29,586
2019-10-30,577
2019-10-31,480
2019-11-01,501
2019-11-02,556
2019-11-03,476
2019-11-04,462
2019-11-05,562
2019-11-06,510
2019-11-07,782
2019-11-08,515
2019-11-09,499
2019-11-10,631
2019-11-11,516
2019-11-12,480
2019-11-13,468
2019-11-14,500
2019-11-15,558
2019-11-16,706
2019-11-17,1060
2019-11-18,1128
2019-11-19,467
2019-11-20,604
2019-11-21,479
2019-11-22,538
2019-11-23,568
2019-11-24,479
2019-11-25,433
2019-11-26,496
2019-11-27,502
2019-11-28,638
2019-11-29,461
2019-11-30,478
2019-12-01,487
2019-12-02,451
2019-12-03,474
2019-12-04,458
2019-12-05,470
2019-12-06,503
2019-12-07,511
2019-12-08,470
2019-12-09,440
2019-12-10,554
2019-12-11,557
2019-12-12,619
2019-12-13,479
2019-12-14,477
2019-12-15,527
2019-12-16,817
2019-12-17,510
2019-12-18,972
2019-12-19,563
2019-12-20,579
2019-12-21,494
2019-12-22,435
2019-12-23,444
2019-12-24,516
2019-12-25,521
2019-12-26,466
2019-12-27,540
2019-12-28,479
2019-12-29,446
2019-12-30,441
2019-12-31,502
2020-01-01,527
2020-01-02,439
2020-01-03,488
2020-01-04,493
2020-01-05,491
2020-01-06,455
2020-01-07,539
2020-01-08,480
2020-01-09,486
2020-01-10,530
2020-01-11,594
2020-01-12,459
2020-01-13,446
2020-01-14,510
2020-01-15,564
2020-01-16,527
2020-01-17,498
2020-01-18,483
2020-01-19,449
2020-01-20,480
2020-01-21,494
2020-01-22,542
2020-01-23,530
2020-01-24,523
2020-01-25,568
2020-01-26,581
2020-01-27,443
2020-01-28,508
2020-01-29,534
2020-01-30,480
2020-01-31,488
2020-02-01,500
2020-02-02,581
2020-02-03,566
2020-02-04,656
2020-02-05,601
2020-02-06,473
2020-02-07,529
2020-02-08,912
2020-02-09,548
2020-02-10,470
2020-02-11,638
2020-02-12,762
2020-02-13,480
2020-02-14,586
2020-02-15,461
2020-02-16,508
2020-02-17,474
2020-02-18,511
2020-02-19,721
2020-02-20,488
2020-02-21,555
2020-02-22,560
2020-02-23,473
2020-02-24,456
2020-02-25,538
2020-02-26,472
2020-02-27,494
2020-02-28,500
2020-02-29,485
2020-03-01,531
2020-03-02,519
2020-03-03,513
2020-03-04,626
2020-03-05,1067
2020-03-06,476
2020-03-07,514
2020-03-08,463
2020-03-09,461
2020-03-10,515
2020-03-11,605
2020-03-12,615
2020-03-13,562
2020-03-14,649
2020-03-15,705
2020-03-16,638
2020-03-17,556
2020-03-18,618
2020-03-19,529
2020-03-20,563
2020-03-21,504
2020-03-22,597
2020-03-23,535
2020-03-24,564
2020-03-25,602
2020-03-26,480
2020-03-27,950
2020-03-28,802
2020-03-29,515
2020-03-30,516
2020-03-31,646
2020-04-01,653
2020-04-02,807
2020-04-03,730
2020-04-04,654
2020-04-05,1191
2020-04-06,657
2020-04-07,573
2020-04-08,1031
2020-04-09,809
2020-04-10,778
2020-04-11,512
2020-04-12,507
2020-04-13,571
2020-04-14,654
2020-04-15,864
2020-04-16,950
2020-04-17,654
2020-04-18,751
2020-04-19,1000
2020-04-20,732
2020-04-21,643
2020-04-22,529
2020-04-23,494
2020-04-24,662
2020-04-25,736
2020-04-26,882
2020-04-27,768
2020-04-28,603
2020-04-29,875
2020-04-30,597
2020-05-01,570
2020-05-02,782
2020-05-03,1075
2020-05-04,1525
2020-05-05,613
2020-05-06,689
2020-05-07,699
2020-05-08,598
2020-05-09,571
2020-05-10,662
2020-05-11,1181
2020-05-12,940
2020-05-13,678
2020-05-14,641
2020-05-15,732
2020-05-16,527
2020-05-17,560
2020-05-18,774
2020-05-19,748
2020-05-20,602
2020-05-21,635
2020-05-22,619
2020-05-23,554
2020-05-24,634
2020-05-25,1735
2020-05-26,894
2020-05-27,787
2020-05-28,907
2020-05-29,749
2020-05-30,800
2020-05-31,1120
2020-06-01,671
2020-06-02,731
2020-06-03,548
2020-06-04,646
2020-06-05,719
2020-06-06,677
2020-06-07,631
2020-06-08,587
2020-06-09,799
2020-06-10,640
2020-06-11,606
2020-06-12,1552
2020-06-13,1224
2020-06-14,747
2020-06-15,535
2020-06-16,558
2020-06-17,694
2020-06-18,602
2020-06-19,610
2020-06-20,607
2020-06-21,552
2020-06-22,631
2020-06-23,546
2020-06-24,697
2020-06-25,724
2020-06-26,712
2020-06-27,735
2020-06-28,613
2020-06-29,552
2020-06-30,672
2020-07-01,734
2020-07-02,616
2020-07-03,583
2020-07-04,905
2020-07-05,614
2020-07-06,673
2020-07-07,612
2020-07-08,547
2020-07-09,589
2020-07-10,686
2020-07-11,638
2020-07-12,595
2020-07-13,550
2020-07-14,624
2020-07-15,538
2020-07-16,694
2020-07-17,519
2020-07-18,595
2020-07-19,565
2020-07-20,920
2020-07-21,882
2020-07-22,538
2020-07-23,516
2020-07-24,599
2020-07-25,702
2020-07-26,1049
2020-07-27,1063
2020-07-28,713
2020-07-29,556
2020-07-30,572
2020-07-31,585
2020-08-01,611
2020-08-02,1226
2020-08-03,1006
2020-08-04,920
2020-08-05,670
2020-08-06,638
2020-08-07,586
2020-08-08,796
2020-08-09,1188
2020-08-10,1349
2020-08-11,601
2020-08-12,612
2020-08-13,829
2020-08-14,577
2020-08-15,671
2020-08-16,917
2020-08-17,763
2020-08-18,617
2020-08-19,520
2020-08-20,649
2020-08-21,709
2020-08-22,1085
2020-08-23,846
2020-08-24,1024
2020-08-25,558
2020-08-26,634
2020-08-27,601
2020-08-28,521
2020-08-29,776
2020-08-30,1044
2020-08-31,793
2020-09-01,733
2020-09-02,552
2020-09-03,736
2020-09-04,562
2020-09-05,609
2020-09-06,584
2020-09-07,1617
2020-09-08,875
2020-09-09,666
2020-09-10,641
2020-09-11,797
2020-09-12,671
2020-09-13,681
2020-09-14,642
2020-09-15,639
2020-09-16,655
2020-09-17,697
2020-09-18,862
2020-09-19,691
2020-09-20,734
2020-09-21,707
2020-09-22,731
2020-09-23,560
2020-09-24,542
2020-09-25,712
2020-09-26,833
2020-09-27,1330
2020-09-28,643
2020-09-29,604
2020-09-30,537
2020-10-01,674
2020-10-02,562
2020-10-03,689
2020-10-04,1047
2020-10-05,1088
2020-10-06,630
2020-10-07,558
2020-10-08,543
2020-10-09,690
2020-10-10,602
2020-10-11,871
2020-10-12,701
2020-10-13,615
2020-10-14,972
2020-10-15,601
2020-10-16,629
2020-10-17,718
2020-10-18,714
2020-10-19,656
2020-10-20,550
2020-10-21,584
2020-10-22,574
2020-10-23,538
2020-10-24,554
2020-10-25,790
2020-10-26,854
2020-10-27,805
2020-10-28,559
2020-10-29,505
2020-10-30,525
2020-10-31,551
2020-11-01,547
2020-11-02,597
2020-11-03,581
2020-11-04,591
2020-11-05,891
2020-11-06,643
2020-11-07,629
2020-11-08,1029
2020-11-09,1212
2020-11-10,1520
2020-11-11,622
2020-11-12,663
2020-11-13,832
2020-11-14,629
2020-11-15,938
2020-11-16,1134
2020-11-17,1052
2020-11-18,687
2020-11-19,666
2020-11-20,636
2020-11-21,772
2020-11-22,901
2020-11-23,632
2020-11-24,787
2020-11-25,557
2020-11-26,553
2020-11-27,722