Date,Transaction Value
2009-01-10,0
2009-01-11,0
2009-01-12,0
2009-01-13,0
2009-01-14,0
2009-01-15,0
2009-01-16,0
2009-01-17,0
2009-01-18,0
2009-01-19,0
2009-01-20,0
2009-01-21,0
2009-01-22,0
2009-01-23,0
2009-01-24,0
2009-01-25,0
2009-01-26,0
2009-01-27,0
2009-01-28,0
2009-01-29,0
2009-01-30,0
2009-01-31,0
2009-02-01,0
2009-02-02,0
2009-02-03,0
2009-02-04,0
2009-02-05,0
2009-02-06,0
2009-02-07,0
2009-02-08,0
2009-02-09,0
2009-02-10,0
2009-02-11,0
2009-02-12,0
2009-02-13,0
2009-02-14,0
2009-02-15,0
2009-02-16,0
2009-02-17,0
2009-02-18,0
2009-02-19,0
2009-02-20,0
2009-02-21,0
2009-02-22,0
2009-02-23,0
2009-02-24,0
2009-02-25,0
2009-02-26,0
2009-02-27,0
2009-02-28,0
2009-03-01,0
2009-03-02,0
2009-03-03,0
2009-03-04,0
2009-03-05,0
2009-03-06,0
2009-03-07,0
2009-03-08,0
2009-03-09,0
2009-03-10,0
2009-03-11,0
2009-03-12,0
2009-03-13,0
2009-03-14,0
2009-03-15,0
2009-03-16,0
2009-03-17,0
2009-03-18,0
2009-03-19,0
2009-03-20,0
2009-03-21,0
2009-03-22,0
2009-03-23,0
2009-03-24,0
2009-03-25,0
2009-03-26,0
2009-03-27,0
2009-03-28,0
2009-03-29,0
2009-03-30,0
2009-03-31,0
2009-04-01,0
2009-04-02,0
2009-04-03,0
2009-04-04,0
2009-04-05,0
2009-04-06,0
2009-04-07,0
2009-04-08,0
2009-04-09,0
2009-04-10,0
2009-04-11,0
2009-04-12,0
2009-04-13,0
2009-04-14,0
2009-04-15,0
2009-04-16,0
2009-04-17,0
2009-04-18,0
2009-04-19,0
2009-04-20,0
2009-04-21,0
2009-04-22,0
2009-04-23,0
2009-04-24,0
2009-04-25,0
2009-04-26,0
2009-04-27,0
2009-04-28,0
2009-04-29,0
2009-04-30,0
2009-05-01,0
2009-05-02,0
2009-05-03,0
2009-05-04,0
2009-05-05,0
2009-05-06,0
2009-05-07,0
2009-05-08,0
2009-05-09,0
2009-05-10,0
2009-05-11,0
2009-05-12,0
2009-05-13,0
2009-05-14,0
2009-05-15,0
2009-05-16,0
2009-05-17,0
2009-05-18,0
2009-05-19,0
2009-05-20,0
2009-05-21,0
2009-05-22,0
2009-05-23,0
2009-05-24,0
2009-05-25,0
2009-05-26,0
2009-05-27,0
2009-05-28,0
2009-05-29,0
2009-05-30,0
2009-05-31,0
2009-06-01,0
2009-06-02,0
2009-06-03,0
2009-06-04,0
2009-06-05,0
2009-06-06,0
2009-06-07,0
2009-06-08,0
2009-06-09,0
2009-06-10,0
2009-06-11,0
2009-06-12,0
2009-06-13,0
2009-06-14,0
2009-06-15,0
2009-06-16,0
2009-06-17,0
2009-06-18,0
2009-06-19,0
2009-06-20,0
2009-06-21,0
2009-06-22,0
2009-06-23,0
2009-06-24,0
2009-06-25,0
2009-06-26,0
2009-06-27,0
2009-06-28,0
2009-06-29,0
2009-06-30,0
2009-07-01,0
2009-07-02,0
2009-07-03,0
2009-07-04,0
2009-07-05,0
2009-07-06,0
2009-07-07,0
2009-07-08,0
2009-07-09,0
2009-07-10,0
2009-07-11,0
2009-07-12,0
2009-07-13,0
2009-07-14,0
2009-07-15,0
2009-07-16,0
2009-07-17,0
2009-07-18,0
2009-07-19,0
2009-07-20,0
2009-07-21,0
2009-07-22,0
2009-07-23,0
2009-07-24,0
2009-07-25,0
2009-07-26,0
2009-07-27,0
2009-07-28,0
2009-07-29,0
2009-07-30,0
2009-07-31,0
2009-08-01,0
2009-08-02,0
2009-08-03,0
2009-08-04,0
2009-08-05,0
2009-08-06,0
2009-08-07,0
2009-08-08,0
2009-08-09,0
2009-08-10,0
2009-08-11,0
2009-08-12,0
2009-08-13,0
2009-08-14,0
2009-08-15,0
2009-08-16,0
2009-08-17,0
2009-08-18,0
2009-08-19,0
2009-08-20,0
2009-08-21,0
2009-08-22,0
2009-08-23,0
2009-08-24,0
2009-08-25,0
2009-08-26,0
2009-08-27,0
2009-08-28,0
2009-08-29,0
2009-08-30,0
2009-08-31,0
2009-09-01,0
2009-09-02,0
2009-09-03,0
2009-09-04,0
2009-09-05,0
2009-09-06,0
2009-09-07,0
2009-09-08,0
2009-09-09,0
2009-09-10,0
2009-09-11,0
2009-09-12,0
2009-09-13,0
2009-09-14,0
2009-09-15,0
2009-09-16,0
2009-09-17,0
2009-09-18,0
2009-09-19,0
2009-09-20,0
2009-09-21,0
2009-09-22,0
2009-09-23,0
2009-09-24,0
2009-09-25,0
2009-09-26,0
2009-09-27,0
2009-09-28,0
2009-09-29,0
2009-09-30,0
2009-10-01,0
2009-10-02,0
2009-10-03,0
2009-10-04,0
2009-10-05,0
2009-10-06,0
2009-10-07,0
2009-10-08,0
2009-10-09,0
2009-10-10,0
2009-10-11,0
2009-10-12,0
2009-10-13,0
2009-10-14,0
2009-10-15,0
2009-10-16,0
2009-10-17,0
2009-10-18,0
2009-10-19,0
2009-10-20,0
2009-10-21,0
2009-10-22,0
2009-10-23,0
2009-10-24,0
2009-10-25,0
2009-10-26,0
2009-10-27,0
2009-10-28,0
2009-10-29,0
2009-10-30,0
2009-10-31,0
2009-11-01,0
2009-11-02,0
2009-11-03,0
2009-11-04,0
2009-11-05,0
2009-11-06,0
2009-11-07,0
2009-11-08,0
2009-11-09,0
2009-11-10,0
2009-11-11,0
2009-11-12,0
2009-11-13,0
2009-11-14,0
2009-11-15,0
2009-11-16,0
2009-11-17,0
2009-11-18,0
2009-11-19,0
2009-11-20,0
2009-11-21,0
2009-11-22,0
2009-11-23,0
2009-11-24,0
2009-11-25,0
2009-11-26,0
2009-11-27,0
2009-11-28,0
2009-11-29,0
2009-11-30,0
2009-12-01,0
2009-12-02,0
2009-12-03,0
2009-12-04,0
2009-12-05,0
2009-12-06,0
2009-12-07,0
2009-12-08,0
2009-12-09,0
2009-12-10,0
2009-12-11,0
2009-12-12,0
2009-12-13,0
2009-12-14,0
2009-12-15,0
2009-12-16,0
2009-12-17,0
2009-12-18,0
2009-12-19,0
2009-12-20,0
2009-12-21,0
2009-12-22,0
2009-12-23,0
2009-12-24,0
2009-12-25,0
2009-12-26,0
2009-12-27,0
2009-12-28,0
2009-12-29,0
2009-12-30,0
2009-12-31,0
2010-01-01,0
2010-01-02,0
2010-01-03,0
2010-01-04,0
2010-01-05,0
2010-01-06,0
2010-01-07,0
2010-01-08,0
2010-01-09,0
2010-01-10,0
2010-01-11,0
2010-01-12,0
2010-01-13,0
2010-01-14,0
2010-01-15,0
2010-01-16,0
2010-01-17,0
2010-01-18,0
2010-01-19,0
2010-01-20,0
2010-01-21,0
2010-01-22,0
2010-01-23,0
2010-01-24,0
2010-01-25,0
2010-01-26,0
2010-01-27,0
2010-01-28,0
2010-01-29,0
2010-01-30,0
2010-01-31,0
2010-02-01,0
2010-02-02,0
2010-02-03,0
2010-02-04,0
2010-02-05,0
2010-02-06,0
2010-02-07,0
2010-02-08,0
2010-02-09,0
2010-02-10,0
2010-02-11,0
2010-02-12,0
2010-02-13,0
2010-02-14,0
2010-02-15,0
2010-02-16,0
2010-02-17,0
2010-02-18,0
2010-02-19,0
2010-02-20,0
2010-02-21,0
2010-02-22,0
2010-02-23,0
2010-02-24,0
2010-02-25,0
2010-02-26,0
2010-02-27,0
2010-02-28,0
2010-03-01,0
2010-03-02,0
2010-03-03,0
2010-03-04,0
2010-03-05,0
2010-03-06,0
2010-03-07,0
2010-03-08,0
2010-03-09,0
2010-03-10,0
2010-03-11,0
2010-03-12,0
2010-03-13,0
2010-03-14,0
2010-03-15,0
2010-03-16,0
2010-03-17,0
2010-03-18,0
2010-03-19,0
2010-03-20,0
2010-03-21,0
2010-03-22,0
2010-03-23,0
2010-03-24,0
2010-03-25,0
2010-03-26,0
2010-03-27,0
2010-03-28,0
2010-03-29,0
2010-03-30,0
2010-03-31,0
2010-04-01,0
2010-04-02,0
2010-04-03,0
2010-04-04,0
2010-04-05,0
2010-04-06,0
2010-04-07,0
2010-04-08,0
2010-04-09,0
2010-04-10,0
2010-04-11,0
2010-04-12,0
2010-04-13,0
2010-04-14,0
2010-04-15,0
2010-04-16,0
2010-04-17,0
2010-04-18,0
2010-04-19,0
2010-04-20,0
2010-04-21,0
2010-04-22,0
2010-04-23,0
2010-04-24,0
2010-04-25,0
2010-04-26,0
2010-04-27,0
2010-04-28,0
2010-04-29,0
2010-04-30,0
2010-05-01,0
2010-05-02,0
2010-05-03,0
2010-05-04,0
2010-05-05,0
2010-05-06,0
2010-05-07,0
2010-05-08,0
2010-05-09,0
2010-05-10,0
2010-05-11,0
2010-05-12,0
2010-05-13,0
2010-05-14,0
2010-05-15,0
2010-05-16,0
2010-05-17,0
2010-05-18,0
2010-05-19,0
2010-05-20,0
2010-05-21,0
2010-05-22,0
2010-05-23,0
2010-05-24,0
2010-05-25,0
2010-05-26,0
2010-05-27,0
2010-05-28,0
2010-05-29,0
2010-05-30,0
2010-05-31,0
2010-06-01,0
2010-06-02,0
2010-06-03,0
2010-06-04,0
2010-06-05,0
2010-06-06,0
2010-06-07,0
2010-06-08,0
2010-06-09,0
2010-06-10,0
2010-06-11,0
2010-06-12,0
2010-06-13,0
2010-06-14,0
2010-06-15,0
2010-06-16,0
2010-06-17,0
2010-06-18,0
2010-06-19,0
2010-06-20,0
2010-06-21,0
2010-06-22,0
2010-06-23,0
2010-06-24,0
2010-06-25,0
2010-06-26,0
2010-06-27,0
2010-06-28,0
2010-06-29,0
2010-06-30,0
2010-07-01,0
2010-07-02,0
2010-07-03,0
2010-07-04,0
2010-07-05,0
2010-07-06,0
2010-07-07,0
2010-07-08,0
2010-07-09,0
2010-07-10,0
2010-07-11,0
2010-07-12,0
2010-07-13,0
2010-07-14,0
2010-07-15,0
2010-07-16,0
2010-07-17,0
2010-07-18,2.69
2010-07-19,3.15
2010-07-20,6.18
2010-07-21,3.79
2010-07-22,4.22
2010-07-23,9.42
2010-07-24,3.56
2010-07-25,9.31
2010-07-26,4.07
2010-07-27,5.83
2010-07-28,5.11
2010-07-29,2.69
2010-07-30,3.76
2010-07-31,3.28
2010-08-01,3.18
2010-08-02,15.85
2010-08-03,14.37
2010-08-04,5.28
2010-08-05,3.29
2010-08-06,5.19
2010-08-07,2.7
2010-08-08,4.9
2010-08-09,1.47
2010-08-10,9.73
2010-08-11,6.03
2010-08-12,7.45
2010-08-13,2.63
2010-08-14,4.51
2010-08-15,2.67
2010-08-16,3.71
2010-08-17,9.68
2010-08-18,8.8
2010-08-19,8.59
2010-08-20,5.42
2010-08-21,3.18
2010-08-22,7.33
2010-08-23,3.56
2010-08-24,4.17
2010-08-25,3.19
2010-08-26,2.66
2010-08-27,2.59
2010-08-28,8.38
2010-08-29,2.94
2010-08-30,1.96
2010-08-31,3.04
2010-09-01,3.92
2010-09-02,4.44
2010-09-03,5.51
2010-09-04,6.51
2010-09-05,6.06
2010-09-06,42.43
2010-09-07,10.9
2010-09-08,3.05
2010-09-09,3.16
2010-09-10,6.19
2010-09-11,2.34
2010-09-12,1.76
2010-09-13,4.04
2010-09-14,16.52
2010-09-15,4.02
2010-09-16,5.87
2010-09-17,4.39
2010-09-18,6.44
2010-09-19,7.23
2010-09-20,7.18
2010-09-21,5.77
2010-09-22,1.9
2010-09-23,6.32
2010-09-24,17.85
2010-09-25,2.8
2010-09-26,3.84
2010-09-27,4.62
2010-09-28,6.66
2010-09-29,7.84
2010-09-30,6.51
2010-10-01,10.39
2010-10-02,2.39
2010-10-03,86.8
2010-10-04,8.9
2010-10-05,47.2
2010-10-06,21.91
2010-10-07,20.34
2010-10-08,25.76
2010-10-09,30.63
2010-10-10,60.76
2010-10-11,34.29
2010-10-12,28.56
2010-10-13,13.8
2010-10-14,30.47
2010-10-15,37.16
2010-10-16,60.09
2010-10-17,36.15
2010-10-18,19.21
2010-10-19,39.09
2010-10-20,35.49
2010-10-21,30.99
2010-10-22,59.35
2010-10-23,28.91
2010-10-24,11.07
2010-10-25,17
2010-10-26,60.32
2010-10-27,58.48
2010-10-28,73.09
2010-10-29,65.84
2010-10-30,35.27
2010-10-31,24.37
2010-11-01,32.73
2010-11-02,30.3
2010-11-03,40.01
2010-11-04,28.1
2010-11-05,59.55
2010-11-06,23.86
2010-11-07,113.31
2010-11-08,53.71
2010-11-09,262.71
2010-11-10,26.64
2010-11-11,29.93
2010-11-12,26.83
2010-11-13,31.42
2010-11-14,23.99
2010-11-15,19.01
2010-11-16,11.74
2010-11-17,27.92
2010-11-18,30.08
2010-11-19,29.5
2010-11-20,10.24
2010-11-21,24.01
2010-11-22,31.24
2010-11-23,22.79
2010-11-24,25.67
2010-11-25,21.2
2010-11-26,9.76
2010-11-27,23.4
2010-11-28,14.14
2010-11-29,16.37
2010-11-30,17.68
2010-12-01,26.24
2010-12-02,28.57
2010-12-03,30.92
2010-12-04,14.83
2010-12-05,31.68
2010-12-06,11.01
2010-12-07,48.93
2010-12-08,42.13
2010-12-09,11.48
2010-12-10,22.81
2010-12-11,16.3
2010-12-12,27.36
2010-12-13,17.34
2010-12-14,89.93
2010-12-15,46.07
2010-12-16,43.45
2010-12-17,45.97
2010-12-18,31.23
2010-12-19,51.78
2010-12-20,51.88
2010-12-21,38.79
2010-12-22,35.81
2010-12-23,32.99
2010-12-24,32.55
2010-12-25,53.07
2010-12-26,41.39
2010-12-27,31.76
2010-12-28,50.06
2010-12-29,28.04
2010-12-30,67.96
2010-12-31,38.41
2011-01-01,29.4
2011-01-02,28.26
2011-01-03,22.4
2011-01-04,22.21
2011-01-05,16.6
2011-01-06,37.07
2011-01-07,15.57
2011-01-08,23.4
2011-01-09,30.98
2011-01-10,17.11
2011-01-11,35.56
2011-01-12,46.14
2011-01-13,39.31
2011-01-14,39.31
2011-01-15,38.32
2011-01-16,28.38
2011-01-17,28
2011-01-18,18.09
2011-01-19,60.03
2011-01-20,16.37
2011-01-21,30.35
2011-01-22,20.64
2011-01-23,24.11
2011-01-24,36.68
2011-01-25,21.99
2011-01-26,23.82
2011-01-27,512.93
2011-01-28,309.47
2011-01-29,18.46
2011-01-30,14.71
2011-01-31,57.71
2011-02-01,76.45
2011-02-02,110.5
2011-02-03,96.83
2011-02-04,67.76
2011-02-05,62.85
2011-02-06,79.71
2011-02-07,121.42
2011-02-08,370.94
2011-02-09,53.63
2011-02-10,101.47
2011-02-11,120.21
2011-02-12,134.6
2011-02-13,84.05
2011-02-14,75.07
2011-02-15,96.25
2011-02-16,41.28
2011-02-17,34.31
2011-02-18,50.22
2011-02-19,60.89
2011-02-20,148.21
2011-02-21,119.52
2011-02-22,111.35
2011-02-23,167.82
2011-02-24,136.94
2011-02-25,112.18
2011-02-26,84.64
2011-02-27,85.34
2011-02-28,83.02
2011-03-01,66.78
2011-03-02,473.45
2011-03-03,1311.5
2011-03-04,129.3
2011-03-05,112.11
2011-03-06,54.13
2011-03-07,174.88
2011-03-08,83.31
2011-03-09,64.3
2011-03-10,109.79
2011-03-11,214.33
2011-03-12,99.75
2011-03-13,77.15
2011-03-14,117.26
2011-03-15,102.97
2011-03-16,66.16
2011-03-17,71.88
2011-03-18,61.46
2011-03-19,73.31
2011-03-20,46.13
2011-03-21,41.15
2011-03-22,39.19
2011-03-23,68.5
2011-03-24,52.96
2011-03-25,100.25
2011-03-26,97.3
2011-03-27,127.54
2011-03-28,63.07
2011-03-29,51.25
2011-03-30,47.7
2011-03-31,62.34
2011-04-01,51.93
2011-04-02,39.58
2011-04-03,46.13
2011-04-04,36.99
2011-04-05,47.94
2011-04-06,47.24
2011-04-07,29.68
2011-04-08,49.32
2011-04-09,48.04
2011-04-10,56
2011-04-11,39.53
2011-04-12,38.53
2011-04-13,55.16
2011-04-14,79.61
2011-04-15,67.67
2011-04-16,64.75
2011-04-17,188.97
2011-04-18,694.7
2011-04-19,82.49
2011-04-20,1596.86
2011-04-21,617.41
2011-04-22,206.93
2011-04-23,163.27
2011-04-24,120.11
2011-04-25,83.51
2011-04-26,59.45
2011-04-27,118.91
2011-04-28,133.33
2011-04-29,123.42
2011-04-30,422.88
2011-05-01,339.58
2011-05-02,154.2
2011-05-03,137.01
2011-05-04,242.44
2011-05-05,339.03
2011-05-06,170.95
2011-05-07,316.24
2011-05-08,265.73
2011-05-09,540
2011-05-10,155.01
2011-05-11,1022.41
2011-05-12,261.04
2011-05-13,834.53
2011-05-14,554.98
2011-05-15,5199.52
2011-05-16,441.82
2011-05-17,365.7
2011-05-18,514.17
2011-05-19,201.57
2011-05-20,269.15
2011-05-21,399.41
2011-05-22,1207.09
2011-05-23,910.47
2011-05-24,595.98
2011-05-25,419.36
2011-05-26,505.42
2011-05-27,517.23
2011-05-28,690.31
2011-05-29,409.05
2011-05-30,491.98
2011-05-31,490.39
2011-06-01,457.35
2011-06-02,403.15
2011-06-03,508.22
2011-06-04,1050.6
2011-06-05,1032.95
2011-06-06,1126.9
2011-06-07,1493.59
2011-06-08,1458.55
2011-06-09,1892.14
2011-06-10,2035.96
2011-06-11,1860.1
2011-06-12,2282.69
2011-06-13,2542.14
2011-06-14,2577.63
2011-06-15,2882.09
2011-06-16,7237.13
2011-06-17,14938.34
2011-06-18,2135.33
2011-06-19,1890.85
2011-06-20,6175.32
2011-06-21,2523.53
2011-06-22,6275.07
2011-06-23,2160.15
2011-06-24,2951.76
2011-06-25,9280.06
2011-06-26,15139.3
2011-06-27,6778.46
2011-06-28,2930.82
2011-06-29,10993.21
2011-06-30,2754.37
2011-07-01,2138.29
2011-07-02,1761.43
2011-07-03,1792.09
2011-07-04,804.84
2011-07-05,1411.46
2011-07-06,498.21
2011-07-07,801.81
2011-07-08,763.87
2011-07-09,498.31
2011-07-10,2161.15
2011-07-11,2200.51
2011-07-12,1300.5
2011-07-13,1973.35
2011-07-14,1701.19
2011-07-15,1588.21
2011-07-16,751.36
2011-07-17,1150.09
2011-07-18,586.11
2011-07-19,3195.16
2011-07-20,1854.43
2011-07-21,716.48
2011-07-22,2149.25
2011-07-23,1991.07
2011-07-24,723.11
2011-07-25,806.76
2011-07-26,1852.93
2011-07-27,1553.87
2011-07-28,2264.3
2011-07-29,4634.11
2011-07-30,1165.58
2011-07-31,754.59
2011-08-01,810.03
2011-08-02,738.15
2011-08-03,511.09
2011-08-04,556.94
2011-08-05,422.28
2011-08-06,905.63
2011-08-07,390.08
2011-08-08,373.12
2011-08-09,1282.84
2011-08-10,1910.68
2011-08-11,1245.5
2011-08-12,648.18
2011-08-13,380.34
2011-08-14,486.1
2011-08-15,455.92
2011-08-16,552.39
2011-08-17,374.92
2011-08-18,861.99
2011-08-19,509.31
2011-08-20,811.35
2011-08-21,334.18
2011-08-22,308.26
2011-08-23,352.95
2011-08-24,1027.19
2011-08-25,590.99
2011-08-26,553.15
2011-08-27,295.66
2011-08-28,2072.96
2011-08-29,253.08
2011-08-30,244.59
2011-08-31,255.1
2011-09-01,256.37
2011-09-02,300.5
2011-09-03,298.54
2011-09-04,308.08
2011-09-05,1908.04
2011-09-06,2207.74
2011-09-07,2449.73
2011-09-08,677.82
2011-09-09,416.24
2011-09-10,269.23
2011-09-11,212.55
2011-09-12,818.56
2011-09-13,705.12
2011-09-14,287.66
2011-09-15,234.88
2011-09-16,192.64
2011-09-17,436.34
2011-09-18,247.73
2011-09-19,205.23
2011-09-20,292.97
2011-09-21,268.75
2011-09-22,365.41
2011-09-23,263.09
2011-09-24,280.33
2011-09-25,219.75
2011-09-26,246.49
2011-09-27,244.73
2011-09-28,340.09
2011-09-29,278.18
2011-09-30,246.8
2011-10-01,235.58
2011-10-02,402.51
2011-10-03,319.92
2011-10-04,323.76
2011-10-05,354.65
2011-10-06,433.8
2011-10-07,391.71
2011-10-08,271.2
2011-10-09,213.2
2011-10-10,265.15
2011-10-11,211.38
2011-10-12,216.89
2011-10-13,195.02
2011-10-14,234.28
2011-10-15,309.06
2011-10-16,204.57
2011-10-17,178.46
2011-10-18,285.78
2011-10-19,172.58
2011-10-20,155.76
2011-10-21,148.96
2011-10-22,243.1
2011-10-23,347.2
2011-10-24,314.76
2011-10-25,155.27
2011-10-26,193.44
2011-10-27,326.06
2011-10-28,277.22
2011-10-29,259.54
2011-10-30,251.64
2011-10-31,135.32
2011-11-01,221.78
2011-11-02,245.63
2011-11-03,294.3
2011-11-04,173.53
2011-11-05,208.31
2011-11-06,136.68
2011-11-07,118.75
2011-11-08,129.45
2011-11-09,555.36
2011-11-10,350.7
2011-11-11,177.3
2011-11-12,180.86
2011-11-13,142.86
2011-11-14,136.22
2011-11-15,154.91
2011-11-16,147.81
2011-11-17,1252.36
2011-11-18,1743.75
2011-11-19,1352.01
2011-11-20,3057.42
2011-11-21,581.14
2011-11-22,1135.84
2011-11-23,1017.96
2011-11-24,1606.36
2011-11-25,655.78
2011-11-26,733.72
2011-11-27,577.41
2011-11-28,1344.84
2011-11-29,1399.16
2011-11-30,2058.79
2011-12-01,3856.82
2011-12-02,665.48
2011-12-03,8085.48
2011-12-04,1546.85
2011-12-05,1039.07
2011-12-06,1455.09
2011-12-07,3423.14
2011-12-08,4391.12
2011-12-09,2577.39
2011-12-10,758.62
2011-12-11,625.21
2011-12-12,617.85
2011-12-13,531.11
2011-12-14,236.38
2011-12-15,254.03
2011-12-16,282.77
2011-12-17,273.47
2011-12-18,267.64
2011-12-19,226.63
2011-12-20,271.22
2011-12-21,375.75
2011-12-22,418.4
2011-12-23,355.27
2011-12-24,186.96
2011-12-25,273.84
2011-12-26,250.54
2011-12-27,440.75
2011-12-28,455.78
2011-12-29,214.46
2011-12-30,362.36
2011-12-31,220.45
2012-01-01,212.63
2012-01-02,309.91
2012-01-03,292.3
2012-01-04,238.74
2012-01-05,433.54
2012-01-06,787.29
2012-01-07,702.75
2012-01-08,367.12
2012-01-09,363.83
2012-01-10,451.54
2012-01-11,434.38
2012-01-12,388.92
2012-01-13,429.69
2012-01-14,352.1
2012-01-15,337.74
2012-01-16,313.46
2012-01-17,439.56
2012-01-18,406.57
2012-01-19,337.06
2012-01-20,337.42
2012-01-21,359.32
2012-01-22,273.3
2012-01-23,330.64
2012-01-24,281.69
2012-01-25,331.31
2012-01-26,334.18
2012-01-27,302.56
2012-01-28,325.46
2012-01-29,250.36
2012-01-30,290.44
2012-01-31,314.69
2012-02-01,275.47
2012-02-02,392.26
2012-02-03,318.72
2012-02-04,315.26
2012-02-05,334.54
2012-02-06,298.38
2012-02-07,326.57
2012-02-08,250.31
2012-02-09,250.21
2012-02-10,213.84
2012-02-11,229.75
2012-02-12,335.59
2012-02-13,250.18
2012-02-14,316.22
2012-02-15,645.46
2012-02-16,649.89
2012-02-17,705.51
2012-02-18,697.15
2012-02-19,591.3
2012-02-20,275.42
2012-02-21,247.09
2012-02-22,265.1
2012-02-23,529.61
2012-02-24,427.19
2012-02-25,406.41
2012-02-26,344.3
2012-02-27,259.15
2012-02-28,249.36
2012-02-29,266.9
2012-03-01,219.43
2012-03-02,451.17
2012-03-03,399.39
2012-03-04,361.19
2012-03-05,464.93
2012-03-06,267.95
2012-03-07,249.31
2012-03-08,242.13
2012-03-09,399.04
2012-03-10,410.53
2012-03-11,329.85
2012-03-12,385.2
2012-03-13,531.79
2012-03-14,396.11
2012-03-15,445.39
2012-03-16,359.62
2012-03-17,362.44
2012-03-18,324.72
2012-03-19,283.26
2012-03-20,267.63
2012-03-21,291.2
2012-03-22,337.34
2012-03-23,523.38
2012-03-24,484.67
2012-03-25,487.57
2012-03-26,319.06
2012-03-27,308.76
2012-03-28,337.99
2012-03-29,387.87
2012-03-30,661.81
2012-03-31,647.35
2012-04-01,1341.15
2012-04-02,517.91
2012-04-03,532.67
2012-04-04,494.6
2012-04-05,508.95
2012-04-06,741.03
2012-04-07,432.58
2012-04-08,370.58
2012-04-09,1000.1
2012-04-10,1288.5
2012-04-11,521.42
2012-04-12,871.07
2012-04-13,699.27
2012-04-14,547.5
2012-04-15,611.95
2012-04-16,984.78
2012-04-17,942
2012-04-18,698.94
2012-04-19,591.27
2012-04-20,430.97
2012-04-21,1680.82
2012-04-22,841.9
2012-04-23,1080.31
2012-04-24,578.77
2012-04-25,463.53
2012-04-26,657.6
2012-04-27,994.98
2012-04-28,1035.26
2012-04-29,492.85
2012-04-30,717.1
2012-05-01,519
2012-05-02,570.49
2012-05-03,576.07
2012-05-04,449.2
2012-05-05,419.88
2012-05-06,460.6
2012-05-07,289.25
2012-05-08,589.69
2012-05-09,1283.24
2012-05-10,660.89
2012-05-11,477.04
2012-05-12,524.36
2012-05-13,914.65
2012-05-14,394.68
2012-05-15,416.52
2012-05-16,966.74
2012-05-17,1193.49
2012-05-18,1000.34
2012-05-19,394.96
2012-05-20,308.97
2012-05-21,645.43
2012-05-22,679.52
2012-05-23,813.25
2012-05-24,550.82
2012-05-25,269.25
2012-05-26,779.25
2012-05-27,1552.89
2012-05-28,619.1
2012-05-29,601.23
2012-05-30,545.38
2012-05-31,1009.46
2012-06-01,1306.26
2012-06-02,671.24
2012-06-03,877.08
2012-06-04,438.96
2012-06-05,863.28
2012-06-06,742.07
2012-06-07,1252.48
2012-06-08,926.3
2012-06-09,1433.05
2012-06-10,655.47
2012-06-11,656.23
2012-06-12,937.09
2012-06-13,943.35
2012-06-14,532.94
2012-06-15,928.1
2012-06-16,843.38
2012-06-17,940.1
2012-06-18,522.77
2012-06-19,682.25
2012-06-20,645.73
2012-06-21,613.81
2012-06-22,417.7
2012-06-23,1181.89
2012-06-24,1229.34
2012-06-25,865.16
2012-06-26,776.67
2012-06-27,531.18
2012-06-28,783.65
2012-06-29,1465
2012-06-30,1140.67
2012-07-01,673.78
2012-07-02,708.66
2012-07-03,541.48
2012-07-04,715.64
2012-07-05,1135.96
2012-07-06,925.99
2012-07-07,617.66
2012-07-08,936.95
2012-07-09,514.71
2012-07-10,1103.52
2012-07-11,1105.24
2012-07-12,357.62
2012-07-13,1111.55
2012-07-14,1273.15
2012-07-15,1351.25
2012-07-16,708.2
2012-07-17,827.04
2012-07-18,940.49
2012-07-19,785.98
2012-07-20,470.08
2012-07-21,500.56
2012-07-22,616.01
2012-07-23,481.81
2012-07-24,865.69
2012-07-25,1204.59
2012-07-26,487.48
2012-07-27,1330.76
2012-07-28,1049.35
2012-07-29,864.39
2012-07-30,599.36
2012-07-31,462.41
2012-08-01,1232.38
2012-08-02,1250.61
2012-08-03,1024.49
2012-08-04,713.15
2012-08-05,815.15
2012-08-06,1541.41
2012-08-07,1132.08
2012-08-08,1102.69
2012-08-09,775.3
2012-08-10,836.58
2012-08-11,922.65
2012-08-12,1245.37
2012-08-13,1065.34
2012-08-14,1015.5
2012-08-15,1044.98
2012-08-16,576.73
2012-08-17,1067.19
2012-08-18,1376.79
2012-08-19,2882.22
2012-08-20,3261.11
2012-08-21,3927.34
2012-08-22,2061.48
2012-08-23,3695.48
2012-08-24,3865.97
2012-08-25,3555.27
2012-08-26,2849.42
2012-08-27,1973.51
2012-08-28,2791.94
2012-08-29,3358.5
2012-08-30,6934.86
2012-08-31,3989.56
2012-09-01,3173.89
2012-09-02,2857.53
2012-09-03,1916.76
2012-09-04,1933.26
2012-09-05,3391
2012-09-06,3295.85
2012-09-07,8227.32
2012-09-08,6689.53
2012-09-09,3370.05
2012-09-10,1923.87
2012-09-11,9860.75
2012-09-12,8355.53
2012-09-13,5070.3
2012-09-14,12056.98
2012-09-15,6634.15
2012-09-16,6429.82
2012-09-17,8616.35
2012-09-18,7820.91
2012-09-19,7225.86
2012-09-20,14929.14
2012-09-21,7965.35
2012-09-22,10543.54
2012-09-23,9094.55
2012-09-24,6149.19
2012-09-25,4272.39
2012-09-26,1369.26
2012-09-27,953.88
2012-09-28,688.57
2012-09-29,1259.15
2012-09-30,1115.79
2012-10-01,1093.93
2012-10-02,937.18
2012-10-03,1303.51
2012-10-04,802.92
2012-10-05,820.89
2012-10-06,1186.2
2012-10-07,988.32
2012-10-08,1118.29
2012-10-09,836.16
2012-10-10,743.05
2012-10-11,546.71
2012-10-12,968.9
2012-10-13,1728.69
2012-10-14,1516.06
2012-10-15,757.53
2012-10-16,549.76
2012-10-17,1358.24
2012-10-18,2132.69
2012-10-19,2493.24
2012-10-20,1826.34
2012-10-21,2072.61
2012-10-22,1099.75
2012-10-23,1190.23
2012-10-24,1616.49
2012-10-25,1006.96
2012-10-26,714.83
2012-10-27,631.73
2012-10-28,1390.69
2012-10-29,682.54
2012-10-30,799.1
2012-10-31,1176.59
2012-11-01,2322.34
2012-11-02,1680.02
2012-11-03,496.87
2012-11-04,1287.15
2012-11-05,1597.99
2012-11-06,929.6
2012-11-07,990
2012-11-08,728.24
2012-11-09,621.81
2012-11-10,427.13
2012-11-11,246.08
2012-11-12,328.38
2012-11-13,368.2
2012-11-14,405.63
2012-11-15,818.53
2012-11-16,1329.59
2012-11-17,1306.35
2012-11-18,1520.01
2012-11-19,1157.32
2012-11-20,658.31
2012-11-21,769.64
2012-11-22,374.24
2012-11-23,926.4
2012-11-24,730.32
2012-11-25,999.07
2012-11-26,431.35
2012-11-27,524.69
2012-11-28,755.66
2012-11-29,921.54
2012-11-30,837.26
2012-12-01,531.21
2012-12-02,314.66
2012-12-03,1000.05
2012-12-04,1749.06
2012-12-05,1451.83
2012-12-06,1357.33
2012-12-07,1949.52
2012-12-08,985.02
2012-12-09,418.86
2012-12-10,1256.03
2012-12-11,564.46
2012-12-12,1156.62
2012-12-13,1557.14
2012-12-14,1486.88
2012-12-15,1239
2012-12-16,1122.54
2012-12-17,766.82
2012-12-18,974.32
2012-12-19,688.04
2012-12-20,411.72
2012-12-21,516.97
2012-12-22,744.24
2012-12-23,769.78
2012-12-24,498.92
2012-12-25,620.3
2012-12-26,370.08
2012-12-27,303.8
2012-12-28,535.09
2012-12-29,604.4
2012-12-30,690.12
2012-12-31,310.97
2013-01-01,1358.47
2013-01-02,990.87
2013-01-03,1125.82
2013-01-04,853.32
2013-01-05,879.66
2013-01-06,1009.76
2013-01-07,764.75
2013-01-08,853.81
2013-01-09,1078.2
2013-01-10,757.82
2013-01-11,440.76
2013-01-12,363.81
2013-01-13,355.19
2013-01-14,389.95
2013-01-15,683.83
2013-01-16,751.61
2013-01-17,587.9
2013-01-18,715.54
2013-01-19,549.67
2013-01-20,766.69
2013-01-21,422.77
2013-01-22,546.63
2013-01-23,642.1
2013-01-24,973.81
2013-01-25,672.72
2013-01-26,706.41
2013-01-27,669.18
2013-01-28,558.94
2013-01-29,872.09
2013-01-30,1264.02
2013-01-31,1292.55
2013-02-01,788.99
2013-02-02,869.91
2013-02-03,872.91
2013-02-04,870.28
2013-02-05,1460.34
2013-02-06,1361.57
2013-02-07,1586.16
2013-02-08,1076.85
2013-02-09,1337.52
2013-02-10,1268.46
2013-02-11,651.81
2013-02-12,955.7
2013-02-13,872.56
2013-02-14,845.99
2013-02-15,917.53
2013-02-16,1171.73
2013-02-17,1316.61
2013-02-18,943.39
2013-02-19,975.29
2013-02-20,1549.18
2013-02-21,1038.16
2013-02-22,658.19
2013-02-23,1093.01
2013-02-24,843.02
2013-02-25,1194.31
2013-02-26,1092.01
2013-02-27,1391.64
2013-02-28,1055.07
2013-03-01,1192.07
2013-03-02,1481.48
2013-03-03,1453.17
2013-03-04,847.79
2013-03-05,1098.25
2013-03-06,1670.31
2013-03-07,2215.35
2013-03-08,1124.45
2013-03-09,1243.56
2013-03-10,1390.23
2013-03-11,789.66
2013-03-12,1331.08
2013-03-13,1596.92
2013-03-14,1342.44
2013-03-15,1615.79
2013-03-16,7197.13
2013-03-17,3348.4
2013-03-18,1284.23
2013-03-19,6315.81
2013-03-20,3514.87
2013-03-21,2429.86
2013-03-22,3935.35
2013-03-23,1913.21
2013-03-24,2093.1
2013-03-25,1278.92
2013-03-26,3297.57
2013-03-27,3394.54
2013-03-28,5976.21
2013-03-29,3226.4
2013-03-30,2670.29
2013-03-31,5230.84
2013-04-01,3543.66
2013-04-02,2888.79
2013-04-03,6034.52
2013-04-04,5994.04
2013-04-05,5562.8
2013-04-06,4797.2
2013-04-07,4401.03
2013-04-08,2971.02
2013-04-09,5702.75
2013-04-10,7564.82
2013-04-11,7346.44
2013-04-12,4203.59
2013-04-13,2842.06
2013-04-14,2418.73
2013-04-15,1562.42
2013-04-16,2200.93
2013-04-17,2417.49
2013-04-18,3806.18
2013-04-19,13849.09
2013-04-20,4169.32
2013-04-21,3653.54
2013-04-22,2857.34
2013-04-23,4971.12
2013-04-24,5051.3
2013-04-25,4995.18
2013-04-26,7382.44
2013-04-27,3153.46
2013-04-28,3869.92
2013-04-29,2459.99
2013-04-30,4119.88
2013-05-01,3125.17
2013-05-02,3059.62
2013-05-03,2924.75
2013-05-04,2832.78
2013-05-05,1721.55
2013-05-06,1710.55
2013-05-07,3318.2
2013-05-08,2080.78
2013-05-09,2055.22
2013-05-10,1448.48
2013-05-11,1947.15
2013-05-12,1792.95
2013-05-13,1049.98
2013-05-14,2552.68
2013-05-15,1572.59
2013-05-16,1522.27
2013-05-17,1812.61
2013-05-18,2126.65
2013-05-19,2105.14
2013-05-20,1248.24
2013-05-21,1849.05
2013-05-22,1906.67
2013-05-23,2173.57
2013-05-24,1616.63
2013-05-25,2105.39
2013-05-26,3581.93
2013-05-27,1654.07
2013-05-28,1712.84
2013-05-29,1614.01
2013-05-30,2537.61
2013-05-31,1964.74
2013-06-01,2009.89
2013-06-02,1897.35
2013-06-03,1107.43
2013-06-04,1845.91
2013-06-05,1655.09
2013-06-06,1442.24
2013-06-07,2006.73
2013-06-08,1462.49
2013-06-09,1253.23
2013-06-10,1424.48
2013-06-11,1431.61
2013-06-12,1247.02
2013-06-13,1276.34
2013-06-14,1383.78
2013-06-15,1387.75
2013-06-16,1286.53
2013-06-17,1332.31
2013-06-18,1286.8
2013-06-19,1636.78
2013-06-20,1377.08
2013-06-21,1607.22
2013-06-22,1608.9
2013-06-23,1070.9
2013-06-24,938.06
2013-06-25,1934.98
2013-06-26,1437.48
2013-06-27,1449.84
2013-06-28,1194.36
2013-06-29,1249.79
2013-06-30,1504.19
2013-07-01,1384.15
2013-07-02,2126.57
2013-07-03,1913.43
2013-07-04,2060.66
2013-07-05,2051.9
2013-07-06,2382.57
2013-07-07,1651.37
2013-07-08,1520.36
2013-07-09,1958.93
2013-07-10,2368.27
2013-07-11,2311
2013-07-12,2069.05
2013-07-13,1933.47
2013-07-14,2175.76
2013-07-15,1559.46
2013-07-16,1710.25
2013-07-17,2615.11
2013-07-18,2301.44
2013-07-19,2110.12
2013-07-20,1937.25
2013-07-21,1221.08
2013-07-22,1501.7
2013-07-23,2144.87
2013-07-24,2116.09
2013-07-25,1834.9
2013-07-26,1893.27
2013-07-27,1851.8
2013-07-28,1223.74
2013-07-29,1467.61
2013-07-30,1666.69
2013-07-31,2128.29
2013-08-01,1804.4
2013-08-02,2751.06
2013-08-03,1889.49
2013-08-04,1460.25
2013-08-05,1113.26
2013-08-06,1679.94
2013-08-07,1564.32
2013-08-08,1474.63
2013-08-09,1163.92
2013-08-10,1269.37
2013-08-11,925.74
2013-08-12,1207.04
2013-08-13,1851.53
2013-08-14,2170.1
2013-08-15,2581.07
2013-08-16,1491.07
2013-08-17,1511.5
2013-08-18,3142.74
2013-08-19,2024.68
2013-08-20,1665.95
2013-08-21,1830.08
2013-08-22,2911.29
2013-08-23,1347.3
2013-08-24,2593.26
2013-08-25,1263.32
2013-08-26,1411.55
2013-08-27,1544.67
2013-08-28,2094.16
2013-08-29,1585.7
2013-08-30,4234.47
2013-08-31,1686.47
2013-09-01,2544.22
2013-09-02,3432.13
2013-09-03,1884.85
2013-09-04,2130.98
2013-09-05,2470.13
2013-09-06,1573.79
2013-09-07,1383.11
2013-09-08,1348.96
2013-09-09,1131.98
2013-09-10,2213.67
2013-09-11,1445.08
2013-09-12,2109.71
2013-09-13,1792.79
2013-09-14,1668.49
2013-09-15,1819.89
2013-09-16,904.12
2013-09-17,1563.04
2013-09-18,1199.05
2013-09-19,1854.49
2013-09-20,1684.89
2013-09-21,1461.19
2013-09-22,1175.42
2013-09-23,1136.09
2013-09-24,2117.33
2013-09-25,2017.36
2013-09-26,2171.46
2013-09-27,1591.25
2013-09-28,1882.4
2013-09-29,1581.67
2013-09-30,1615.67
2013-10-01,2348.67
2013-10-02,2204.33
2013-10-03,2036.31
2013-10-04,1957.94
2013-10-05,1876.32
2013-10-06,1235.64
2013-10-07,1143.83
2013-10-08,1888.68
2013-10-09,1952.25
2013-10-10,2047.94
2013-10-11,1640.22
2013-10-12,2001.31
2013-10-13,1683.64
2013-10-14,1718.77
2013-10-15,2392.7
2013-10-16,2377.65
2013-10-17,2808.89
2013-10-18,2681.86
2013-10-19,2486.97
2013-10-20,2726.54
2013-10-21,2493.48
2013-10-22,3607.45
2013-10-23,3657.99
2013-10-24,3462.6
2013-10-25,2741.07
2013-10-26,12786.45
2013-10-27,2687.74
2013-10-28,2009.59
2013-10-29,2405.55
2013-10-30,7999.15
2013-10-31,2771.67
2013-11-01,2271.42
2013-11-02,2433.18
2013-11-03,3053.21
2013-11-04,3102.3
2013-11-05,4816.49
2013-11-06,5534.48
2013-11-07,4945.83
2013-11-08,7273.76
2013-11-09,6445.29
2013-11-10,5553.11
2013-11-11,4441.71
2013-11-12,4467.5
2013-11-13,6615.97
2013-11-14,7905.65
2013-11-15,6304.66
2013-11-16,18836.43
2013-11-17,13147.96
2013-11-18,11069.61
2013-11-19,17973.1
2013-11-20,13009.23
2013-11-21,14413.47
2013-11-22,23718.09
2013-11-23,21928.01
2013-11-24,17495.97
2013-11-25,18909.24
2013-11-26,16201
2013-11-27,39332.5
2013-11-28,32361.16
2013-11-29,37416.77
2013-11-30,35864.98
2013-12-01,31166.19
2013-12-02,21126.16
2013-12-03,21258.81
2013-12-04,17160.15
2013-12-05,26457.83
2013-12-06,18460.81
2013-12-07,15014.59
2013-12-08,29245.58
2013-12-09,23373.55
2013-12-10,20959.47
2013-12-11,11718.14
2013-12-12,16436.11
2013-12-13,14794.81
2013-12-14,15064.45
2013-12-15,12122.94
2013-12-16,7946.9
2013-12-17,25823.32
2013-12-18,21644.14
2013-12-19,16301
2013-12-20,16127.28
2013-12-21,9870.88
2013-12-22,17417.67
2013-12-23,10051.09
2013-12-24,10265.28
2013-12-25,12366.46
2013-12-26,11184.83
2013-12-27,12503.21
2013-12-28,9318.22
2013-12-29,11220.24
2013-12-30,17685.49
2013-12-31,14410.78
2014-01-01,9984
2014-01-02,14818.73
2014-01-03,14466.64
2014-01-04,15297.7
2014-01-05,10898.15
2014-01-06,19580.67
2014-01-07,16321.71
2014-01-08,13994
2014-01-09,11203.9
2014-01-10,9547.03
2014-01-11,10423.83
2014-01-12,8949.09
2014-01-13,9360.95
2014-01-14,8963.09
2014-01-15,12773.86
2014-01-16,9420.92
2014-01-17,9879.53
2014-01-18,5411.89
2014-01-19,5777.14
2014-01-20,10336.38
2014-01-21,12828.55
2014-01-22,8872.27
2014-01-23,7580.72
2014-01-24,7799.99
2014-01-25,10306.07
2014-01-26,8320.82
2014-01-27,7594.81
2014-01-28,12948.64
2014-01-29,8507.82
2014-01-30,7285.74
2014-01-31,9558.59
2014-02-01,6123.09
2014-02-02,7593.21
2014-02-03,8000.31
2014-02-04,7600.68
2014-02-05,10907.69
2014-02-06,11063.09
2014-02-07,7219.86
2014-02-08,9947.3
2014-02-09,5903.72
2014-02-10,6353.81
2014-02-11,10098.28
2014-02-12,9076.35
2014-02-13,7609.67
2014-02-14,8046.15
2014-02-15,8205.93
2014-02-16,11808.82
2014-02-17,7982.42
2014-02-18,5602.09
2014-02-19,5380.51
2014-02-20,4366.65
2014-02-21,5261.03
2014-02-22,4601.01
2014-02-23,4715.24
2014-02-24,5384.31
2014-02-25,9115.32
2014-02-26,9516.3
2014-02-27,7370.41
2014-02-28,6927.98
2014-03-01,5881.87
2014-03-02,10736.16
2014-03-03,7743.45
2014-03-04,11215.99
2014-03-05,8661.77
2014-03-06,6650.07
2014-03-07,5872.98
2014-03-08,28365.23
2014-03-09,19139.52
2014-03-10,16513.01
2014-03-11,17155.27
2014-03-12,10501.87
2014-03-13,11480.82
2014-03-14,8406.67
2014-03-15,6123.22
2014-03-16,7356.09
2014-03-17,4778.7
2014-03-18,5392.4
2014-03-19,34362.45
2014-03-20,8817.37
2014-03-21,5936.43
2014-03-22,4816.77
2014-03-23,3907.74
2014-03-24,3168.99
2014-03-25,6547.47
2014-03-26,4545.41
2014-03-27,4311.31
2014-03-28,6524.31
2014-03-29,6217.25
2014-03-30,4082.18
2014-03-31,6036.7
2014-04-01,6126.84
2014-04-02,5488.59
2014-04-03,6133.81
2014-04-04,6154.81
2014-04-05,5543.1
2014-04-06,5809.96
2014-04-07,4953.24
2014-04-08,3676.86
2014-04-09,3286.03
2014-04-10,4559.6
2014-04-11,5207.74
2014-04-12,5178.23
2014-04-13,3582.18
2014-04-14,4011.25
2014-04-15,4710.32
2014-04-16,4684.41
2014-04-17,6385.63
2014-04-18,7971.66
2014-04-19,7418.63
2014-04-20,4848.01
2014-04-21,3967.26
2014-04-22,6368.31
2014-04-23,5617.07
2014-04-24,4287.38
2014-04-25,3629.11
2014-04-26,3753.84
2014-04-27,3061.67
2014-04-28,3399.85
2014-04-29,4242.69
2014-04-30,4926.61
2014-05-01,3625.75
2014-05-02,3254.14
2014-05-03,5314.72
2014-05-04,5215.42
2014-05-05,3753.47
2014-05-06,4022.4
2014-05-07,4081.99
2014-05-08,5598.37
2014-05-09,8529.23
2014-05-10,7413.54
2014-05-11,5351.56
2014-05-12,3476.08
2014-05-13,3041.4
2014-05-14,5059.89
2014-05-15,5158.91
2014-05-16,5075.41
2014-05-17,4388.43
2014-05-18,4785.18
2014-05-19,2490.53
2014-05-20,4042.04
2014-05-21,10375.25
2014-05-22,5208.42
2014-05-23,5407.28
2014-05-24,8516.78
2014-05-25,9491.44
2014-05-26,7942.45
2014-05-27,7413.64
2014-05-28,7920.06
2014-05-29,6567.97
2014-05-30,5725.18
2014-05-31,6903.86
2014-06-01,6247.12
2014-06-02,8292.86
2014-06-03,13874.78
2014-06-04,7771.77
2014-06-05,9964.45
2014-06-06,8718.03
2014-06-07,8750.94
2014-06-08,7185.28
2014-06-09,10417.84
2014-06-10,4053.57
2014-06-11,5718.18
2014-06-12,5945.37
2014-06-13,10000.33
2014-06-14,11514.31
2014-06-15,4965.38
2014-06-16,4486.2
2014-06-17,6863.89
2014-06-18,4372.34
2014-06-19,6240.05
2014-06-20,6349.46
2014-06-21,5422.45
2014-06-22,4674.16
2014-06-23,6767.26
2014-06-24,6923.44
2014-06-25,8033.05
2014-06-26,4089.82
2014-06-27,4852.45
2014-06-28,4077.41
2014-06-29,3465.96
2014-06-30,3718.27
2014-07-01,5705.35
2014-07-02,8458.3
2014-07-03,12904.85
2014-07-04,5491.18
2014-07-05,4274.94
2014-07-06,4829.64
2014-07-07,4470.94
2014-07-08,4479.63
2014-07-09,3014.33
2014-07-10,4351.92
2014-07-11,4721.6
2014-07-12,4292.03
2014-07-13,5817.63
2014-07-14,7745.49
2014-07-15,4641.63
2014-07-16,4711.96
2014-07-17,5086.99
2014-07-18,4310.33
2014-07-19,4995.89
2014-07-20,3692.17
2014-07-21,3834.76
2014-07-22,5436.64
2014-07-23,4455.04
2014-07-24,4564.22
2014-07-25,6019.23
2014-07-26,5687.79
2014-07-27,3555.76
2014-07-28,3384.71
2014-07-29,4726.59
2014-07-30,4980.54
2014-07-31,4028.69
2014-08-01,3852.99
2014-08-02,4149.16
2014-08-03,3641.67
2014-08-04,5749.6
2014-08-05,3881.78
2014-08-06,7014.33
2014-08-07,3645.63
2014-08-08,3735.89
2014-08-09,3994.9
2014-08-10,4039.99
2014-08-11,3952.66
2014-08-12,4179.19
2014-08-13,5586.56
2014-08-14,5383.51
2014-08-15,4943.98
2014-08-16,5762.78
2014-08-17,5510.44
2014-08-18,4482.28
2014-08-19,6413.79
2014-08-20,4127.52
2014-08-21,3534.51
2014-08-22,5303.72
2014-08-23,23433.46
2014-08-24,5145.77
2014-08-25,3356.99
2014-08-26,6065.09
2014-08-27,11462.85
2014-08-28,9633.63
2014-08-29,4807.37
2014-08-30,3840.63
2014-08-31,4262.5
2014-09-01,5003.46
2014-09-02,5648.47
2014-09-03,4220.82
2014-09-04,3764.15
2014-09-05,3134.17
2014-09-06,3656.19
2014-09-07,2425.02
2014-09-08,3053.55
2014-09-09,3768.55
2014-09-10,3278.41
2014-09-11,3256.11
2014-09-12,3425.55
2014-09-13,3536.36
2014-09-14,2402.96
2014-09-15,3298.39
2014-09-16,2667.96
2014-09-17,2249.64
2014-09-18,2772.1
2014-09-19,3995.37
2014-09-20,4361.39
2014-09-21,6239.55
2014-09-22,6005.92
2014-09-23,2981.96
2014-09-24,4761.5
2014-09-25,6299.95
2014-09-26,4028.92
2014-09-27,3456.13
2014-09-28,3799.68
2014-09-29,2975.8
2014-09-30,4076.54
2014-10-01,3269.28
2014-10-02,3538.54
2014-10-03,3386.16
2014-10-04,3723.25
2014-10-05,3249.88
2014-10-06,5128.89
2014-10-07,5432.04
2014-10-08,4758.93
2014-10-09,3924.13
2014-10-10,4205.37
2014-10-11,5288.34
2014-10-12,3333.7
2014-10-13,3231.96
2014-10-14,5183.48
2014-10-15,5209.8
2014-10-16,6820.33
2014-10-17,6813.09
2014-10-18,7237.69
2014-10-19,3366.75
2014-10-20,3361.44
2014-10-21,4483.51
2014-10-22,3104.03
2014-10-23,4625.64
2014-10-24,5936.75
2014-10-25,3543.53
2014-10-26,4593.83
2014-10-27,4009.69
2014-10-28,3582.06
2014-10-29,3936.76
2014-10-30,2794.29
2014-10-31,2891.91
2014-11-01,7693.14
2014-11-02,4029.17
2014-11-03,2124.85
2014-11-04,3923.64
2014-11-05,5606.89
2014-11-06,6294.17
2014-11-07,4988.8
2014-11-08,3784.81
2014-11-09,2811.13
2014-11-10,2933.91
2014-11-11,4236.74
2014-11-12,3424.59
2014-11-13,6252.96
2014-11-14,9018.28
2014-11-15,5655.13
2014-11-16,4514.26
2014-11-17,3873.94
2014-11-18,3960.6
2014-11-19,4686.89
2014-11-20,4124
2014-11-21,4359.6
2014-11-22,6383.03
2014-11-23,3274.49
2014-11-24,2631.94
2014-11-25,3683.41
2014-11-26,4770.88
2014-11-27,4525.26
2014-11-28,3831.04
2014-11-29,7821.87
2014-11-30,5284.46
2014-12-01,4983.27
2014-12-02,5636.46
2014-12-03,5768.2
2014-12-04,5341.65
2014-12-05,4137.68
2014-12-06,4836.25
2014-12-07,3695.7
2014-12-08,5161.53
2014-12-09,5865.33
2014-12-10,4008.11
2014-12-11,4881.79
2014-12-12,3433.22
2014-12-13,3913.13
2014-12-14,3285.25
2014-12-15,2858.45
2014-12-16,3827.45
2014-12-17,3595.52
2014-12-18,3839.45
2014-12-19,4426.13
2014-12-20,3043.23
2014-12-21,2998.47
2014-12-22,3332.26
2014-12-23,3504.07
2014-12-24,4412.66
2014-12-25,2801.81
2014-12-26,3796.12
2014-12-27,2763.3
2014-12-28,3198.94
2014-12-29,4495.34
2014-12-30,3352.77
2014-12-31,5139.93
2015-01-01,3985.62
2015-01-02,2754.05
2015-01-03,3250.86
2015-01-04,3783.27
2015-01-05,4019.8
2015-01-06,3848.26
2015-01-07,5057.63
2015-01-08,4951.99
2015-01-09,4304.14
2015-01-10,4494.08
2015-01-11,2570.87
2015-01-12,3821
2015-01-13,2910.12
2015-01-14,4590.97
2015-01-15,5035.89
2015-01-16,4428.91
2015-01-17,4201.89
2015-01-18,2558.28
2015-01-19,2464.47
2015-01-20,2459.66
2015-01-21,3343.49
2015-01-22,3807.17
2015-01-23,3011.77
2015-01-24,2695.63
2015-01-25,3183.17
2015-01-26,2922.41
2015-01-27,5748.03
2015-01-28,3009.59
2015-01-29,2242.63
2015-01-30,2652.32
2015-01-31,2334.41
2015-02-01,1968.33
2015-02-02,2260.36
2015-02-03,2941.16
2015-02-04,3168.02
2015-02-05,2895.54
2015-02-06,2873.08
2015-02-07,2365.4
2015-02-08,1721.98
2015-02-09,1675.17
2015-02-10,1927.2
2015-02-11,1893.1
2015-02-12,2033.73
2015-02-13,1842.29
2015-02-14,2281.93
2015-02-15,1870.61
2015-02-16,2213.52
2015-02-17,1639.64
2015-02-18,1926.6
2015-02-19,1947.92
2015-02-20,1829.46
2015-02-21,1777.53
2015-02-22,1875.8
2015-02-23,1314.61
2015-02-24,1931.09
2015-02-25,1600.2
2015-02-26,1871.03
2015-02-27,2507.99
2015-02-28,3530.17
2015-03-01,1901.09
2015-03-02,3323.18
2015-03-03,4960.57
2015-03-04,2749.97
2015-03-05,2580.94
2015-03-06,2874.75
2015-03-07,2597.09
2015-03-08,5089.19
2015-03-09,10994.76
2015-03-10,3004.8
2015-03-11,3573.53
2015-03-12,2680.04
2015-03-13,3271.24
2015-03-14,2688.07
2015-03-15,2762.82
2015-03-16,1952.75
2015-03-17,2657.05
2015-03-18,2080.18
2015-03-19,4319.5
2015-03-20,3404.84
2015-03-21,2071.39
2015-03-22,1863.64
2015-03-23,1452.56
2015-03-24,2228.61
2015-03-25,2253.53
2015-03-26,2758.71
2015-03-27,2572.22
2015-03-28,2419.29
2015-03-29,1750.51
2015-03-30,1514.39
2015-03-31,2088.97
2015-04-01,1780.55
2015-04-02,2240.67
2015-04-03,1697.51
2015-04-04,1807.51
2015-04-05,1203.81
2015-04-06,1261.79
2015-04-07,1696.85
2015-04-08,1922.99
2015-04-09,1933.51
2015-04-10,1811.77
2015-04-11,2317.57
2015-04-12,1482.72
2015-04-13,1316.21
2015-04-14,1936.22
2015-04-15,2030.04
2015-04-16,1641.87
2015-04-17,2588.89
2015-04-18,2466.99
2015-04-19,1867.97
2015-04-20,2350.39
2015-04-21,2422.52
2015-04-22,2504.55
2015-04-23,2649.78
2015-04-24,2594.03
2015-04-25,2581.73
2015-04-26,2231.81
2015-04-27,2762.19
2015-04-28,2406.64
2015-04-29,2606.15
2015-04-30,2578.1
2015-05-01,2562.2
2015-05-02,2899.23
2015-05-03,2020.65
2015-05-04,2371.01
2015-05-05,2914.74
2015-05-06,2426.63
2015-05-07,2516.26
2015-05-08,2692.1
2015-05-09,2348.69
2015-05-10,2201.83
2015-05-11,2461.53
2015-05-12,2305.98
2015-05-13,2221.9
2015-05-14,2504.78
2015-05-15,2166.5
2015-05-16,2038.86
2015-05-17,1881.99
2015-05-18,1686.97
2015-05-19,2254.02
2015-05-20,2583.63
2015-05-21,2252.31
2015-05-22,2245.73
2015-05-23,2921.91
2015-05-24,2412.11
2015-05-25,1784.56
2015-05-26,2174.41
2015-05-27,2045.02
2015-05-28,2504.26
2015-05-29,2119.71
2015-05-30,1997.05
2015-05-31,1696.33
2015-06-01,2151.84
2015-06-02,2505.41
2015-06-03,2449.68
2015-06-04,2528.25
2015-06-05,2186.38
2015-06-06,3124.57
2015-06-07,2396.67
2015-06-08,2484.04
2015-06-09,2639.48
2015-06-10,2542.31
2015-06-11,2222.43
2015-06-12,2396.82
2015-06-13,2200.98
2015-06-14,2299.36
2015-06-15,2707.14
2015-06-16,2766.72
2015-06-17,3822.66
2015-06-18,3304.19
2015-06-19,3017.7
2015-06-20,3551.33
2015-06-21,2678.16
2015-06-22,2285.87
2015-06-23,2816.26
2015-06-24,2285.15
2015-06-25,2420.91
2015-06-26,2261.48
2015-06-27,3189.68
2015-06-28,2789.45
2015-06-29,2146.9
2015-06-30,2545.05
2015-07-01,3113.3
2015-07-02,2403.24
2015-07-03,2374.69
2015-07-04,2494.22
2015-07-05,2104.41
2015-07-06,2380.58
2015-07-07,2485.88
2015-07-08,1763.67
2015-07-09,1719.74
2015-07-10,2063.76
2015-07-11,2923.56
2015-07-12,2422.06
2015-07-13,2620.71
2015-07-14,2558.78
2015-07-15,2717.51
2015-07-16,2845.76
2015-07-17,3050.31
2015-07-18,2553.47
2015-07-19,2013.86
2015-07-20,1879.97
2015-07-21,2203.07
2015-07-22,2264.56
2015-07-23,2304.66
2015-07-24,2888.87
2015-07-25,3104.47
2015-07-26,2378.71
2015-07-27,1866
2015-07-28,2446.4
2015-07-29,3156.54
2015-07-30,2094.67
2015-07-31,2198.91
2015-08-01,1847.65
2015-08-02,1668.3
2015-08-03,1873.22
2015-08-04,2455.2
2015-08-05,2372.91
2015-08-06,2299.63
2015-08-07,2156.22
2015-08-08,2571.64
2015-08-09,3261.85
2015-08-10,3414.22
2015-08-11,2827.67
2015-08-12,2900.75
2015-08-13,2983.95
2015-08-14,2839.9
2015-08-15,2947.21
2015-08-16,2928.72
2015-08-17,3512.42
2015-08-18,3132.94
2015-08-19,3468.36
2015-08-20,3196.11
2015-08-21,3029.79
2015-08-22,2694.69
2015-08-23,2447.75
2015-08-24,2363.7
2015-08-25,3460.83
2015-08-26,3468.51
2015-08-27,2872.84
2015-08-28,2657.44
2015-08-29,2950.9
2015-08-30,2059.99
2015-08-31,1735.64
2015-09-01,2288.12
2015-09-02,2362.13
2015-09-03,1907.02
2015-09-04,2153.6
2015-09-05,2904.69
2015-09-06,1808.16
2015-09-07,2426.11
2015-09-08,2028.04
2015-09-09,2267.3
2015-09-10,2214.55
2015-09-11,2399
2015-09-12,1640.27
2015-09-13,1217.21
2015-09-14,1499.6
2015-09-15,1686.48
2015-09-16,1819.16
2015-09-17,2187.92
2015-09-18,1456.19
2015-09-19,2202.14
2015-09-20,2224.2
2015-09-21,2084.4
2015-09-22,2709.58
2015-09-23,2558.45
2015-09-24,2110.88
2015-09-25,2006.56
2015-09-26,2340.2
2015-09-27,1876.69
2015-09-28,1638.54
2015-09-29,2593.23
2015-09-30,2969.36
2015-10-01,2169.84
2015-10-02,2937.44
2015-10-03,2666.04
2015-10-04,1896.45
2015-10-05,1907.97
2015-10-06,2367.93
2015-10-07,3199.74
2015-10-08,2261.67
2015-10-09,3464.85
2015-10-10,2832.93
2015-10-11,2221.01
2015-10-12,2157.42
2015-10-13,2583.83
2015-10-14,2807.16
2015-10-15,2988.15
2015-10-16,3325.61
2015-10-17,3306.49
2015-10-18,2870.58
2015-10-19,2213.78
2015-10-20,2701.61
2015-10-21,2803.99
2015-10-22,2334.59
2015-10-23,2995.85
2015-10-24,2705.51
2015-10-25,2499.18
2015-10-26,3183.71
2015-10-27,3740.77
2015-10-28,3401.59
2015-10-29,3514.53
2015-10-30,4376.58
2015-10-31,4685.33
2015-11-01,3742.69
2015-11-02,3373.98
2015-11-03,4812.59
2015-11-04,13552.87
2015-11-05,12720.59
2015-11-06,7466.03
2015-11-07,5606.1
2015-11-08,5579.76
2015-11-09,5087.29
2015-11-10,7066.02
2015-11-11,5569.4
2015-11-12,6621.92
2015-11-13,5983.35
2015-11-14,6134.41
2015-11-15,5791.34
2015-11-16,4492.52
2015-11-17,8460.75
2015-11-18,4804.52
2015-11-19,3415.7
2015-11-20,4324.28
2015-11-21,4290.64
2015-11-22,2716.86
2015-11-23,2772.99
2015-11-24,2956.86
2015-11-25,2788.89
2015-11-26,3794.1
2015-11-27,4339.05
2015-11-28,5530.19
2015-11-29,3938.77
2015-11-30,4150.09
2015-12-01,4941.79
2015-12-02,5334.72
2015-12-03,5687.33
2015-12-04,7922.38
2015-12-05,5470.78
2015-12-06,9136.29
2015-12-07,9442.93
2015-12-08,7445.2
2015-12-09,6591.47
2015-12-10,7166.87
2015-12-11,5710.81
2015-12-12,8163.47
2015-12-13,6589.87
2015-12-14,10403.91
2015-12-15,10567.52
2015-12-16,11790.15
2015-12-17,9185.1
2015-12-18,10352.81
2015-12-19,8280.96
2015-12-20,10403.69
2015-12-21,9154.34
2015-12-22,9584.23
2015-12-23,9324.35
2015-12-24,8965.05
2015-12-25,9903.61
2015-12-26,7965.18
2015-12-27,5748.09
2015-12-28,3498.31
2015-12-29,4980.38
2015-12-30,4652.14
2015-12-31,4931.46
2016-01-01,2866.63
2016-01-02,3551.07
2016-01-03,4239.07
2016-01-04,2355.11
2016-01-05,2419.74
2016-01-06,3402.1
2016-01-07,3426.14
2016-01-08,4309.46
2016-01-09,2798.83
2016-01-10,1873.06
2016-01-11,3263.17
2016-01-12,4220.1
2016-01-13,3550.17
2016-01-14,3216.09
2016-01-15,2643.34
2016-01-16,4128.68
2016-01-17,2598.88
2016-01-18,15031.82
2016-01-19,10141.54
2016-01-20,14406.66
2016-01-21,6353.2
2016-01-22,7450.93
2016-01-23,10438.05
2016-01-24,43577.92
2016-01-25,115552.57
2016-01-26,25561.14
2016-01-27,15640.04
2016-01-28,21624.24
2016-01-29,6581.26
2016-01-30,11947.75
2016-01-31,5735.14
2016-02-01,3192.45
2016-02-02,8603.82
2016-02-03,5364.95
2016-02-04,2604.56
2016-02-05,4522.87
2016-02-06,6357.87
2016-02-07,4991.15
2016-02-08,4949.19
2016-02-09,4399.02
2016-02-10,3291.04
2016-02-11,4234.45
2016-02-12,4822.19
2016-02-13,4723
2016-02-14,4672.88
2016-02-15,5837.1
2016-02-16,6738.09
2016-02-17,9481.4
2016-02-18,6630.44
2016-02-19,7528.41
2016-02-20,8183.78
2016-02-21,7820.52
2016-02-22,8070.84
2016-02-23,7210.42
2016-02-24,6503.2
2016-02-25,6526.94
2016-02-26,5809.27
2016-02-27,6687.31
2016-02-28,5198.52
2016-02-29,13086.52
2016-03-01,14868.05
2016-03-02,14417.85
2016-03-03,7900.72
2016-03-04,6045.24
2016-03-05,12084.66
2016-03-06,27375.52
2016-03-07,4662.17
2016-03-08,6541.6
2016-03-09,4056.84
2016-03-10,4292.47
2016-03-11,4748.44
2016-03-12,4907.33
2016-03-13,3989.13
2016-03-14,4576.62
2016-03-15,5167.09
2016-03-16,7604.5
2016-03-17,20131.67
2016-03-18,15056.66
2016-03-19,7608.87
2016-03-20,5015.4
2016-03-21,4111.39
2016-03-22,3977.44
2016-03-23,4240.8
2016-03-24,4432.21
2016-03-25,5175.35
2016-03-26,4681.35
2016-03-27,3755.47
2016-03-28,5135.61
2016-03-29,4467.13
2016-03-30,4468.24
2016-03-31,4114.36
2016-04-01,4180.96
2016-04-02,3871.65
2016-04-03,3593.1
2016-04-04,3409.11
2016-04-05,4230.32
2016-04-06,4254.74
2016-04-07,4231.63
2016-04-08,5361.93
2016-04-09,5475.4
2016-04-10,4594.54
2016-04-11,4734.02
2016-04-12,4806.63
2016-04-13,6227.27
2016-04-14,6499.58
2016-04-15,5244.18
2016-04-16,7190.33
2016-04-17,7273.88
2016-04-18,5667.41
2016-04-19,7265.17
2016-04-20,6558.44
2016-04-21,7944.86
2016-04-22,10418.8
2016-04-23,12074.43
2016-04-24,8199.97
2016-04-25,5341.68
2016-04-26,5657.54
2016-04-27,5358
2016-04-28,4434.7
2016-04-29,4894.11
2016-04-30,4120.69
2016-05-01,3934.2
2016-05-02,4810.51
2016-05-03,5068.86
2016-05-04,4361.74
2016-05-05,4318.72
2016-05-06,3718.09
2016-05-07,4614.83
2016-05-08,4280.45
2016-05-09,3570.6
2016-05-10,3851.47
2016-05-11,4355.92
2016-05-12,5457.11
2016-05-13,4402.55
2016-05-14,4703.54
2016-05-15,4447.06
2016-05-16,4688.29
2016-05-17,5162.66
2016-05-18,5249.69
2016-05-19,4016.11
2016-05-20,4621.91
2016-05-21,4268.47
2016-05-22,3211.95
2016-05-23,3264.92
2016-05-24,4140.64
2016-05-25,4227.09
2016-05-26,5495.86
2016-05-27,7451.94
2016-05-28,8220.3
2016-05-29,9026.17
2016-05-30,8233.66
2016-05-31,5127.06
2016-06-01,6435.24
2016-06-02,5225.21
2016-06-03,5627.87
2016-06-04,4497.44
2016-06-05,4371.25
2016-06-06,5759.77
2016-06-07,5076.59
2016-06-08,5143.16
2016-06-09,4672.81
2016-06-10,6552.62
2016-06-11,5597.62
2016-06-12,5375.49
2016-06-13,8778.4
2016-06-14,7857.26
2016-06-15,6961.94
2016-06-16,7239.29
2016-06-17,7870.03
2016-06-18,7672.19
2016-06-19,7150.27
2016-06-20,7268.41
2016-06-21,7394.62
2016-06-22,7165.53
2016-06-23,7170.63
2016-06-24,7635.31
2016-06-25,7276.01
2016-06-26,6625.9
2016-06-27,6075.71
2016-06-28,6954.61
2016-06-29,5563.42
2016-06-30,5471.02
2016-07-01,5611.92
2016-07-02,6604.02
2016-07-03,7662.73
2016-07-04,6271.69
2016-07-05,8777.26
2016-07-06,6126.75
2016-07-07,6362.19
2016-07-08,8662.15
2016-07-09,6827.43
2016-07-10,6076.73
2016-07-11,5829.14
2016-07-12,6543.98
2016-07-13,6661.34
2016-07-14,7514.75
2016-07-15,6050.89
2016-07-16,10348.89
2016-07-17,7013.18
2016-07-18,7862.73
2016-07-19,6633.19
2016-07-20,8132.75
2016-07-21,6957.56
2016-07-22,7036.88
2016-07-23,6800.05
2016-07-24,5801.17
2016-07-25,6707.18
2016-07-26,5256.09
2016-07-27,5962.29
2016-07-28,6823.49
2016-07-29,6867.42
2016-07-30,6413.25
2016-07-31,5884.91
2016-08-01,5906.36
2016-08-02,4451.01
2016-08-03,7868.37
2016-08-04,5324.18
2016-08-05,7660.25
2016-08-06,5240.79
2016-08-07,4498.76
2016-08-08,5264.17
2016-08-09,4606.92
2016-08-10,5803.35
2016-08-11,4998.79
2016-08-12,5208.93
2016-08-13,4639.13
2016-08-14,5223.57
2016-08-15,5049.14
2016-08-16,5878.17
2016-08-17,6076.9
2016-08-18,4668.89
2016-08-19,6144.03
2016-08-20,5580.02
2016-08-21,6398.68
2016-08-22,3933.14
2016-08-23,4831.69
2016-08-24,5330.42
2016-08-25,5704.52
2016-08-26,5037.49
2016-08-27,5351.95
2016-08-28,4227.39
2016-08-29,4547.27
2016-08-30,4203.9
2016-08-31,4351.35
2016-09-01,4027.33
2016-09-02,3965.96
2016-09-03,3980.56
2016-09-04,4558.72
2016-09-05,3593.29
2016-09-06,4830.74
2016-09-07,3902.51
2016-09-08,4005.06
2016-09-09,4081.78
2016-09-10,4463.39
2016-09-11,4714.32
2016-09-12,5454.2
2016-09-13,4562.08
2016-09-14,5316.96
2016-09-15,4858.1
2016-09-16,5022.09
2016-09-17,5838.81
2016-09-18,4366.34
2016-09-19,5376.57
2016-09-20,5167.78
2016-09-21,6031.1
2016-09-22,4568.27
2016-09-23,6702.07
2016-09-24,6426.99
2016-09-25,5992.76
2016-09-26,5819.96
2016-09-27,5769.06
2016-09-28,4963.24
2016-09-29,6606.03
2016-09-30,5179.81
2016-10-01,6744.5
2016-10-02,4577.27
2016-10-03,4052.65
2016-10-04,4519.55
2016-10-05,4681.83
2016-10-06,5124.07
2016-10-07,5010.26
2016-10-08,5643.8
2016-10-09,5516.23
2016-10-10,8698.25
2016-10-11,7625.65
2016-10-12,8164.25
2016-10-13,8139.75
2016-10-14,5909.07
2016-10-15,5540.3
2016-10-16,15216.29
2016-10-17,9272.16
2016-10-18,4980.78
2016-10-19,7313.49
2016-10-20,7824.02
2016-10-21,5959.61
2016-10-22,7739.32
2016-10-23,3917.33
2016-10-24,6696.22
2016-10-25,14654.62
2016-10-26,9431.64
2016-10-27,7453.98
2016-10-28,7400.74
2016-10-29,4064.58
2016-10-30,4331.68
2016-10-31,3991.7
2016-11-01,5447.96
2016-11-02,5384.09
2016-11-03,13354.86
2016-11-04,18513.87
2016-11-05,18153.89
2016-11-06,25089.74
2016-11-07,27242.56
2016-11-08,14383.23
2016-11-09,10592.76
2016-11-10,7472.36
2016-11-11,4498.4
2016-11-12,3797.91
2016-11-13,2800.84
2016-11-14,3395.91
2016-11-15,3905.29
2016-11-16,4670.21
2016-11-17,4739.73
2016-11-18,4405.46
2016-11-19,4410.38
2016-11-20,3159.17
2016-11-21,3686.63
2016-11-22,3949.96
2016-11-23,4460.79
2016-11-24,5214.69
2016-11-25,4051.94
2016-11-26,3276.26
2016-11-27,3130.97
2016-11-28,2911.49
2016-11-29,3822.9
2016-11-30,3426.62
2016-12-01,3483.06
2016-12-02,5163.91
2016-12-03,4356.28
2016-12-04,3151.15
2016-12-05,3191.04
2016-12-06,4653.73
2016-12-07,3958.26
2016-12-08,3752.39
2016-12-09,3725.9
2016-12-10,4371.21
2016-12-11,3743.3
2016-12-12,3508.18
2016-12-13,5143.53
2016-12-14,4195.33
2016-12-15,4661.8
2016-12-16,5698.27
2016-12-17,5138.73
2016-12-18,3781.78
2016-12-19,4934.46
2016-12-20,5140.1
2016-12-21,5309.52
2016-12-22,6892.06
2016-12-23,6405.43
2016-12-24,7516.25
2016-12-25,5130.8
2016-12-26,4682.05
2016-12-27,5452.04
2016-12-28,7309.52
2016-12-29,6445.3
2016-12-30,5575.66
2016-12-31,6887.25
2017-01-01,5194.9
2017-01-02,5658.09
2017-01-03,5627.27
2017-01-04,6936.5
2017-01-05,8062.27
2017-01-06,10124.06
2017-01-07,7920.97
2017-01-08,6778.3
2017-01-09,5727.95
2017-01-10,6983.35
2017-01-11,6276.48
2017-01-12,9751.81
2017-01-13,9526.3
2017-01-14,7423.76
2017-01-15,4963.05
2017-01-16,5831.75
2017-01-17,6312.77
2017-01-18,7766.33
2017-01-19,5858.15
2017-01-20,7849.74
2017-01-21,8010.28
2017-01-22,5106.27
2017-01-23,4257.64
2017-01-24,6273.61
2017-01-25,6932.58
2017-01-26,5891.02
2017-01-27,7031.01
2017-01-28,6441.34
2017-01-29,4659.63
2017-01-30,5152.41
2017-01-31,5580.33
2017-02-01,5457.12
2017-02-02,5904.57
2017-02-03,7247.4
2017-02-04,7809.06
2017-02-05,7688.62
2017-02-06,6464.58
2017-02-07,7582
2017-02-08,6631.61
2017-02-09,6607.82
2017-02-10,9853.64
2017-02-11,9544.14
2017-02-12,5791.02
2017-02-13,3956.97
2017-02-14,5530.62
2017-02-15,5865.02
2017-02-16,5901.06
2017-02-17,11180.71
2017-02-18,8677.26
2017-02-19,4689.06
2017-02-20,5928.17
2017-02-21,5812.97
2017-02-22,7035.33
2017-02-23,10592.16
2017-02-24,11428
2017-02-25,6393.41
2017-02-26,4091.46
2017-02-27,4655.01
2017-02-28,7957.82
2017-03-01,7147.14
2017-03-02,9835.79
2017-03-03,10810.75
2017-03-04,17431.53
2017-03-05,9619.11
2017-03-06,5588.18
2017-03-07,8011.65
2017-03-08,7968.3
2017-03-09,10472.34
2017-03-10,23007.29
2017-03-11,9912.68
2017-03-12,6593.84
2017-03-13,6169.58
2017-03-14,9154.08
2017-03-15,10639.9
2017-03-16,9757.57
2017-03-17,12224.38
2017-03-18,11577.24
2017-03-19,8837.47
2017-03-20,31124.81
2017-03-21,12110.92
2017-03-22,24951.43
2017-03-23,15593.27
2017-03-24,8315.46
2017-03-25,15178.79
2017-03-26,12246.56
2017-03-27,6706.57
2017-03-28,10270.38
2017-03-29,7746.38
2017-03-30,6631.71
2017-03-31,7588.47
2017-04-01,22828.82
2017-04-02,13719.4
2017-04-03,20542.73
2017-04-04,21990.93
2017-04-05,11016.54
2017-04-06,7962.2
2017-04-07,8387.16
2017-04-08,42382.01
2017-04-09,68625.2
2017-04-10,6653.07
2017-04-11,8670.47
2017-04-12,7727.02
2017-04-13,9295.33
2017-04-14,12011.42
2017-04-15,9357.52
2017-04-16,6737.41
2017-04-17,9598.91
2017-04-18,11725.7
2017-04-19,9463
2017-04-20,8613.16
2017-04-21,10566.49
2017-04-22,8565.48
2017-04-23,7688.42
2017-04-24,7346.14
2017-04-25,10654.81
2017-04-26,12892.06
2017-04-27,9299.63
2017-04-28,11810.28
2017-04-29,10825.46
2017-04-30,7959.06
2017-05-01,8560
2017-05-02,11796.31
2017-05-03,10891.74
2017-05-04,13392.38
2017-05-05,13327.76
2017-05-06,17145.76
2017-05-07,12031.28
2017-05-08,11345.61
2017-05-09,17701.01
2017-05-10,16596.85
2017-05-11,21643.86
2017-05-12,18687.06
2017-05-13,15973.29
2017-05-14,16026.86
2017-05-15,12455.83
2017-05-16,15699.74
2017-05-17,20445.23
2017-05-18,22791.76
2017-05-19,20996.78
2017-05-20,17419.55
2017-05-21,16787.9
2017-05-22,14213.63
2017-05-23,21419.65
2017-05-24,25069.64
2017-05-25,26336.62
2017-05-26,23815.69
2017-05-27,18485.42
2017-05-28,17244.74
2017-05-29,20579.1
2017-05-30,17301.48
2017-05-31,25584.95
2017-06-01,22536.69
2017-06-02,24470.62
2017-06-03,25966.69
2017-06-04,25426.24
2017-06-05,32670.53
2017-06-06,29113.04
2017-06-07,23125.62
2017-06-08,21353.16
2017-06-09,22192.1
2017-06-10,25927.46
2017-06-11,27452.24
2017-06-12,29078.03
2017-06-13,26577.1
2017-06-14,30452.79
2017-06-15,27473.6
2017-06-16,25347.65
2017-06-17,31577.46
2017-06-18,23960.34
2017-06-19,25944.13
2017-06-20,28801.59
2017-06-21,29116.47
2017-06-22,35124.86
2017-06-23,32111.29
2017-06-24,23417.71
2017-06-25,22805.1
2017-06-26,25537.32
2017-06-27,34126.28
2017-06-28,26976.51
2017-06-29,24357.55
2017-06-30,36751.05
2017-07-01,34164.24
2017-07-02,23684.42
2017-07-03,21468.62
2017-07-04,28343.61
2017-07-05,21775.88
2017-07-06,26322.29
2017-07-07,26212.56
2017-07-08,24335.82
2017-07-09,31865.3
2017-07-10,28945.23
2017-07-11,32794.86
2017-07-12,24567.53
2017-07-13,23992.52
2017-07-14,22552.16
2017-07-15,25700.23
2017-07-16,17537.93
2017-07-17,17378.81
2017-07-18,25267.13
2017-07-19,22703.88
2017-07-20,21777.59
2017-07-21,27535.76
2017-07-22,21984.81
2017-07-23,21297.44
2017-07-24,23012.35
2017-07-25,24566.06
2017-07-26,74610.87
2017-07-27,39496.63
2017-07-28,28545.03
2017-07-29,46010.7
2017-07-30,69036.62
2017-07-31,151760.66
2017-08-01,49946.01
2017-08-02,48364.41
2017-08-03,37563.79
2017-08-04,26920.98
2017-08-05,26782.15
2017-08-06,25865.42
2017-08-07,26495.93
2017-08-08,30336.27
2017-08-09,33228.42
2017-08-10,31702.58
2017-08-11,35630.3
2017-08-12,40704.26
2017-08-13,39235.41
2017-08-14,32323.66
2017-08-15,48317.19
2017-08-16,35949.23
2017-08-17,44749.78
2017-08-18,32939.13
2017-08-19,36134.87
2017-08-20,35074.83
2017-08-21,35011.65
2017-08-22,41615.44
2017-08-23,38881.13
2017-08-24,29720.55
2017-08-25,34350.19
2017-08-26,28821.77
2017-08-27,26341.05
2017-08-28,20898.37
2017-08-29,34381.65
2017-08-30,30997.55
2017-08-31,27114.48
2017-09-01,28431.39
2017-09-02,28960.79
2017-09-03,28747.2
2017-09-04,31208.16
2017-09-05,35682.5
2017-09-06,116068.02
2017-09-07,41644.97
2017-09-08,37575.72
2017-09-09,32389.59
2017-09-10,33628.35
2017-09-11,32971.76
2017-09-12,50628.45
2017-09-13,36006.74
2017-09-14,39302.18
2017-09-15,39605.99
2017-09-16,43663.27
2017-09-17,35227.13
2017-09-18,32976.78
2017-09-19,43337.53
2017-09-20,24525.77
2017-09-21,31445.51
2017-09-22,25150.39
2017-09-23,30787.76
2017-09-24,23775.64
2017-09-25,25320.17
2017-09-26,33989.12
2017-09-27,30582.78
2017-09-28,36675.03
2017-09-29,33517.29
2017-09-30,29836.07
2017-10-01,34280.23
2017-10-02,29584.06
2017-10-03,27980.4
2017-10-04,22148.65
2017-10-05,26223.89
2017-10-06,27027.74
2017-10-07,21269.33
2017-10-08,18694.23
2017-10-09,26329.67
2017-10-10,38613.65
2017-10-11,31571.22
2017-10-12,28724.44
2017-10-13,35914.24
2017-10-14,39694.76
2017-10-15,30562.39
2017-10-16,24005.67
2017-10-17,35107.62
2017-10-18,50562.16
2017-10-19,35348.96
2017-10-20,29391.05
2017-10-21,35291.18
2017-10-22,29330.07
2017-10-23,31649.41
2017-10-24,57595.69
2017-10-25,40589.46
2017-10-26,33506.87
2017-10-27,39278.79
2017-10-28,45385.74
2017-10-29,38978.3
2017-10-30,30538.95
2017-10-31,34372.97
2017-11-01,44296.2
2017-11-02,41250.59
2017-11-03,44952.75
2017-11-04,78730.47
2017-11-05,157937.72
2017-11-06,212776.09
2017-11-07,80179.42
2017-11-08,77282.62
2017-11-09,108493.26
2017-11-10,47237.59
2017-11-11,55908.47
2017-11-12,57776.87
2017-11-13,68725.76
2017-11-14,90987.56
2017-11-15,98317.8
2017-11-16,75433.31
2017-11-17,99630.96
2017-11-18,98906.6
2017-11-19,77302.11
2017-11-20,172769.6
2017-11-21,105964.68
2017-11-22,83316.02
2017-11-23,99805.03
2017-11-24,80511.2
2017-11-25,72172.23
2017-11-26,76805.61
2017-11-27,56094.56
2017-11-28,61776.66
2017-11-29,79921.48
2017-11-30,80122.24
2017-12-01,70561.43
2017-12-02,63019.17
2017-12-03,73176.43
2017-12-04,59363.18
2017-12-05,78193.91
2017-12-06,88460.26
2017-12-07,108416.12
2017-12-08,152705.23
2017-12-09,104330.43
2017-12-10,102665.76
2017-12-11,86398.28
2017-12-12,119389.79
2017-12-13,147518.93
2017-12-14,118546.26
2017-12-15,99683.87
2017-12-16,118354.96
2017-12-17,123137.29
2017-12-18,107810.11
2017-12-19,144013.27
2017-12-20,91556.55
2017-12-21,103134.02
2017-12-22,82546.2
2017-12-23,74581.99
2017-12-24,84443.9
2017-12-25,68836.97
2017-12-26,100286.56
2017-12-27,136775.16
2017-12-28,112139.53
2017-12-29,98520.93
2017-12-30,94048.44
2017-12-31,80854.8
2018-01-01,72340.81
2018-01-02,90689.66
2018-01-03,115250.04
2018-01-04,108399.06
2018-01-05,100410.49
2018-01-06,150268.03
2018-01-07,140230.42
2018-01-08,123077.37
2018-01-09,109788.52
2018-01-10,89149.39
2018-01-11,91982.59
2018-01-12,68237.78
2018-01-13,80517.49
2018-01-14,67056.01
2018-01-15,70718.17
2018-01-16,71517.76
2018-01-17,105120.94
2018-01-18,84350.01
2018-01-19,79345.01
2018-01-20,81314.08
2018-01-21,75800.73
2018-01-22,56265.57
2018-01-23,65337.55
2018-01-24,61183.33
2018-01-25,63544.76
2018-01-26,58983.97
2018-01-27,77472.13
2018-01-28,68266.69
2018-01-29,146449.37
2018-01-30,84541.09
2018-01-31,81405.69
2018-02-01,87423.69
2018-02-02,72324.66
2018-02-03,52798.95
2018-02-04,42591.46
2018-02-05,42265.2
2018-02-06,53527.07
2018-02-07,55770.04
2018-02-08,39276.43
2018-02-09,52706.8
2018-02-10,56945.15
2018-02-11,67871.74
2018-02-12,64398.98
2018-02-13,68349.31
2018-02-14,54054.82
2018-02-15,65751.6
2018-02-16,67256.33
2018-02-17,52642.98
2018-02-18,101668.84
2018-02-19,103204.06
2018-02-20,100900.74
2018-02-21,62236.34
2018-02-22,59402.85
2018-02-23,70779.5
2018-02-24,83631.65
2018-02-25,59259.61
2018-02-26,34960.93
2018-02-27,42100.58
2018-02-28,43074.05
2018-03-01,72010.57
2018-03-02,55675.54
2018-03-03,54062.81
2018-03-04,46133.44
2018-03-05,42993.67
2018-03-06,49899.08
2018-03-07,47862.08
2018-03-08,41131.78
2018-03-09,44826.12
2018-03-10,54052
2018-03-11,46176.41
2018-03-12,46431.18
2018-03-13,57169.57
2018-03-14,85227.52
2018-03-15,43715.75
2018-03-16,79609.52
2018-03-17,50619.89
2018-03-18,126655.64
2018-03-19,75154.73
2018-03-20,60093.17
2018-03-21,47071.38
2018-03-22,43584.35
2018-03-23,52578.19
2018-03-24,46411.63
2018-03-25,42676.79
2018-03-26,46582.69
2018-03-27,63963.19
2018-03-28,43622.15
2018-03-29,57986.99
2018-03-30,33321.31
2018-03-31,45328.09
2018-04-01,42697.02
2018-04-02,45189.75
2018-04-03,60131.18
2018-04-04,50109.49
2018-04-05,45125.13
2018-04-06,37784.45
2018-04-07,51152.75
2018-04-08,33714.78
2018-04-09,36238.98
2018-04-10,46027.18
2018-04-11,31712.09
2018-04-12,43005.6
2018-04-13,70390.1
2018-04-14,41026.88
2018-04-15,34359.49
2018-04-16,38141.98
2018-04-17,48867.37
2018-04-18,46917.52
2018-04-19,41140.39
2018-04-20,51281.27
2018-04-21,64402.18
2018-04-22,37524.48
2018-04-23,36009.69
2018-04-24,43478.51
2018-04-25,88711.36
2018-04-26,90319.95
2018-04-27,45288.76
2018-04-28,64685.13
2018-04-29,89536.02
2018-04-30,90119.57
2018-05-01,53107.05
2018-05-02,46853.25
2018-05-03,44918.47
2018-05-04,60120.19
2018-05-05,60147.71
2018-05-06,50478.3
2018-05-07,61887.22
2018-05-08,66060.73
2018-05-09,43975.07
2018-05-10,47956.02
2018-05-11,50377.81
2018-05-12,55700.61
2018-05-13,45902.64
2018-05-14,44953.41
2018-05-15,51753.45
2018-05-16,42069.03
2018-05-17,47788.88
2018-05-18,55796.27
2018-05-19,44114.17
2018-05-20,36951.5
2018-05-21,39092.99
2018-05-22,35183.23
2018-05-23,37744.91
2018-05-24,42894.6
2018-05-25,44284.58
2018-05-26,39197.89
2018-05-27,33887.17
2018-05-28,46180.24
2018-05-29,54036.45
2018-05-30,47317.43
2018-05-31,43405.61
2018-06-01,48812.61
2018-06-02,45882.27
2018-06-03,42130.85
2018-06-04,42351.02
2018-06-05,51675.88
2018-06-06,52177.35
2018-06-07,39497.06
2018-06-08,41970.53
2018-06-09,53358.22
2018-06-10,39232.01
2018-06-11,51431.88
2018-06-12,52866.64
2018-06-13,45231.73
2018-06-14,59776.12
2018-06-15,60826.41
2018-06-16,54218.71
2018-06-17,33422.93
2018-06-18,28712.35
2018-06-19,35672.04
2018-06-20,94630.29
2018-06-21,54586.25
2018-06-22,32086.68
2018-06-23,52556.85
2018-06-24,52952.79
2018-06-25,36486.17
2018-06-26,40609.1
2018-06-27,27189.57
2018-06-28,32665.96
2018-06-29,27292.5
2018-06-30,30447.09
2018-07-01,24443.34
2018-07-02,34895.33
2018-07-03,32298.15
2018-07-04,30819.17
2018-07-05,27600.96
2018-07-06,36247.74
2018-07-07,29489.85
2018-07-08,24666.29
2018-07-09,33370.76
2018-07-10,32604.69
2018-07-11,32287.12
2018-07-12,24711.25
2018-07-13,24942.03
2018-07-14,25970.55
2018-07-15,24072.53
2018-07-16,28526.61
2018-07-17,41024.91
2018-07-18,38158.18
2018-07-19,33294.44
2018-07-20,30954.38
2018-07-21,32737.86
2018-07-22,26825.64
2018-07-23,25117.94
2018-07-24,33930.49
2018-07-25,39882.54
2018-07-26,34638.27
2018-07-27,28602.81
2018-07-28,34153.39
2018-07-29,33142.77
2018-07-30,32214.15
2018-07-31,33700.21
2018-08-01,29097.37
2018-08-02,29198.89
2018-08-03,35100.44
2018-08-04,31651.16
2018-08-05,34108.87
2018-08-06,40671.09
2018-08-07,42369.49
2018-08-08,32494.17
2018-08-09,35894.06
2018-08-10,33854.9
2018-08-11,26375.16
2018-08-12,28739.28
2018-08-13,24086.37
2018-08-14,27536.33
2018-08-15,31144.31
2018-08-16,26333.08
2018-08-17,27914.54
2018-08-18,24913.72
2018-08-19,21145.96
2018-08-20,23830.02
2018-08-21,24529.66
2018-08-22,33783.94
2018-08-23,25636.45
2018-08-24,27397.51
2018-08-25,25030.92
2018-08-26,22190.43
2018-08-27,20061.75
2018-08-28,28664.78
2018-08-29,66900.88
2018-08-30,25246.58
2018-08-31,24939.4
2018-09-01,42188.88
2018-09-02,31318.57
2018-09-03,36388.7
2018-09-04,30489.91
2018-09-05,31065.4
2018-09-06,25321.68
2018-09-07,31517.78
2018-09-08,30369.84
2018-09-09,22475.04
2018-09-10,22815.95
2018-09-11,26513.91
2018-09-12,24662.55
2018-09-13,23135.85
2018-09-14,30406.55
2018-09-15,21697.56
2018-09-16,23359.45
2018-09-17,27109.22
2018-09-18,27626.87
2018-09-19,26002.04
2018-09-20,23776.44
2018-09-21,22649.42
2018-09-22,30225.26
2018-09-23,22046.61
2018-09-24,18402.04
2018-09-25,21880.55
2018-09-26,31676.99
2018-09-27,28257.22
2018-09-28,24170.2
2018-09-29,27374.67
2018-09-30,23241.06
2018-10-01,19756.27
2018-10-02,22097.71
2018-10-03,31625.71
2018-10-04,21576.72
2018-10-05,21530.06
2018-10-06,19963.06
2018-10-07,18310.5
2018-10-08,16982.46
2018-10-09,28138.81
2018-10-10,20123.09
2018-10-11,28053.24
2018-10-12,25669.38
2018-10-13,29571.52
2018-10-14,21027.81
2018-10-15,21652.65
2018-10-16,31419.79
2018-10-17,21165.15
2018-10-18,21691.33
2018-10-19,23962.84
2018-10-20,23063.32
2018-10-21,17839.9
2018-10-22,16489.4
2018-10-23,23550.7
2018-10-24,26896.29
2018-10-25,25106.87
2018-10-26,23717.31
2018-10-27,20241.51
2018-10-28,15675.79
2018-10-29,15579.41
2018-10-30,18528.56
2018-10-31,18291.65
2018-11-01,18663.29
2018-11-02,19582.65
2018-11-03,26289.69
2018-11-04,15469.17
2018-11-05,17150.88
2018-11-06,23707.05
2018-11-07,20047.64
2018-11-08,20218.92
2018-11-09,18023.16
2018-11-10,19676.49
2018-11-11,13916.88
2018-11-12,14882.28
2018-11-13,19481.4
2018-11-14,20969.17
2018-11-15,23591.16
2018-11-16,35499.02
2018-11-17,22248.79
2018-11-18,13309.37
2018-11-19,12283.96
2018-11-20,19053.17
2018-11-21,32263.11
2018-11-22,21749.16
2018-11-23,16704.1
2018-11-24,17194.99
2018-11-25,13756.41
2018-11-26,18567.49
2018-11-27,18950.23
2018-11-28,16924.62
2018-11-29,23093.07
2018-11-30,20515.08
2018-12-01,29988
2018-12-02,18990.5
2018-12-03,17846.25
2018-12-04,24014.06
2018-12-05,36280.34
2018-12-06,25159.22
2018-12-07,19068.32
2018-12-08,19001.9
2018-12-09,12487.9
2018-12-10,11241.13
2018-12-11,13312.39
2018-12-12,15248.93
2018-12-13,13719.72
2018-12-14,13732.34
2018-12-15,12316.09
2018-12-16,9252.74
2018-12-17,11806.64
2018-12-18,13580.02
2018-12-19,19337.66
2018-12-20,18649.35
2018-12-21,18441
2018-12-22,17606.23
2018-12-23,12640.74
2018-12-24,11397.23
2018-12-25,16232.77
2018-12-26,14597.82
2018-12-27,13937.1
2018-12-28,14941.15
2018-12-29,16936.08
2018-12-30,13707.03
2018-12-31,9791.17
2019-01-01,11910.23
2019-01-02,9567.63
2019-01-03,12944.88
2019-01-04,11074.84
2019-01-05,11655.71
2019-01-06,9711.26
2019-01-07,10594.68
2019-01-08,15529.58
2019-01-09,10943.88
2019-01-10,12608.1
2019-01-11,15947.02
2019-01-12,11612.17
2019-01-13,10171.09
2019-01-14,8891.07
2019-01-15,10265.63
2019-01-16,15652.3
2019-01-17,11319.82
2019-01-18,10223.16
2019-01-19,9722.31
2019-01-20,7598.9
2019-01-21,7866.93
2019-01-22,19966.27
2019-01-23,15594.06
2019-01-24,13522.54
2019-01-25,20063.88
2019-01-26,25906.25
2019-01-27,11164.94
2019-01-28,10014.23
2019-01-29,20999.97
2019-01-30,15471.36
2019-01-31,26555.1
2019-02-01,27539.29
2019-02-02,33894.34
2019-02-03,22430.03
2019-02-04,9098.44
2019-02-05,26987.95
2019-02-06,36304.02
2019-02-07,46541.49
2019-02-08,32973.33
2019-02-09,42631.38
2019-02-10,30680.12
2019-02-11,7391.59
2019-02-12,30759.34
2019-02-13,43668.7
2019-02-14,41092.61
2019-02-15,29104.64
2019-02-16,31878.41
2019-02-17,7424.07
2019-02-18,7009.56
2019-02-19,13087.43
2019-02-20,25524.3
2019-02-21,16692.08
2019-02-22,14250.83
2019-02-23,14936.71
2019-02-24,12991.37
2019-02-25,12080.42
2019-02-26,18662.15
2019-02-27,16814.16
2019-02-28,15903.88
2019-03-01,16334.43
2019-03-02,14250.04
2019-03-03,18797.51
2019-03-04,16330.28
2019-03-05,27258.5
2019-03-06,41247.09
2019-03-07,21658.06
2019-03-08,22147.32
2019-03-09,21616.97
2019-03-10,12586.73
2019-03-11,11420.26
2019-03-12,15969.88
2019-03-13,20248.74
2019-03-14,14595.51
2019-03-15,18950.92
2019-03-16,17248.94
2019-03-17,12580.21
2019-03-18,15867.21
2019-03-19,34471.01
2019-03-20,22021.23
2019-03-21,19736.29
2019-03-22,22778.11
2019-03-23,31171.57
2019-03-24,11733.2
2019-03-25,11147.15
2019-03-26,18484.44
2019-03-27,13710.72
2019-03-28,12860.67
2019-03-29,15105.26
2019-03-30,15314.9
2019-03-31,10037.12
2019-04-01,9933.39
2019-04-02,19999.17
2019-04-03,40496.71
2019-04-04,18542.93
2019-04-05,17166.18
2019-04-06,13730.57
2019-04-07,10855.22
2019-04-08,12032.45
2019-04-09,21036.59
2019-04-10,30087.2
2019-04-11,20959.88
2019-04-12,24487.12
2019-04-13,19440.25
2019-04-14,15171.92
2019-04-15,15416.61
2019-04-16,20911.03
2019-04-17,25093.22
2019-04-18,23640.52
2019-04-19,24165.62
2019-04-20,36219.4
2019-04-21,17214.35
2019-04-22,10407.41
2019-04-23,29358.77
2019-04-24,38957.29
2019-04-25,26988.32
2019-04-26,25736.04
2019-04-27,18182.4
2019-04-28,10334.53
2019-04-29,12235.78
2019-04-30,15832.15
2019-05-01,31437.87
2019-05-02,13751.74
2019-05-03,11617.92
2019-05-04,18952.89
2019-05-05,13799.35
2019-05-06,13118.52
2019-05-07,17587.93
2019-05-08,26137.9
2019-05-09,19577.23
2019-05-10,20967.12
2019-05-11,25633.34
2019-05-12,25759.33
2019-05-13,17813.47
2019-05-14,31931.04
2019-05-15,35925.65
2019-05-16,49390.65
2019-05-17,30100
2019-05-18,27911.23
2019-05-19,17504.65
2019-05-20,19089.28
2019-05-21,25170.66
2019-05-22,22470.16
2019-05-23,21548.41
2019-05-24,24376.99
2019-05-25,27404.59
2019-05-26,18056.77
2019-05-27,19473.58
2019-05-28,25501.9
2019-05-29,28516.73
2019-05-30,29005.85
2019-05-31,27252.71
2019-06-01,57887.65
2019-06-02,28514.55
2019-06-03,31222.44
2019-06-04,47683.07
2019-06-05,37181.71
2019-06-06,40294.55
2019-06-07,39180.57
2019-06-08,32766.11
2019-06-09,22303.44
2019-06-10,21189.7
2019-06-11,34186.66
2019-06-12,48819.23
2019-06-13,32421.7
2019-06-14,27625.34
2019-06-15,29707.92
2019-06-16,27139.29
2019-06-17,60255.13
2019-06-18,62790.86
2019-06-19,66875.85
2019-06-20,36415.23
2019-06-21,100889.24
2019-06-22,49654.49
2019-06-23,56394.57
2019-06-24,26964.14
2019-06-25,46795.61
2019-06-26,62269.43
2019-06-27,59045.12
2019-06-28,53705.03
2019-06-29,42192.37
2019-06-30,43234.9
2019-07-01,52824.63
2019-07-02,69009.38
2019-07-03,38720.56
2019-07-04,51231.85
2019-07-05,36805.7
2019-07-06,48222.53
2019-07-07,20721.45
2019-07-08,29443.01
2019-07-09,79516.86
2019-07-10,84753.2
2019-07-11,89765.91
2019-07-12,107241.12
2019-07-13,77050.42
2019-07-14,57255.88
2019-07-15,52981.1
2019-07-16,56858.65
2019-07-17,65671.99
2019-07-18,69758.36
2019-07-19,159112.47
2019-07-20,44713.38
2019-07-21,29479.05
2019-07-22,52753.99
2019-07-23,281033.33
2019-07-24,35323.99
2019-07-25,57891.03
2019-07-26,63087.29
2019-07-27,29156.75
2019-07-28,18689.46
2019-07-29,15063.16
2019-07-30,84117.1
2019-07-31,67716.17
2019-08-01,47604.9
2019-08-02,32855.76
2019-08-03,22231.01
2019-08-04,16738.42
2019-08-05,19835.83
2019-08-06,72293.32
2019-08-07,58443.03
2019-08-08,27512.25
2019-08-09,51219.12
2019-08-10,52289.86
2019-08-11,74290.87
2019-08-12,23367.77
2019-08-13,41343.12
2019-08-14,41304.56
2019-08-15,41968.08
2019-08-16,43449.9
2019-08-17,30859.19
2019-08-18,54134.08
2019-08-19,30012.43
2019-08-20,25588.76
2019-08-21,382188.34
2019-08-22,994727.39
2019-08-23,396587.87
2019-08-24,19270.58
2019-08-25,13596.12
2019-08-26,19771.28
2019-08-27,31719.69
2019-08-28,27734.1
2019-08-29,25134.56
2019-08-30,21716.69
2019-08-31,21179.93
2019-09-01,21700.29
2019-09-02,26549.83
2019-09-03,27406.87
2019-09-04,28371.65
2019-09-05,36922.65
2019-09-06,33976.53
2019-09-07,31732.92
2019-09-08,19638.92
2019-09-09,25297.71
2019-09-10,27208.99
2019-09-11,33993.13
2019-09-12,31960.4
2019-09-13,24251.92
2019-09-14,23017.72
2019-09-15,19783.96
2019-09-16,16488.12
2019-09-17,28103.93
2019-09-18,31572.06
2019-09-19,22692.22
2019-09-20,21993.67
2019-09-21,25415.32
2019-09-22,19502.14
2019-09-23,88362.95
2019-09-24,42325.67
2019-09-25,34492.86
2019-09-26,40968.96
2019-09-27,23922.42
2019-09-28,23292.67
2019-09-29,16566.65
2019-09-30,15704.89
2019-10-01,28482.93
2019-10-02,27871.71
2019-10-03,20576.32
2019-10-04,19544.46
2019-10-05,16533.48
2019-10-06,11403.74
2019-10-07,14109.36
2019-10-08,15944.12
2019-10-09,20215.02
2019-10-10,24508.09
2019-10-11,18597.72
2019-10-12,16876.41
2019-10-13,13459.99
2019-10-14,11380.38
2019-10-15,20908.36
2019-10-16,17108.83
2019-10-17,25162.29
2019-10-18,23375.65
2019-10-19,21744.92
2019-10-20,20396.13
2019-10-21,17795.61
2019-10-22,20902.23
2019-10-23,27060.88
2019-10-24,28102.92
2019-10-25,23831.07
2019-10-26,33629.91
2019-10-27,27773.19
2019-10-28,23637.26
2019-10-29,57894.51
2019-10-30,45107.83
2019-10-31,55327.87
2019-11-01,42154.01
2019-11-02,34225.26
2019-11-03,29771.22
2019-11-04,27426.42
2019-11-05,28773.41
2019-11-06,31397.74
2019-11-07,39505.55
2019-11-08,40268.17
2019-11-09,38102.75
2019-11-10,25194.06
2019-11-11,17965.03
2019-11-12,18886.82
2019-11-13,30318.22
2019-11-14,32463.63
2019-11-15,29944.94
2019-11-16,33202.09
2019-11-17,19241.75
2019-11-18,19182.24
2019-11-19,33392.78
2019-11-20,21082.19
2019-11-21,20459.53
2019-11-22,38888
2019-11-23,36176.51
2019-11-24,22619.26
2019-11-25,21568.35
2019-11-26,31241.49
2019-11-27,24551.01
2019-11-28,22353.35
2019-11-29,18344.39
2019-11-30,22738.38
2019-12-01,19354.71
2019-12-02,17152.7
2019-12-03,18735.21
2019-12-04,17242.3
2019-12-05,40225.21
2019-12-06,19205.69
2019-12-07,56464.43
2019-12-08,21895.75
2019-12-09,17061.94
2019-12-10,26304.57
2019-12-11,26722.8
2019-12-12,26050.25
2019-12-13,17691.08
2019-12-14,15758.46
2019-12-15,18742.6
2019-12-16,17257.81
2019-12-17,15298.66
2019-12-18,32596.8
2019-12-19,23998.4
2019-12-20,22602.26
2019-12-21,19924.18
2019-12-22,14629.95
2019-12-23,17834.98
2019-12-24,21592.18
2019-12-25,16806.13
2019-12-26,19290.1
2019-12-27,16314.11
2019-12-28,18121.35
2019-12-29,15358.14
2019-12-30,16181.65
2019-12-31,18879.06
2020-01-01,16969.55
2020-01-02,11947.08
2020-01-03,15855.6
2020-01-04,22155.12
2020-01-05,14625.46
2020-01-06,12336.21
2020-01-07,26807.48
2020-01-08,16911.24
2020-01-09,21991.85
2020-01-10,35256.82
2020-01-11,21594.75
2020-01-12,16397.91
2020-01-13,14498.1
2020-01-14,17886.97
2020-01-15,29080.26
2020-01-16,37681.58
2020-01-17,22361.06
2020-01-18,28060.9
2020-01-19,15120.57
2020-01-20,16611.79
2020-01-21,27936.47
2020-01-22,17603.46
2020-01-23,21997.92
2020-01-24,23637.54
2020-01-25,17792.08
2020-01-26,13913.15
2020-01-27,16695.51
2020-01-28,43389.66
2020-01-29,26562.07
2020-01-30,24109.46
2020-01-31,38842.94
2020-02-01,31516.29
2020-02-02,22783.29
2020-02-03,21789.26
2020-02-04,41064.07
2020-02-05,25838.61
2020-02-06,21124.94
2020-02-07,46935.23
2020-02-08,43983.91
2020-02-09,22384.95
2020-02-10,17985.82
2020-02-11,35584.51
2020-02-12,28067.13
2020-02-13,32090.51
2020-02-14,29898.77
2020-02-15,30377.28
2020-02-16,24790.67
2020-02-17,31721.62
2020-02-18,32883.86
2020-02-19,30941.35
2020-02-20,41246.14
2020-02-21,29653.78
2020-02-22,23421.86
2020-02-23,17726.86
2020-02-24,23610.88
2020-02-25,22210.81
2020-02-26,23072.53
2020-02-27,23929.69
2020-02-28,37994.94
2020-02-29,22542.87
2020-03-01,16719.69
2020-03-02,15173.07
2020-03-03,20382.48
2020-03-04,19751.29
2020-03-05,22683.97
2020-03-06,26018.52
2020-03-07,26352.27
2020-03-08,16920.45
2020-03-09,16367.71
2020-03-10,28373.17
2020-03-11,25093.44
2020-03-12,44153.03
2020-03-13,37271.56
2020-03-14,45751.54
2020-03-15,22284.51
2020-03-16,20025.09
2020-03-17,28872.83
2020-03-18,27765.98
2020-03-19,25459.62
2020-03-20,29426.02
2020-03-21,29768.84
2020-03-22,16355.9
2020-03-23,22092.31
2020-03-24,24070.49
2020-03-25,31214.32
2020-03-26,25831.36
2020-03-27,19429.6
2020-03-28,23739
2020-03-29,18471.67
2020-03-30,16022.79
2020-03-31,21541.3
2020-04-01,21448.4
2020-04-02,31024.33
2020-04-03,21354.83
2020-04-04,23476.42
2020-04-05,22546.24
2020-04-06,15148.19
2020-04-07,27124.58
2020-04-08,24547.71
2020-04-09,20266.39
2020-04-10,24829.78
2020-04-11,23808.4
2020-04-12,17211.17
2020-04-13,15509.57
2020-04-14,22750.92
2020-04-15,18680.25
2020-04-16,18048.56
2020-04-17,23105.45
2020-04-18,22784.33
2020-04-19,16077.04
2020-04-20,15016.17
2020-04-21,18065.64
2020-04-22,16587.16
2020-04-23,20879.65
2020-04-24,20691.18
2020-04-25,27765.33
2020-04-26,15201.61
2020-04-27,15438.86
2020-04-28,24207.65
2020-04-29,20329.94
2020-04-30,44748.58
2020-05-01,55983.61
2020-05-02,26695.63
2020-05-03,16509.32
2020-05-04,21436.12
2020-05-05,24894.35
2020-05-06,29586.83
2020-05-07,26405.67
2020-05-08,42898.03
2020-05-09,35943.08
2020-05-10,33096.05
2020-05-11,23965.49
2020-05-12,31725.54
2020-05-13,29186.98
2020-05-14,35213.86
2020-05-15,40122.68
2020-05-16,28881.72
2020-05-17,18330.23
2020-05-18,22710.26
2020-05-19,38000.89
2020-05-20,44579.06
2020-05-21,36761.4
2020-05-22,31432.65
2020-05-23,31420.84
2020-05-24,16999.75
2020-05-25,23214.86
2020-05-26,35253.62
2020-05-27,27604.12
2020-05-28,32945.28
2020-05-29,26223.44
2020-05-30,30823.81
2020-05-31,19031.44
2020-06-01,26426.07
2020-06-02,41727.73
2020-06-03,47704.83
2020-06-04,32432.09
2020-06-05,31554.77
2020-06-06,29257.33
2020-06-07,16032.89
2020-06-08,16957.89
2020-06-09,28302
2020-06-10,23666.24
2020-06-11,38120.85
2020-06-12,26197.4
2020-06-13,23394.27
2020-06-14,18881.05
2020-06-15,16922.15
2020-06-16,31807.93
2020-06-17,34832.48
2020-06-18,24837.01
2020-06-19,25517.83
2020-06-20,43262.58
2020-06-21,18129.64
2020-06-22,16988.25
2020-06-23,33493.38
2020-06-24,32332.57
2020-06-25,39095.03
2020-06-26,34171.93
2020-06-27,31558.96
2020-06-28,18482.2
2020-06-29,23950.46
2020-06-30,28366.33
2020-07-01,33199.23
2020-07-02,24695.98
2020-07-03,28478.92
2020-07-04,26916.43
2020-07-05,20750.01
2020-07-06,19317.9
2020-07-07,30801.75
2020-07-08,27772.22
2020-07-09,31453.26
2020-07-10,24134.45
2020-07-11,26319.01
2020-07-12,18513.64
2020-07-13,30432.94
2020-07-14,30035.89
2020-07-15,23126.99
2020-07-16,24444.93
2020-07-17,25167.42
2020-07-18,26548.62
2020-07-19,18753.81
2020-07-20,22385.46
2020-07-21,27237.53
2020-07-22,45841.17
2020-07-23,24995.63
2020-07-24,29019.45
2020-07-25,26631.29
2020-07-26,24131.49
2020-07-27,23898.34
2020-07-28,41621.32
2020-07-29,38209.62
2020-07-30,34856.04
2020-07-31,35406.27
2020-08-01,32133.43
2020-08-02,33136.52
2020-08-03,30081.29
2020-08-04,38105.25
2020-08-05,33388.88
2020-08-06,40558.8
2020-08-07,37384.1
2020-08-08,36551.73
2020-08-09,33365.73
2020-08-10,31501.98
2020-08-11,40062.23
2020-08-12,35552.32
2020-08-13,31757.72
2020-08-14,33505.13
2020-08-15,48239.92
2020-08-16,60729.18
2020-08-17,82035.9
2020-08-18,124410.21
2020-08-19,71184.91
2020-08-20,66141.72
2020-08-21,66352.06
2020-08-22,53503.93
2020-08-23,61888.54
2020-08-24,68038.24
2020-08-25,66173.59
2020-08-26,60737.78
2020-08-27,67926.06
2020-08-28,66539.65
2020-08-29,74809.9
2020-08-30,76164.27
2020-08-31,91100.51
2020-09-01,108925.07
2020-09-02,84475.06
2020-09-03,85006.46
2020-09-04,92738.11
2020-09-05,90752.97
2020-09-06,75167.78
2020-09-07,86390.5
2020-09-08,98988.88
2020-09-09,93881.05
2020-09-10,127909.78
2020-09-11,111390.31
2020-09-12,99219.04
2020-09-13,113465.8
2020-09-14,137491.49
2020-09-15,96626.5
2020-09-16,97774.18
2020-09-17,105969.1
2020-09-18,136841.52
2020-09-19,141116.97
2020-09-20,111855.52
2020-09-21,124712.74
2020-09-22,135893.21
2020-09-23,90709.64
2020-09-24,81419.76
2020-09-25,75625.76
2020-09-26,94430.8
2020-09-27,113168.13
2020-09-28,100159.64
2020-09-29,98931.16
2020-09-30,78138.22
2020-10-01,78974.61
2020-10-02,67460.65
2020-10-03,93610
2020-10-04,74057.58
2020-10-05,78702.76
2020-10-06,77485.48
2020-10-07,70188.31
2020-10-08,59705.33
2020-10-09,61129.28
2020-10-10,90433.02
2020-10-11,73232.68
2020-10-12,102060.28
2020-10-13,78371.33
2020-10-14,102628.72
2020-10-15,106518.93
2020-10-16,88802.17
2020-10-17,87438.15
2020-10-18,106796.6
2020-10-19,134961.35
2020-10-20,133154.1
2020-10-21,145254
2020-10-22,159401.91
2020-10-23,162890.78
2020-10-24,94640.25
2020-10-25,86653.62
2020-10-26,92493.26
2020-10-27,151547.05
2020-10-28,135821.43
2020-10-29,134537.09
2020-10-30,117599.26
2020-10-31,114844.29
2020-11-01,82879.51
2020-11-02,105253.89
2020-11-03,155590.64
2020-11-04,135438.34
2020-11-05,87926.22
2020-11-06,145553.23
2020-11-07,137571.42
2020-11-08,93618.44
2020-11-09,91702.29
2020-11-10,111642.83
2020-11-11,112290
2020-11-12,101776.96
2020-11-13,93783.92
2020-11-14,89522.08
2020-11-15,104549.47
2020-11-16,164563.53
2020-11-17,232976.14
2020-11-18,150347.39
2020-11-19,144259.79
2020-11-20,136953.21
2020-11-21,125787.41
2020-11-22,144987.37
2020-11-23,160047.51
2020-11-24,151299.09
2020-11-25,128513.16
2020-11-26,116676.77
2020-11-27,117553.35