Date,Transaction Amount
2009-01-10,0
2009-01-11,0
2009-01-12,0.53763441
2009-01-13,1.37234043
2009-01-14,0
2009-01-15,0.47286822
2009-01-16,2.38095238
2009-01-17,1.85185185
2009-01-18,0
2009-01-19,1.40186916
2009-01-20,6.73913043
2009-01-21,3.50877193
2009-01-22,5.88235294
2009-01-23,1.64835165
2009-01-24,3.57142857
2009-01-25,2.48756219
2009-01-26,0.2617801
2009-01-27,10.41666667
2009-01-28,1.54639175
2009-01-29,0
2009-01-30,4.95867769
2009-01-31,0
2009-02-01,7.24637681
2009-02-02,0.88495575
2009-02-03,0.390625
2009-02-04,2.0158705
2009-02-05,0
2009-02-06,0
2009-02-07,0
2009-02-08,7.22997416
2009-02-09,7.57575758
2009-02-10,16.41791045
2009-02-11,0
2009-02-12,4.1356391
2009-02-13,0
2009-02-14,0
2009-02-15,0
2009-02-16,7.03125
2009-02-17,12.29508197
2009-02-18,0
2009-02-19,0
2009-02-20,6.4516129
2009-02-21,0
2009-02-22,0
2009-02-23,4.33884298
2009-02-24,0
2009-02-25,0
2009-02-26,0
2009-02-27,0
2009-02-28,15.65217391
2009-03-01,3.53535354
2009-03-02,0
2009-03-03,0
2009-03-04,1.9047619
2009-03-05,12.01923077
2009-03-06,3.57142857
2009-03-07,0
2009-03-08,0
2009-03-09,11.95652174
2009-03-10,0
2009-03-11,0
2009-03-12,0
2009-03-13,1.27118644
2009-03-14,6.63716814
2009-03-15,0
2009-03-16,0
2009-03-17,19.83471074
2009-03-18,0
2009-03-19,3.07017544
2009-03-20,0
2009-03-21,5.08474576
2009-03-22,0
2009-03-23,2.31092437
2009-03-24,0
2009-03-25,0
2009-03-26,0
2009-03-27,11.96581197
2009-03-28,0
2009-03-29,2.80112045
2009-03-30,0
2009-03-31,0
2009-04-01,14.54545455
2009-04-02,0
2009-04-03,0
2009-04-04,0
2009-04-05,0
2009-04-06,3.26923077
2009-04-07,0
2009-04-08,0
2009-04-09,0
2009-04-10,0
2009-04-11,0
2009-04-12,2.91666667
2009-04-13,8.05084746
2009-04-14,0.43478261
2009-04-15,0
2009-04-16,0
2009-04-17,0
2009-04-18,0
2009-04-19,1.12107143
2009-04-20,3.36134454
2009-04-21,48.31932773
2009-04-22,0.40650407
2009-04-23,0
2009-04-24,0
2009-04-25,0
2009-04-26,0
2009-04-27,3.34821429
2009-04-28,0
2009-04-29,0
2009-04-30,7.8125
2009-05-01,0
2009-05-02,0
2009-05-03,5.95166667
2009-05-04,0.75471698
2009-05-05,11.71875
2009-05-06,3.7037037
2009-05-07,0
2009-05-08,0
2009-05-09,0
2009-05-10,0
2009-05-11,0
2009-05-12,0.8325
2009-05-13,0
2009-05-14,1.13067568
2009-05-15,1.07910072
2009-05-16,3.67647059
2009-05-17,0
2009-05-18,0
2009-05-19,0
2009-05-20,0
2009-05-21,0
2009-05-22,0
2009-05-23,0
2009-05-24,0
2009-05-25,0
2009-05-26,0
2009-05-27,0
2009-05-28,0
2009-05-29,0
2009-05-30,28.30188679
2009-05-31,0
2009-06-01,0
2009-06-02,0.70422535
2009-06-03,0
2009-06-04,0
2009-06-05,0
2009-06-06,0
2009-06-07,0
2009-06-08,0
2009-06-09,0
2009-06-10,0
2009-06-11,0
2009-06-12,0
2009-06-13,0
2009-06-14,0
2009-06-15,0
2009-06-16,0
2009-06-17,0
2009-06-18,0
2009-06-19,0
2009-06-20,0
2009-06-21,0
2009-06-22,0
2009-06-23,39.47368421
2009-06-24,0
2009-06-25,1.56821053
2009-06-26,14.70588235
2009-06-27,0
2009-06-28,0
2009-06-29,1.08695652
2009-06-30,1.74698795
2009-07-01,0
2009-07-02,1.35135135
2009-07-03,0.60240964
2009-07-04,0
2009-07-05,0
2009-07-06,0
2009-07-07,0
2009-07-08,0
2009-07-09,0
2009-07-10,0
2009-07-11,0
2009-07-12,0
2009-07-13,0
2009-07-14,0
2009-07-15,0
2009-07-16,0
2009-07-17,0
2009-07-18,0
2009-07-19,0
2009-07-20,0
2009-07-21,86.42185714
2009-07-22,0
2009-07-23,0
2009-07-24,0
2009-07-25,0
2009-07-26,0
2009-07-27,0
2009-07-28,0
2009-07-29,0
2009-07-30,5.26315789
2009-07-31,3.33333333
2009-08-01,0
2009-08-02,0
2009-08-03,0
2009-08-04,0
2009-08-05,0
2009-08-06,0
2009-08-07,0
2009-08-08,69.3675
2009-08-09,0
2009-08-10,0
2009-08-11,0
2009-08-12,0
2009-08-13,0
2009-08-14,0
2009-08-15,0
2009-08-16,0
2009-08-17,0
2009-08-18,0
2009-08-19,0
2009-08-20,0
2009-08-21,0
2009-08-22,0
2009-08-23,0
2009-08-24,0
2009-08-25,0
2009-08-26,0
2009-08-27,16.30597222
2009-08-28,0
2009-08-29,0
2009-08-30,0
2009-08-31,0.52083333
2009-09-01,3.48837209
2009-09-02,0
2009-09-03,0
2009-09-04,11.47540984
2009-09-05,0
2009-09-06,0
2009-09-07,0
2009-09-08,8.33333333
2009-09-09,0
2009-09-10,0
2009-09-11,0
2009-09-12,0
2009-09-13,0
2009-09-14,0
2009-09-15,0
2009-09-16,0
2009-09-17,0.01388889
2009-09-18,60.11761905
2009-09-19,0
2009-09-20,0
2009-09-21,0
2009-09-22,5.79710145
2009-09-23,80
2009-09-24,0
2009-09-25,0
2009-09-26,14.28571429
2009-09-27,8
2009-09-28,0
2009-09-29,0
2009-09-30,24.43181818
2009-10-01,0
2009-10-02,0
2009-10-03,6.94444444
2009-10-04,0
2009-10-05,0
2009-10-06,0
2009-10-07,10.46511628
2009-10-08,0
2009-10-09,0
2009-10-10,0
2009-10-11,0
2009-10-12,0
2009-10-13,87.06896552
2009-10-14,0
2009-10-15,0
2009-10-16,0
2009-10-17,161.66666667
2009-10-18,0
2009-10-19,4.72972973
2009-10-20,0
2009-10-21,53.15536842
2009-10-22,11.247
2009-10-23,132.77777778
2009-10-24,0
2009-10-25,197.58064516
2009-10-26,0
2009-10-27,0
2009-10-28,203.125
2009-10-29,0
2009-10-30,44.56521739
2009-10-31,0
2009-11-01,0
2009-11-02,0
2009-11-03,0
2009-11-04,0
2009-11-05,246.03174603
2009-11-06,0
2009-11-07,0
2009-11-08,0
2009-11-09,0
2009-11-10,0
2009-11-11,118.58974359
2009-11-12,363.28125
2009-11-13,1.51515152
2009-11-14,6.25
2009-11-15,0
2009-11-16,0
2009-11-17,0
2009-11-18,0
2009-11-19,0
2009-11-20,633.57142857
2009-11-21,0
2009-11-22,0
2009-11-23,0
2009-11-24,0
2009-11-25,0
2009-11-26,0
2009-11-27,0
2009-11-28,0
2009-11-29,0
2009-11-30,0
2009-12-01,0
2009-12-02,137.66821918
2009-12-03,0
2009-12-04,0
2009-12-05,0
2009-12-06,14.0625
2009-12-07,1.3592233
2009-12-08,8.92857143
2009-12-09,4.76190476
2009-12-10,13.390625
2009-12-11,0
2009-12-12,46.42857143
2009-12-13,0
2009-12-14,0
2009-12-15,319.0754902
2009-12-16,57.35454545
2009-12-17,0
2009-12-18,1.77218935
2009-12-19,0
2009-12-20,0.25252525
2009-12-21,0.28571429
2009-12-22,0
2009-12-23,0
2009-12-24,0
2009-12-25,0
2009-12-26,0.33557047
2009-12-27,0
2009-12-28,1.49700599
2009-12-29,0
2009-12-30,0
2009-12-31,0
2010-01-01,0
2010-01-02,0.75757576
2010-01-03,0
2010-01-04,0
2010-01-05,114.94116022
2010-01-06,0
2010-01-07,0
2010-01-08,0
2010-01-09,0
2010-01-10,0
2010-01-11,0
2010-01-12,0
2010-01-13,33.96106918
2010-01-14,0.35365854
2010-01-15,2.83216783
2010-01-16,1.42368794
2010-01-17,2.008
2010-01-18,0
2010-01-19,0.4
2010-01-20,0
2010-01-21,0
2010-01-22,2.86661714
2010-01-23,1.87969925
2010-01-24,0.159375
2010-01-25,0.32467532
2010-01-26,15.4028436
2010-01-27,2.55897436
2010-01-28,6.09756098
2010-01-29,5.93220339
2010-01-30,4.82233503
2010-01-31,7.38095238
2010-02-01,6.66666667
2010-02-02,13.58423913
2010-02-03,7.24137931
2010-02-04,0.55555556
2010-02-05,8.9519214
2010-02-06,54.48206278
2010-02-07,5.20833333
2010-02-08,2.29953917
2010-02-09,30.015
2010-02-10,100.96405797
2010-02-11,61.30952381
2010-02-12,21.89349112
2010-02-13,30.87431694
2010-02-14,25.64439655
2010-02-15,93.86783654
2010-02-16,25.28403409
2010-02-17,3.91471795
2010-02-18,156.18747908
2010-02-19,13.9375
2010-02-20,0.52088542
2010-02-21,3.125
2010-02-22,28.10237668
2010-02-23,46.73076923
2010-02-24,0.2
2010-02-25,30.99415205
2010-02-26,68.83116883
2010-02-27,61.47965116
2010-02-28,2.62209302
2010-03-01,17.14423077
2010-03-02,7.43589744
2010-03-03,10.63829787
2010-03-04,67.10526316
2010-03-05,104.59459459
2010-03-06,0.87719298
2010-03-07,133.60107345
2010-03-08,25.27932961
2010-03-09,72.36144
2010-03-10,27.73972603
2010-03-11,14.19751029
2010-03-12,24.06015038
2010-03-13,2.89256198
2010-03-14,11.76470588
2010-03-15,12.4
2010-03-16,0.94074074
2010-03-17,9.53174603
2010-03-18,9.19117647
2010-03-19,48.71428571
2010-03-20,22.19607843
2010-03-21,14.77864583
2010-03-22,2.46994536
2010-03-23,10.47486034
2010-03-24,19.01898551
2010-03-25,8.33333333
2010-03-26,69.39037433
2010-03-27,15.43993232
2010-03-28,14.74719101
2010-03-29,8.60215054
2010-03-30,13.88888889
2010-03-31,1.74418605
2010-04-01,7.17320574
2010-04-02,5.6547619
2010-04-03,6.41025641
2010-04-04,10.70484472
2010-04-05,15.49555556
2010-04-06,60.2023366
2010-04-07,32.01886792
2010-04-08,28.2546114
2010-04-09,16.96943534
2010-04-10,65.93444444
2010-04-11,54.72001282
2010-04-12,53.28677877
2010-04-13,129.4700821
2010-04-14,6.39153439
2010-04-15,44.27704421
2010-04-16,97.40878858
2010-04-17,52.49077558
2010-04-18,17.63331825
2010-04-19,29.27862902
2010-04-20,58.3858046
2010-04-21,36.48780488
2010-04-22,30.07429224
2010-04-23,82.66626834
2010-04-24,15.20001111
2010-04-25,40.55771825
2010-04-26,65.99451477
2010-04-27,99.20349448
2010-04-28,13.26075926
2010-04-29,37.06862037
2010-04-30,22.8876644
2010-05-01,322.49945023
2010-05-02,21.73333333
2010-05-03,24.08064516
2010-05-04,54.72327044
2010-05-05,49.7632935
2010-05-06,95.38908759
2010-05-07,64.40275168
2010-05-08,115.25757576
2010-05-09,29.77306494
2010-05-10,27.51491036
2010-05-11,49.24523437
2010-05-12,11.56277778
2010-05-13,148.72265092
2010-05-14,24.9602036
2010-05-15,119.30326829
2010-05-16,19.8452381
2010-05-17,16.71362832
2010-05-18,36.82220979
2010-05-19,52.68918651
2010-05-20,54.25578252
2010-05-21,18.66577176
2010-05-22,68.20906926
2010-05-23,198.72749573
2010-05-24,73.5491641
2010-05-25,15.39778369
2010-05-26,26.78571429
2010-05-27,48.68455904
2010-05-28,58.75535156
2010-05-29,120.44105808
2010-05-30,90.95922283
2010-05-31,27.93489933
2010-06-01,37.75352113
2010-06-02,29.30096296
2010-06-03,43.67842404
2010-06-04,42.96078216
2010-06-05,76.1547
2010-06-06,33.62068966
2010-06-07,34.31290541
2010-06-08,92.74276615
2010-06-09,103.440625
2010-06-10,259.71767857
2010-06-11,91.353925
2010-06-12,31.86806548
2010-06-13,59.65841975
2010-06-14,44.8736902
2010-06-15,108.16505082
2010-06-16,136.35235507
2010-06-17,111.35859155
2010-06-18,93.27987443
2010-06-19,59.05595556
2010-06-20,241.36691111
2010-06-21,135.81356757
2010-06-22,105.41619859
2010-06-23,122.95263889
2010-06-24,145.62038452
2010-06-25,95.73279586
2010-06-26,78.62666667
2010-06-27,193.83798742
2010-06-28,59.68258427
2010-06-29,220.66134868
2010-06-30,180.90482953
2010-07-01,204.54425926
2010-07-02,68.47211295
2010-07-03,460.60887924
2010-07-04,130.70165094
2010-07-05,81.34337349
2010-07-06,193.9294879
2010-07-07,95.62426036
2010-07-08,205.88594551
2010-07-09,58.47275938
2010-07-10,44.2721943
2010-07-11,57.28996633
2010-07-12,120.20802607
2010-07-13,1180.5329542
2010-07-14,200.57594214
2010-07-15,135.94876172
2010-07-16,72.24161679
2010-07-17,40.55748365
2010-07-18,53.73760915
2010-07-19,39.31491492
2010-07-20,68.66987678
2010-07-21,47.42264521
2010-07-22,52.74344066
2010-07-23,156.9340999
2010-07-24,59.3259705
2010-07-25,186.14972777
2010-07-26,81.39008979
2010-07-27,97.21180477
2010-07-28,85.08731373
2010-07-29,44.81608013
2010-07-30,53.7389093
2010-07-31,46.81212834
2010-08-01,45.40190066
2010-08-02,264.17474377
2010-08-03,239.5118781
2010-08-04,88.08052793
2010-08-05,54.8516814
2010-08-06,86.4990287
2010-08-07,45.04381268
2010-08-08,81.70509785
2010-08-09,24.47916173
2010-08-10,138.92961926
2010-08-11,86.19568499
2010-08-12,106.4044393
2010-08-13,37.56309349
2010-08-14,64.44196669
2010-08-15,38.0883377
2010-08-16,52.98310789
2010-08-17,138.33226497
2010-08-18,125.75798717
2010-08-19,122.69130627
2010-08-20,77.36383502
2010-08-21,45.43934212
2010-08-22,104.66362029
2010-08-23,50.80663325
2010-08-24,59.57138565
2010-08-25,45.55517669
2010-08-26,37.94582099
2010-08-27,37.06118889
2010-08-28,119.7562037
2010-08-29,48.96124606
2010-08-30,32.61190329
2010-08-31,43.36785463
2010-09-01,65.30990807
2010-09-02,74.01519635
2010-09-03,91.8789301
2010-09-04,108.46911716
2010-09-05,101.02846041
2010-09-06,707.23225132
2010-09-07,181.6837885
2010-09-08,50.77709826
2010-09-09,52.74003794
2010-09-10,103.22132708
2010-09-11,38.92308089
2010-09-12,29.37777926
2010-09-13,67.32432389
2010-09-14,275.2538377
2010-09-15,66.93960636
2010-09-16,97.84691477
2010-09-17,73.08609627
2010-09-18,107.38008745
2010-09-19,120.45084529
2010-09-20,119.65988422
2010-09-21,96.13798187
2010-09-22,31.70389637
2010-09-23,105.35003043
2010-09-24,297.45914485
2010-09-25,46.62914334
2010-09-26,64.07267451
2010-09-27,77.00445819
2010-09-28,111.04913374
2010-09-29,130.61894092
2010-09-30,108.55165276
2010-10-01,173.17992303
2010-10-02,39.79227924
2010-10-03,1446.73672588
2010-10-04,148.29067822
2010-10-05,786.71626828
2010-10-06,365.21649355
2010-10-07,339.04199198
2010-10-08,368.06472009
2010-10-09,340.28549941
2010-10-10,675.13104659
2010-10-11,342.90895053
2010-10-12,285.61959097
2010-10-13,153.38309923
2010-10-14,276.9996181
2010-10-15,371.58043728
2010-10-16,546.2332473
2010-10-17,361.46612511
2010-10-18,192.14813554
2010-10-19,390.86606866
2010-10-20,354.92133796
2010-10-21,309.92482922
2010-10-22,539.58998779
2010-10-23,262.77935429
2010-10-24,100.60631511
2010-10-25,141.68351341
2010-10-26,430.8633073
2010-10-27,365.52911296
2010-10-28,384.68568098
2010-10-29,365.79693005
2010-10-30,185.64589549
2010-10-31,121.84183631
2010-11-01,172.24152607
2010-11-02,151.49424603
2010-11-03,210.55731534
2010-11-04,147.8975683
2010-11-05,270.6921029
2010-11-06,95.4478223
2010-11-07,333.25927534
2010-11-08,153.46405526
2010-11-09,938.24480779
2010-11-10,110.99627035
2010-11-11,136.02869253
2010-11-12,121.9518105
2010-11-13,116.36107002
2010-11-14,85.66620329
2010-11-15,67.87957487
2010-11-16,43.48122552
2010-11-17,116.33899602
2010-11-18,120.32651653
2010-11-19,109.26583797
2010-11-20,36.58173859
2010-11-21,85.76067546
2010-11-22,111.58070245
2010-11-23,81.37584322
2010-11-24,91.67957653
2010-11-25,75.71154667
2010-11-26,34.85384736
2010-11-27,83.55603658
2010-11-28,50.51137139
2010-11-29,58.44736306
2010-11-30,73.68240712
2010-12-01,124.93316007
2010-12-02,129.87901245
2010-12-03,123.69550154
2010-12-04,59.30398576
2010-12-05,143.97837716
2010-12-06,55.06734379
2010-12-07,244.66398577
2010-12-08,191.50416686
2010-12-09,47.82426903
2010-12-10,108.59864939
2010-12-11,81.48090627
2010-12-12,124.37633018
2010-12-13,78.82547916
2010-12-14,408.76804761
2010-12-15,191.94454576
2010-12-16,181.03542679
2010-12-17,183.88870617
2010-12-18,124.93787199
2010-12-19,207.10314709
2010-12-20,216.17166598
2010-12-21,143.67659552
2010-12-22,143.23140818
2010-12-23,131.95991405
2010-12-24,130.18807761
2010-12-25,212.28826028
2010-12-26,165.56139588
2010-12-27,122.15528808
2010-12-28,185.40847672
2010-12-29,100.16035416
2010-12-30,226.54952375
2010-12-31,128.0372289
2011-01-01,98.01589447
2011-01-02,94.18661218
2011-01-03,74.67791872
2011-01-04,74.01699327
2011-01-05,55.32062615
2011-01-06,123.56707819
2011-01-07,51.8987298
2011-01-08,73.11630133
2011-01-09,96.80758463
2011-01-10,53.47733296
2011-01-11,107.754246
2011-01-12,139.81216487
2011-01-13,119.13544618
2011-01-14,115.6080642
2011-01-15,95.80265226
2011-01-16,72.77210962
2011-01-17,71.79034979
2011-01-18,51.68116295
2011-01-19,187.60910957
2011-01-20,52.79504441
2011-01-21,82.02188616
2011-01-22,50.35143625
2011-01-23,54.78446036
2011-01-24,83.36234657
2011-01-25,52.35905935
2011-01-26,56.72249174
2011-01-27,1221.27095957
2011-01-28,719.70445191
2011-01-29,41.95949281
2011-01-30,33.44163514
2011-01-31,122.79008254
2011-02-01,147.02412019
2011-02-02,153.46584067
2011-02-03,134.48270083
2011-02-04,96.79372832
2011-02-05,77.59741456
2011-02-06,89.55896295
2011-02-07,136.42908507
2011-02-08,421.51982641
2011-02-09,58.93490948
2011-02-10,98.51869889
2011-02-11,123.93130189
2011-02-12,130.68017907
2011-02-13,78.55570523
2011-02-14,71.49397476
2011-02-15,89.95114054
2011-02-16,39.31717697
2011-02-17,32.67757939
2011-02-18,48.2864195
2011-02-19,67.65126315
2011-02-20,159.36677095
2011-02-21,140.61687078
2011-02-22,132.56458581
2011-02-23,192.89823139
2011-02-24,152.16106191
2011-02-25,114.46851682
2011-02-26,90.03746737
2011-02-27,89.82638823
2011-02-28,91.22934262
2011-03-01,76.7538943
2011-03-02,503.66660642
2011-03-03,1410.21697197
2011-03-04,139.03055888
2011-03-05,123.19746028
2011-03-06,60.14516533
2011-03-07,201.00765114
2011-03-08,93.60607447
2011-03-09,73.91141043
2011-03-10,127.66026558
2011-03-11,235.52578745
2011-03-12,112.07820859
2011-03-13,84.77615332
2011-03-14,130.28956223
2011-03-15,115.69163416
2011-03-16,76.04834496
2011-03-17,83.57775373
2011-03-18,73.16561414
2011-03-19,91.64196439
2011-03-20,59.90879464
2011-03-21,54.14050314
2011-03-22,52.25170131
2011-03-23,85.62697854
2011-03-24,63.05042175
2011-03-25,115.23503571
2011-03-26,110.56509985
2011-03-27,146.60343583
2011-03-28,75.99127318
2011-03-29,63.27542457
2011-03-30,60.37375506
2011-03-31,78.91350243
2011-04-01,66.57869721
2011-04-02,50.74263583
2011-04-03,59.14474727
2011-04-04,47.4210905
2011-04-05,69.47212384
2011-04-06,68.45671936
2011-04-07,40.65616137
2011-04-08,65.75735139
2011-04-09,64.05591523
2011-04-10,75.67611114
2011-04-11,53.42423958
2011-04-12,50.03327696
2011-04-13,64.13891226
2011-04-14,85.60631691
2011-04-15,69.05441942
2011-04-16,64.75191466
2011-04-17,179.96794672
2011-04-18,631.54759401
2011-04-19,71.11543959
2011-04-20,1341.90265455
2011-04-21,536.87610746
2011-04-22,172.4383053
2011-04-23,120.93948338
2011-04-24,74.14052153
2011-04-25,50.61353993
2011-04-26,37.8646934
2011-04-27,68.73293097
2011-04-28,70.17409696
2011-04-29,58.2182642
2011-04-30,154.33571589
2011-05-01,99.87640042
2011-05-02,49.90273545
2011-05-03,42.54891177
2011-05-04,71.94118733
2011-05-05,98.84155411
2011-05-06,50.72650108
2011-05-07,91.13639365
2011-05-08,73.20434689
2011-05-09,141.36212695
2011-05-10,40.79307957
2011-05-11,193.63839511
2011-05-12,48.07357291
2011-05-13,137.48455342
2011-05-14,70.78816831
2011-05-15,690.506957
2011-05-16,64.31121861
2011-05-17,46.29132363
2011-05-18,69.95530657
2011-05-19,28.75394835
2011-05-20,39.12005857
2011-05-21,67.24094214
2011-05-22,199.51882836
2011-05-23,138.36903312
2011-05-24,83.58715625
2011-05-25,57.21191247
2011-05-26,61.71207069
2011-05-27,59.58815158
2011-05-28,80.36210286
2011-05-29,48.81273684
2011-05-30,58.77837663
2011-05-31,55.98100686
2011-06-01,51.91226504
2011-06-02,42.93406343
2011-06-03,49.05594253
2011-06-04,76.74202337
2011-06-05,58.52395649
2011-06-06,66.2491556
2011-06-07,80.69082799
2011-06-08,66.56997949
2011-06-09,66.55445864
2011-06-10,69.60540982
2011-06-11,76.51576108
2011-06-12,141.51841563
2011-06-13,146.26800035
2011-06-14,129.01028686
2011-06-15,149.64117928
2011-06-16,369.42994822
2011-06-17,833.14771538
2011-06-18,136.88026865
2011-06-19,114.87522571
2011-06-20,350.07459058
2011-06-21,144.11951828
2011-06-22,358.37062447
2011-06-23,123.36654138
2011-06-24,168.57553045
2011-06-25,529.98643094
2011-06-26,864.60882702
2011-06-27,423.12484458
2011-06-28,173.6267076
2011-06-29,648.95002823
2011-06-30,163.36720184
2011-07-01,131.10290778
2011-07-02,112.55142421
2011-07-03,115.84280738
2011-07-04,52.05919135
2011-07-05,99.60890749
2011-07-06,38.74138929
2011-07-07,54.21281963
2011-07-08,51.02676996
2011-07-09,34.7740938
2011-07-10,150.18385358
2011-07-11,146.79877526
2011-07-12,91.00754422
2011-07-13,140.15256404
2011-07-14,121.6007478
2011-07-15,113.7685259
2011-07-16,54.24965061
2011-07-17,84.13210537
2011-07-18,44.23476038
2011-07-19,240.96223455
2011-07-20,132.93425071
2011-07-21,52.33586973
2011-07-22,157.56982124
2011-07-23,145.54590445
2011-07-24,52.93636188
2011-07-25,57.95721261
2011-07-26,131.13446145
2011-07-27,111.78954364
2011-07-28,162.31528417
2011-07-29,342.00103946
2011-07-30,86.27571729
2011-07-31,55.77155977
2011-08-01,60.27037195
2011-08-02,56.21830065
2011-08-03,41.8241199
2011-08-04,56.48518343
2011-08-05,39.57654014
2011-08-06,90.20206446
2011-08-07,54.2527242
2011-08-08,47.77424529
2011-08-09,165.10105251
2011-08-10,193.78063543
2011-08-11,124.67460119
2011-08-12,68.44576096
2011-08-13,40.50511096
2011-08-14,48.75671439
2011-08-15,42.56996009
2011-08-16,49.18882862
2011-08-17,34.05311181
2011-08-18,78.93643169
2011-08-19,46.85497609
2011-08-20,70.36898172
2011-08-21,29.13501177
2011-08-22,27.15921152
2011-08-23,32.17447863
2011-08-24,93.46550357
2011-08-25,54.21892603
2011-08-26,56.21448086
2011-08-27,35.1138066
2011-08-28,240.76190189
2011-08-29,28.05812411
2011-08-30,27.32833535
2011-08-31,29.02181468
2011-09-01,30.99966565
2011-09-02,36.55760414
2011-09-03,34.95843038
2011-09-04,36.20251335
2011-09-05,233.25697292
2011-09-06,289.72975003
2011-09-07,360.25428653
2011-09-08,95.33324193
2011-09-09,62.40407838
2011-09-10,52.0750175
2011-09-11,43.37771057
2011-09-12,137.34264577
2011-09-13,116.35578341
2011-09-14,49.59719412
2011-09-15,42.01718465
2011-09-16,39.23517345
2011-09-17,90.5267498
2011-09-18,51.93491129
2011-09-19,39.77228807
2011-09-20,54.65871473
2011-09-21,43.98490136
2011-09-22,65.01939276
2011-09-23,48.18503377
2011-09-24,50.32886149
2011-09-25,40.39476608
2011-09-26,46.24653798
2011-09-27,49.84297961
2011-09-28,69.69134025
2011-09-29,58.4405336
2011-09-30,52.06743035
2011-10-01,46.37492148
2011-10-02,79.86371395
2011-10-03,63.85551057
2011-10-04,65.0114708
2011-10-05,71.93769274
2011-10-06,89.07520132
2011-10-07,83.16493374
2011-10-08,63.36555007
2011-10-09,53.03453624
2011-10-10,63.89198649
2011-10-11,51.55490364
2011-10-12,55.04761304
2011-10-13,47.45082767
2011-10-14,57.56373068
2011-10-15,77.26580134
2011-10-16,52.86103296
2011-10-17,49.57119679
2011-10-18,105.45224656
2011-10-19,68.48422518
2011-10-20,68.31508042
2011-10-21,63.93323744
2011-10-22,94.95909877
2011-10-23,112.36176097
2011-10-24,100.56100162
2011-10-25,57.93778684
2011-10-26,70.08606775
2011-10-27,118.13685912
2011-10-28,93.0261314
2011-10-29,82.39333213
2011-10-30,70.68657631
2011-10-31,40.63650048
2011-11-01,68.87567591
2011-11-02,77.48615152
2011-11-03,90.83475457
2011-11-04,54.5683218
2011-11-05,66.76619985
2011-11-06,45.71079077
2011-11-07,40.11657607
2011-11-08,43.00520914
2011-11-09,180.89874548
2011-11-10,117.68330318
2011-11-11,61.99427135
2011-11-12,59.68829091
2011-11-13,46.83946802
2011-11-14,45.40659479
2011-11-15,65.36226595
2011-11-16,63.70987047
2011-11-17,498.94781925
2011-11-18,778.4589727
2011-11-19,646.89575357
2011-11-20,1396.08424254
2011-11-21,259.43636714
2011-11-22,502.58384971
2011-11-23,438.77464459
2011-11-24,689.42416844
2011-11-25,269.86918542
2011-11-26,294.66840941
2011-11-27,232.82756509
2011-11-28,544.46785305
2011-11-29,553.02843971
2011-11-30,743.24514667
2011-12-01,1311.84317456
2011-12-02,217.47874098
2011-12-03,2599.83283768
2011-12-04,540.85750976
2011-12-05,372.42667996
2011-12-06,505.23834372
2011-12-07,1137.25695208
2011-12-08,1463.70638852
2011-12-09,867.80781037
2011-12-10,254.56881278
2011-12-11,204.98658386
2011-12-12,191.28363529
2011-12-13,168.07397529
2011-12-14,73.18218699
2011-12-15,81.15863041
2011-12-16,88.64276365
2011-12-17,85.72735444
2011-12-18,83.63663591
2011-12-19,70.82239842
2011-12-20,78.16152385
2011-12-21,94.88687463
2011-12-22,107.00848338
2011-12-23,92.51730346
2011-12-24,47.57351963
2011-12-25,69.68040535
2011-12-26,59.93884117
2011-12-27,109.36795864
2011-12-28,112.53753023
2011-12-29,51.43041944
2011-12-30,86.48265111
2011-12-31,52.23872727
2012-01-01,45.62778862
2012-01-02,59.48444606
2012-01-03,55.99645827
2012-01-04,48.82302534
2012-01-05,80.13680899
2012-01-06,121.49525243
2012-01-07,104.57619891
2012-01-08,54.30716035
2012-01-09,51.38812846
2012-01-10,71.33371671
2012-01-11,67.87216038
2012-01-12,56.77672757
2012-01-13,63.56418073
2012-01-14,54.00303611
2012-01-15,50.40923979
2012-01-16,45.1016141
2012-01-17,65.50774622
2012-01-18,67.87436369
2012-01-19,56.83966764
2012-01-20,54.15971857
2012-01-21,55.53620395
2012-01-22,43.72855718
2012-01-23,52.31572238
2012-01-24,44.57169245
2012-01-25,52.5063109
2012-01-26,57.61639176
2012-01-27,54.9115684
2012-01-28,61.52339397
2012-01-29,44.54824935
2012-01-30,53.58732138
2012-01-31,57.21653766
2012-02-01,49.90469713
2012-02-02,67.05238133
2012-02-03,52.50771532
2012-02-04,52.98550328
2012-02-05,57.38213524
2012-02-06,52.81020829
2012-02-07,58.84149608
2012-02-08,44.14665552
2012-02-09,44.60109055
2012-02-10,37.51655761
2012-02-11,39.00680533
2012-02-12,59.39659833
2012-02-13,45.07750231
2012-02-14,59.21730908
2012-02-15,141.85827222
2012-02-16,145.71489161
2012-02-17,166.78787757
2012-02-18,157.36929503
2012-02-19,139.45658705
2012-02-20,62.03192174
2012-02-21,56.67117136
2012-02-22,61.65033885
2012-02-23,119.01397083
2012-02-24,86.3007006
2012-02-25,81.93698915
2012-02-26,71.43148878
2012-02-27,52.24886974
2012-02-28,50.3751493
2012-02-29,54.91732376
2012-03-01,45.81035124
2012-03-02,91.51457137
2012-03-03,84.97588945
2012-03-04,77.84335994
2012-03-05,96.45947489
2012-03-06,54.24183996
2012-03-07,50.16347878
2012-03-08,49.21394456
2012-03-09,81.43681664
2012-03-10,84.12409616
2012-03-11,67.45434829
2012-03-12,78.77355257
2012-03-13,108.97295827
2012-03-14,75.8840087
2012-03-15,82.94110926
2012-03-16,68.36960467
2012-03-17,67.87305029
2012-03-18,61.38340131
2012-03-19,54.05689504
2012-03-20,55.63974162
2012-03-21,61.04804959
2012-03-22,70.27842995
2012-03-23,110.4167085
2012-03-24,103.34076157
2012-03-25,104.62902887
2012-03-26,69.66321554
2012-03-27,66.68701373
2012-03-28,71.60713665
2012-03-29,80.9753576
2012-03-30,138.74439241
2012-03-31,134.02735331
2012-04-01,274.26324841
2012-04-02,108.12412677
2012-04-03,107.82751497
2012-04-04,100.73343416
2012-04-05,104.07876577
2012-04-06,150.92227016
2012-04-07,87.39052864
2012-04-08,78.18068685
2012-04-09,210.1055016
2012-04-10,267.32307457
2012-04-11,108.40297714
2012-04-12,177.77020335
2012-04-13,143.29211154
2012-04-14,111.96249222
2012-04-15,123.12930131
2012-04-16,199.75284056
2012-04-17,191.85412862
2012-04-18,140.91476335
2012-04-19,115.93534899
2012-04-20,83.84602369
2012-04-21,318.94069068
2012-04-22,160.05706953
2012-04-23,208.55478548
2012-04-24,114.15525562
2012-04-25,91.42507945
2012-04-26,128.43683074
2012-04-27,195.86231743
2012-04-28,203.39145507
2012-04-29,99.3653089
2012-04-30,144.86833395
2012-05-01,104.84841677
2012-05-02,114.78585864
2012-05-03,113.84858649
2012-05-04,88.07775611
2012-05-05,82.65411475
2012-05-06,91.38852359
2012-05-07,57.39015866
2012-05-08,116.77051046
2012-05-09,255.11755943
2012-05-10,131.91435391
2012-05-11,96.95927104
2012-05-12,106.36089371
2012-05-13,185.15112241
2012-05-14,79.8940379
2012-05-15,83.13816867
2012-05-16,193.34897231
2012-05-17,234.93987629
2012-05-18,196.91668268
2012-05-19,77.29240321
2012-05-20,60.70226103
2012-05-21,126.55398165
2012-05-22,133.76455723
2012-05-23,160.08802775
2012-05-24,107.79233538
2012-05-25,52.58803936
2012-05-26,152.4947492
2012-05-27,305.08613795
2012-05-28,121.39269956
2012-05-29,117.42750663
2012-05-30,106.10440204
2012-05-31,196.3934125
2012-06-01,253.15199096
2012-06-02,127.85493201
2012-06-03,168.02305539
2012-06-04,83.4526541
2012-06-05,164.74884621
2012-06-06,137.16703423
2012-06-07,230.23476262
2012-06-08,167.50477878
2012-06-09,255.44544467
2012-06-10,117.89039914
2012-06-11,120.18905891
2012-06-12,169.76224514
2012-06-13,166.37641621
2012-06-14,89.26886517
2012-06-15,157.03937119
2012-06-16,134.94073259
2012-06-17,146.43366789
2012-06-18,83.77675452
2012-06-19,107.27236062
2012-06-20,99.95820372
2012-06-21,92.58101046
2012-06-22,62.7179258
2012-06-23,179.89164778
2012-06-24,191.18786279
2012-06-25,136.24596356
2012-06-26,123.28135761
2012-06-27,83.12682013
2012-06-28,119.09499661
2012-06-29,222.30700976
2012-06-30,172.56711182
2012-07-01,101.01684346
2012-07-02,107.37252377
2012-07-03,80.57768308
2012-07-04,109.59250806
2012-07-05,174.76355536
2012-07-06,139.03714963
2012-07-07,92.8818299
2012-07-08,138.60261818
2012-07-09,74.81248489
2012-07-10,160.39498505
2012-07-11,155.23053484
2012-07-12,50.2272877
2012-07-13,149.60239256
2012-07-14,164.48948931
2012-07-15,178.50090983
2012-07-16,93.55303252
2012-07-17,100.61329266
2012-07-18,109.99921937
2012-07-19,87.62323892
2012-07-20,52.11526961
2012-07-21,59.51914857
2012-07-22,69.52715574
2012-07-23,56.61738947
2012-07-24,100.89674779
2012-07-25,139.9056255
2012-07-26,56.42090478
2012-07-27,150.87950919
2012-07-28,118.17030486
2012-07-29,96.36455703
2012-07-30,68.57675899
2012-07-31,51.32147813
2012-08-01,132.65693159
2012-08-02,132.33918961
2012-08-03,98.88860075
2012-08-04,65.48628808
2012-08-05,74.17187463
2012-08-06,144.86890839
2012-08-07,104.24332198
2012-08-08,99.97219903
2012-08-09,70.22677166
2012-08-10,74.56124202
2012-08-11,81.0051343
2012-08-12,108.29289219
2012-08-13,89.29897288
2012-08-14,85.91373214
2012-08-15,86.57646244
2012-08-16,44.77755223
2012-08-17,79.93926142
2012-08-18,115.01982992
2012-08-19,245.71336473
2012-08-20,387.76574687
2012-08-21,402.80434818
2012-08-22,205.73641535
2012-08-23,367.34344829
2012-08-24,384.67365928
2012-08-25,341.52422855
2012-08-26,271.89098716
2012-08-27,186.70882668
2012-08-28,256.14111367
2012-08-29,306.99281989
2012-08-30,638.56865821
2012-08-31,370.7769297
2012-09-01,312.69872615
2012-09-02,282.92328352
2012-09-03,189.21642052
2012-09-04,185.53355181
2012-09-05,327.94994986
2012-09-06,305.45424252
2012-09-07,745.22831403
2012-09-08,603.74832737
2012-09-09,306.08978985
2012-09-10,174.57953446
2012-09-11,888.35618881
2012-09-12,741.39553656
2012-09-13,449.0969766
2012-09-14,1061.35427695
2012-09-15,570.43394134
2012-09-16,549.08806395
2012-09-17,721.63727702
2012-09-18,658.32553223
2012-09-19,596.19299687
2012-09-20,1194.33092883
2012-09-21,641.84903572
2012-09-22,859.99535336
2012-09-23,744.84432072
2012-09-24,508.61771528
2012-09-25,353.38201629
2012-09-26,112.88227452
2012-09-27,77.86784552
2012-09-28,55.98116763
2012-09-29,101.95550815
2012-09-30,90.12843431
2012-10-01,88.36291329
2012-10-02,75.51813574
2012-10-03,102.96315533
2012-10-04,62.72816843
2012-10-05,63.93202095
2012-10-06,93.32789514
2012-10-07,79.89665348
2012-10-08,94.13244587
2012-10-09,72.77324887
2012-10-10,62.2842019
2012-10-11,45.29473729
2012-10-12,80.94389221
2012-10-13,143.93781043
2012-10-14,127.93751847
2012-10-15,64.0887143
2012-10-16,46.74791151
2012-10-17,115.30073143
2012-10-18,180.12562539
2012-10-19,209.86848725
2012-10-20,155.83101543
2012-10-21,177.14573768
2012-10-22,95.38150105
2012-10-23,101.99019049
2012-10-24,138.27955666
2012-10-25,86.50873129
2012-10-26,65.52038811
2012-10-27,61.51198152
2012-10-28,134.36622079
2012-10-29,64.51206569
2012-10-30,75.45796732
2012-10-31,109.45005612
2012-11-01,212.08625715
2012-11-02,155.2703019
2012-11-03,47.32117648
2012-11-04,122.12029781
2012-11-05,150.75344327
2012-11-06,86.87890407
2012-11-07,91.49697462
2012-11-08,66.68839402
2012-11-09,57.04664445
2012-11-10,39.51290895
2012-11-11,22.65902643
2012-11-12,30.54698735
2012-11-13,33.59513663
2012-11-14,37.0773277
2012-11-15,74.88834887
2012-11-16,118.39669037
2012-11-17,112.61659856
2012-11-18,129.91526244
2012-11-19,99.17029926
2012-11-20,56.07419886
2012-11-21,65.16891496
2012-11-22,31.93135935
2012-11-23,76.2465899
2012-11-24,59.37545341
2012-11-25,80.7003519
2012-11-26,34.70244488
2012-11-27,42.51949032
2012-11-28,62.29651116
2012-11-29,75.04395295
2012-11-30,67.41222246
2012-12-01,42.19313216
2012-12-02,25.09272897
2012-12-03,79.87618728
2012-12-04,139.03510755
2012-12-05,110.40564402
2012-12-06,101.90175238
2012-12-07,145.37825541
2012-12-08,73.39971882
2012-12-09,31.21161646
2012-12-10,94.43813544
2012-12-11,41.99815597
2012-12-12,85.54907155
2012-12-13,114.16004965
2012-12-14,108.76926881
2012-12-15,91.7778876
2012-12-16,83.33643509
2012-12-17,57.52560398
2012-12-18,73.58905547
2012-12-19,51.96698817
2012-12-20,30.65657761
2012-12-21,38.52266752
2012-12-22,55.2929935
2012-12-23,57.70471219
2012-12-24,37.68286528
2012-12-25,46.39457667
2012-12-26,27.7632168
2012-12-27,22.73977113
2012-12-28,40.08142383
2012-12-29,45.13823234
2012-12-30,51.34834531
2012-12-31,23.18974542
2013-01-01,100.92672992
2013-01-02,74.78287017
2013-01-03,84.77572451
2013-01-04,64.0149451
2013-01-05,65.3537324
2013-01-06,75.35503907
2013-01-07,56.85892122
2013-01-08,63.24525689
2013-01-09,78.64304637
2013-01-10,54.87492246
2013-01-11,31.30363945
2013-01-12,25.72908395
2013-01-13,25.03126997
2013-01-14,27.69501467
2013-01-15,47.35647258
2013-01-16,52.81844168
2013-01-17,40.21188757
2013-01-18,46.64565016
2013-01-19,35.1229982
2013-01-20,48.21976263
2013-01-21,26.99679701
2013-01-22,32.96931954
2013-01-23,37.26660178
2013-01-24,56.09488496
2013-01-25,38.81799783
2013-01-26,41.33448508
2013-01-27,38.41451178
2013-01-28,31.57871386
2013-01-29,47.11456354
2013-01-30,64.75502907
2013-01-31,65.97990761
2013-02-01,38.24497524
2013-02-02,42.0858552
2013-02-03,44.5587746
2013-02-04,42.16479554
2013-02-05,71.69069133
2013-02-06,66.22398164
2013-02-07,75.10246734
2013-02-08,49.21615836
2013-02-09,58.17831796
2013-02-10,53.97699709
2013-02-11,27.57244874
2013-02-12,39.29703293
2013-02-13,34.57060385
2013-02-14,33.17597598
2013-02-15,34.62386588
2013-02-16,43.38143902
2013-02-17,48.45834905
2013-02-18,35.54586051
2013-02-19,35.45207181
2013-02-20,53.49363824
2013-02-21,35.07300511
2013-02-22,22.12419944
2013-02-23,35.93078152
2013-02-24,28.35596033
2013-02-25,40.06410606
2013-02-26,36.09952158
2013-02-27,44.8626677
2013-02-28,33.89247697
2013-03-01,35.52065763
2013-03-02,43.11629268
2013-03-03,42.75289754
2013-03-04,24.78920508
2013-03-05,30.75468817
2013-03-06,40.64007694
2013-03-07,50.30322927
2013-03-08,26.90726726
2013-03-09,28.53510633
2013-03-10,30.18967977
2013-03-11,17.05523735
2013-03-12,27.82936151
2013-03-13,36.10495416
2013-03-14,28.81385431
2013-03-15,34.37861684
2013-03-16,150.09646554
2013-03-17,71.5775193
2013-03-18,27.27180392
2013-03-19,127.23219978
2013-03-20,61.55635918
2013-03-21,37.46895382
2013-03-22,55.9714551
2013-03-23,27.19559173
2013-03-24,33.18165282
2013-03-25,18.18715611
2013-03-26,42.47258143
2013-03-27,43.65409724
2013-03-28,68.61324882
2013-03-29,36.55560051
2013-03-30,29.83893981
2013-03-31,53.71574765
2013-04-01,38.23134606
2013-04-02,28.35487025
2013-04-03,53.86044879
2013-04-04,45.95954876
2013-04-05,39.67193661
2013-04-06,34.07585961
2013-04-07,31.08948454
2013-04-08,18.82657806
2013-04-09,30.91258823
2013-04-10,38.10990327
2013-04-11,44.49959705
2013-04-12,37.32545227
2013-04-13,29.65418404
2013-04-14,24.06935945
2013-04-15,16.72644458
2013-04-16,25.52990379
2013-04-17,35.93708818
2013-04-18,42.82865619
2013-04-19,137.18764781
2013-04-20,34.65193542
2013-04-21,29.33394051
2013-04-22,24.16152774
2013-04-23,39.95435999
2013-04-24,36.75814114
2013-04-25,33.99468141
2013-04-26,51.52456528
2013-04-27,23.54733053
2013-04-28,30.07628525
2013-04-29,18.4641987
2013-04-30,30.55609525
2013-05-01,22.6183229
2013-05-02,26.07485578
2013-05-03,27.6415094
2013-05-04,30.18737871
2013-05-05,15.53744236
2013-05-06,14.83825044
2013-05-07,28.69174627
2013-05-08,19.33812565
2013-05-09,18.16367967
2013-05-10,12.83087173
2013-05-11,16.57433643
2013-05-12,15.55571774
2013-05-13,9.18456836
2013-05-14,21.79170784
2013-05-15,13.78614066
2013-05-16,13.71288094
2013-05-17,15.67184884
2013-05-18,17.4903774
2013-05-19,17.2750876
2013-05-20,10.36658297
2013-05-21,15.29912336
2013-05-22,15.71089491
2013-05-23,17.88063845
2013-05-24,12.96521671
2013-05-25,16.14811327
2013-05-26,27.35971926
2013-05-27,12.40023427
2013-05-28,13.29848474
2013-05-29,12.61042035
2013-05-30,19.63031733
2013-05-31,15.24711801
2013-06-01,15.68391459
2013-06-02,14.76077796
2013-06-03,9.08918532
2013-06-04,15.49236245
2013-06-05,13.69544817
2013-06-06,11.8566504
2013-06-07,16.80822432
2013-06-08,13.10126787
2013-06-09,11.64819549
2013-06-10,14.31929186
2013-06-11,13.60973613
2013-06-12,11.57108003
2013-06-13,11.74512263
2013-06-14,13.25081992
2013-06-15,13.83047045
2013-06-16,12.83957291
2013-06-17,13.34307575
2013-06-18,12.71418809
2013-06-19,15.39192503
2013-06-20,12.82677316
2013-06-21,14.5186782
2013-06-22,14.86552721
2013-06-23,10.07145989
2013-06-24,9.06339129
2013-06-25,19.07516501
2013-06-26,13.9601829
2013-06-27,14.11864691
2013-06-28,11.83235416
2013-06-29,13.4242192
2013-06-30,15.87540315
2013-07-01,14.52567172
2013-07-02,24.33425979
2013-07-03,21.73361705
2013-07-04,26.33425304
2013-07-05,26.17886259
2013-07-06,35.01725335
2013-07-07,24.27056914
2013-07-08,21.37140216
2013-07-09,25.18230698
2013-07-10,31.68682245
2013-07-11,28.11777492
2013-07-12,23.44268227
2013-07-13,21.01598505
2013-07-14,23.71663296
2013-07-15,16.88092887
2013-07-16,17.94974667
2013-07-17,27.93020963
2013-07-18,24.84546469
2013-07-19,24.16812179
2013-07-20,21.76930645
2013-07-21,13.89488722
2013-07-22,17.30268071
2013-07-23,24.58021822
2013-07-24,23.73090843
2013-07-25,20.37424385
2013-07-26,20.6756162
2013-07-27,20.06721011
2013-07-28,13.41525838
2013-07-29,15.39662223
2013-07-30,17.31627782
2013-07-31,21.77950976
2013-08-01,17.81595587
2013-08-02,27.76606055
2013-08-03,19.08387379
2013-08-04,14.78732421
2013-08-05,11.17950419
2013-08-06,16.90083232
2013-08-07,15.54835408
2013-08-08,15.04264533
2013-08-09,12.0227512
2013-08-10,13.3099878
2013-08-11,9.69559469
2013-08-12,12.3129151
2013-08-13,18.60087196
2013-08-14,21.44365187
2013-08-15,24.81801309
2013-08-16,14.57261527
2013-08-17,14.93580432
2013-08-18,30.15776568
2013-08-19,19.37121101
2013-08-20,15.40976368
2013-08-21,16.42355749
2013-08-22,25.57349387
2013-08-23,11.93143949
2013-08-24,23.31859735
2013-08-25,11.22454657
2013-08-26,12.47727023
2013-08-27,13.49879162
2013-08-28,17.15679194
2013-08-29,13.02959289
2013-08-30,35.12041795
2013-08-31,13.19309594
2013-09-01,18.94292407
2013-09-02,26.02269134
2013-09-03,14.26727387
2013-09-04,16.08533101
2013-09-05,19.48971826
2013-09-06,12.87351853
2013-09-07,11.45057498
2013-09-08,11.15026072
2013-09-09,9.34980368
2013-09-10,17.71929322
2013-09-11,11.41720725
2013-09-12,16.35433504
2013-09-13,13.72730293
2013-09-14,12.86521263
2013-09-15,14.2882253
2013-09-16,7.04745469
2013-09-17,12.22363794
2013-09-18,9.24689741
2013-09-19,14.33259713
2013-09-20,13.24288971
2013-09-21,11.56828779
2013-09-22,9.34057758
2013-09-23,9.00726839
2013-09-24,16.91701877
2013-09-25,16.02094383
2013-09-26,17.06853094
2013-09-27,12.46283426
2013-09-28,14.49671202
2013-09-29,11.89579616
2013-09-30,12.45310193
2013-10-01,18.08896002
2013-10-02,17.26315881
2013-10-03,18.29240427
2013-10-04,15.93897947
2013-10-05,14.87846811
2013-10-06,9.95122931
2013-10-07,9.11781916
2013-10-08,15.13732983
2013-10-09,15.34785807
2013-10-10,16.01331441
2013-10-11,12.68731485
2013-10-12,15.03950295
2013-10-13,12.73744905
2013-10-14,12.69590769
2013-10-15,17.29706607
2013-10-16,16.79131794
2013-10-17,19.16808373
2013-10-18,18.11825072
2013-10-19,15.70551454
2013-10-20,16.27687811
2013-10-21,14.55026558
2013-10-22,19.63452362
2013-10-23,18.70903696
2013-10-24,17.32686541
2013-10-25,14.77984391
2013-10-26,72.00387218
2013-10-27,14.41610505
2013-10-28,10.64854951
2013-10-29,12.31277457
2013-10-30,39.69801865
2013-10-31,13.9525273
2013-11-01,11.05044769
2013-11-02,11.97136214
2013-11-03,14.9550061
2013-11-04,14.63143339
2013-11-05,21.15741646
2013-11-06,21.213013
2013-11-07,18.46354347
2013-11-08,24.67604969
2013-11-09,19.31231037
2013-11-10,16.4230067
2013-11-11,13.2410531
2013-11-12,13.13853519
2013-11-13,18.44636468
2013-11-14,19.46246857
2013-11-15,15.23601489
2013-11-16,41.22117787
2013-11-17,29.54729661
2013-11-18,21.94086805
2013-11-19,27.49230893
2013-11-20,23.86708121
2013-11-21,22.37526226
2013-11-22,34.14590928
2013-11-23,28.39276318
2013-11-24,22.75307089
2013-11-25,24.45486879
2013-11-26,18.99029248
2013-11-27,43.62135183
2013-11-28,33.57558739
2013-11-29,35.6570946
2013-11-30,32.52941313
2013-12-01,28.46253659
2013-12-02,22.20113396
2013-12-03,20.60601571
2013-12-04,15.88006134
2013-12-05,24.2412164
2013-12-06,18.60480758
2013-12-07,19.3397247
2013-12-08,40.05694762
2013-12-09,28.58765165
2013-12-10,23.3521292
2013-12-11,12.37592231
2013-12-12,18.82650776
2013-12-13,16.54104723
2013-12-14,17.08782101
2013-12-15,14.11071455
2013-12-16,9.8335698
2013-12-17,36.53192564
2013-12-18,34.72062313
2013-12-19,28.98831163
2013-12-20,23.23480091
2013-12-21,15.7631397
2013-12-22,27.90980551
2013-12-23,15.96805157
2013-12-24,15.47350244
2013-12-25,18.48250802
2013-12-26,15.92985102
2013-12-27,16.43343212
2013-12-28,12.68440457
2013-12-29,15.46574718
2013-12-30,23.82141238
2013-12-31,19.01885496
2014-01-01,13.12113246
2014-01-02,19.21266496
2014-01-03,17.82769597
2014-01-04,18.67326565
2014-01-05,12.60412142
2014-01-06,20.45299271
2014-01-07,17.37702138
2014-01-08,16.60732638
2014-01-09,13.27727528
2014-01-10,11.32533162
2014-01-11,11.73789008
2014-01-12,9.97101492
2014-01-13,10.91337971
2014-01-14,10.60092952
2014-01-15,15.3116032
2014-01-16,10.87576813
2014-01-17,11.6891205
2014-01-18,6.61899913
2014-01-19,6.89890159
2014-01-20,12.08255393
2014-01-21,14.66421443
2014-01-22,10.19051874
2014-01-23,8.88109072
2014-01-24,9.35329286
2014-01-25,12.80065845
2014-01-26,9.73320329
2014-01-27,8.55290217
2014-01-28,16.44940282
2014-01-29,10.3050177
2014-01-30,8.86418321
2014-01-31,11.62407543
2014-02-01,7.39906055
2014-02-02,8.97087098
2014-02-03,9.62500889
2014-02-04,9.38853735
2014-02-05,12.96204189
2014-02-06,13.56785155
2014-02-07,9.19001051
2014-02-08,13.89753764
2014-02-09,8.67453807
2014-02-10,9.2366726
2014-02-11,14.98684233
2014-02-12,13.70305003
2014-02-13,11.6405692
2014-02-14,13.08700866
2014-02-15,12.44718325
2014-02-16,18.21337003
2014-02-17,13.11732879
2014-02-18,8.96405802
2014-02-19,8.74979666
2014-02-20,7.01650283
2014-02-21,9.35095159
2014-02-22,8.09808354
2014-02-23,7.85035329
2014-02-24,9.05748095
2014-02-25,16.65993259
2014-02-26,17.98276093
2014-02-27,12.68573846
2014-02-28,11.96480064
2014-03-01,10.35668605
2014-03-02,18.98121792
2014-03-03,13.89457973
2014-03-04,16.93541736
2014-03-05,13.02521672
2014-03-06,10.14487901
2014-03-07,8.91587587
2014-03-08,45.21364336
2014-03-09,31.06762583
2014-03-10,25.92145763
2014-03-11,27.38489939
2014-03-12,16.69401673
2014-03-13,18.12026595
2014-03-14,13.15392191
2014-03-15,9.75050254
2014-03-16,11.68839539
2014-03-17,7.57886791
2014-03-18,8.65693335
2014-03-19,55.979487
2014-03-20,14.45375643
2014-03-21,10.17086301
2014-03-22,8.32832347
2014-03-23,6.95079679
2014-03-24,5.61628518
2014-03-25,11.38927455
2014-03-26,8.06067133
2014-03-27,7.41922789
2014-03-28,12.7204394
2014-03-29,12.4017659
2014-03-30,8.21281752
2014-03-31,13.06080639
2014-04-01,13.38907562
2014-04-02,11.46632802
2014-04-03,13.65800699
2014-04-04,13.90571237
2014-04-05,12.37437072
2014-04-06,12.69854378
2014-04-07,10.75925346
2014-04-08,8.17733665
2014-04-09,7.28949305
2014-04-10,10.42264881
2014-04-11,13.46853363
2014-04-12,12.49181141
2014-04-13,8.48797065
2014-04-14,9.69837217
2014-04-15,10.11992553
2014-04-16,9.35031117
2014-04-17,12.30917679
2014-04-18,15.99289952
2014-04-19,15.41822796
2014-04-20,9.76476681
2014-04-21,7.9542445
2014-04-22,12.87515041
2014-04-23,11.486142
2014-04-24,8.80637387
2014-04-25,7.53896981
2014-04-26,8.13876566
2014-04-27,6.68588565
2014-04-28,7.71973567
2014-04-29,9.65805329
2014-04-30,11.11323243
2014-05-01,8.12548304
2014-05-02,7.14991212
2014-05-03,11.86109013
2014-05-04,11.95869186
2014-05-05,8.63600699
2014-05-06,9.33985908
2014-05-07,9.54740055
2014-05-08,12.77670054
2014-05-09,19.46201971
2014-05-10,16.61335086
2014-05-11,11.8546865
2014-05-12,7.91168856
2014-05-13,6.93007712
2014-05-14,11.5564765
2014-05-15,11.63857303
2014-05-16,11.40746045
2014-05-17,9.83225481
2014-05-18,10.71901921
2014-05-19,5.59796011
2014-05-20,8.77787634
2014-05-21,21.68331971
2014-05-22,10.62011562
2014-05-23,10.44561579
2014-05-24,16.24750855
2014-05-25,17.72907455
2014-05-26,14.02318081
2014-05-27,12.74785775
2014-05-28,13.81438024
2014-05-29,11.48568409
2014-05-30,9.81128487
2014-05-31,11.36343856
2014-06-01,10.07957546
2014-06-02,13.00514479
2014-06-03,21.53466232
2014-06-04,11.76257365
2014-06-05,15.5843094
2014-06-06,13.32522063
2014-06-07,13.44933202
2014-06-08,11.00906247
2014-06-09,16.0771568
2014-06-10,6.24451983
2014-06-11,8.77789292
2014-06-12,9.33030739
2014-06-13,16.51773071
2014-06-14,19.41312689
2014-06-15,8.69822056
2014-06-16,7.78354251
2014-06-17,11.550313
2014-06-18,7.26278002
2014-06-19,10.34011221
2014-06-20,10.58648663
2014-06-21,9.1733306
2014-06-22,7.89821045
2014-06-23,11.29571694
2014-06-24,11.78338199
2014-06-25,13.74839451
2014-06-26,7.21614452
2014-06-27,8.37741727
2014-06-28,6.84107018
2014-06-29,5.71620165
2014-06-30,6.23661149
2014-07-01,9.04047088
2014-07-02,13.08382299
2014-07-03,19.87930907
2014-07-04,8.59851273
2014-07-05,6.75751734
2014-07-06,7.67011671
2014-07-07,7.05451565
2014-07-08,7.18511583
2014-07-09,4.84213448
2014-07-10,6.97970567
2014-07-11,7.64346818
2014-07-12,6.83347054
2014-07-13,9.19637499
2014-07-14,12.37417403
2014-07-15,7.47480393
2014-07-16,7.58036755
2014-07-17,8.23417438
2014-07-18,6.93592153
2014-07-19,7.99892405
2014-07-20,5.88449813
2014-07-21,6.15284488
2014-07-22,8.76566499
2014-07-23,7.17801658
2014-07-24,7.44644273
2014-07-25,9.98478591
2014-07-26,9.47712051
2014-07-27,5.97506741
2014-07-28,5.7154797
2014-07-29,8.097226
2014-07-30,8.54559169
2014-07-31,7.05549694
2014-08-01,6.66053555
2014-08-02,6.98287808
2014-08-03,6.19711356
2014-08-04,9.82182103
2014-08-05,6.61032016
2014-08-06,12.01064024
2014-08-07,6.25129113
2014-08-08,6.37056616
2014-08-09,6.76024163
2014-08-10,6.86780648
2014-08-11,6.70533959
2014-08-12,7.21868508
2014-08-13,10.06243125
2014-08-14,9.82070513
2014-08-15,9.59176708
2014-08-16,11.53941618
2014-08-17,10.80160639
2014-08-18,9.02648427
2014-08-19,13.77562234
2014-08-20,8.57149896
2014-08-21,7.01221134
2014-08-22,10.20339213
2014-08-23,45.7541855
2014-08-24,10.27633604
2014-08-25,6.60863572
2014-08-26,12.05495154
2014-08-27,22.43351682
2014-08-28,18.92807516
2014-08-29,9.44250522
2014-08-30,7.54678189
2014-08-31,8.48038829
2014-09-01,10.3713742
2014-09-02,11.8050361
2014-09-03,8.83478043
2014-09-04,7.89179203
2014-09-05,6.42749056
2014-09-06,7.56457596
2014-09-07,5.03043381
2014-09-08,6.32296444
2014-09-09,7.97425704
2014-09-10,6.96156529
2014-09-11,6.772417
2014-09-12,7.20364172
2014-09-13,7.4537533
2014-09-14,5.02542437
2014-09-15,6.9112449
2014-09-16,5.6298056
2014-09-17,4.94047164
2014-09-18,6.09401103
2014-09-19,9.36298054
2014-09-20,10.94204681
2014-09-21,15.29151824
2014-09-22,14.91560304
2014-09-23,7.45564343
2014-09-24,11.19825036
2014-09-25,14.81574946
2014-09-26,9.81730592
2014-09-27,8.64831597
2014-09-28,9.47882296
2014-09-29,7.74705759
2014-09-30,10.82230024
2014-10-01,8.49824893
2014-10-02,9.4831552
2014-10-03,9.00670181
2014-10-04,10.28208821
2014-10-05,9.7028643
2014-10-06,16.27753343
2014-10-07,16.2791817
2014-10-08,14.37744201
2014-10-09,11.35453742
2014-10-10,11.48035363
2014-10-11,14.70332012
2014-10-12,9.10025163
2014-10-13,8.74117311
2014-10-14,13.52363845
2014-10-15,12.9448886
2014-10-16,17.37486065
2014-10-17,17.84372738
2014-10-18,19.01202348
2014-10-19,8.68524025
2014-10-20,8.65325721
2014-10-21,11.75878112
2014-10-22,8.20500228
2014-10-23,12.11153825
2014-10-24,16.38221889
2014-10-25,9.93447876
2014-10-26,13.18437338
2014-10-27,11.44580502
2014-10-28,10.16706621
2014-10-29,11.1251912
2014-10-30,8.213663
2014-10-31,8.45289878
2014-11-01,22.88059788
2014-11-02,12.34614795
2014-11-03,6.54907243
2014-11-04,12.01911091
2014-11-05,17.09520457
2014-11-06,18.45636315
2014-11-07,14.38274758
2014-11-08,11.03474366
2014-11-09,8.16642624
2014-11-10,8.20581488
2014-11-11,11.30520989
2014-11-12,9.33793353
2014-11-13,15.11217061
2014-11-14,21.53361957
2014-11-15,14.25183594
2014-11-16,11.88776182
2014-11-17,10.01690046
2014-11-18,10.18410269
2014-11-19,12.44625429
2014-11-20,10.94102396
2014-11-21,12.05308611
2014-11-22,18.18475061
2014-11-23,9.21742121
2014-11-24,7.2493164
2014-11-25,9.73674172
2014-11-26,12.62371012
2014-11-27,12.24332843
2014-11-28,10.36004206
2014-11-29,20.85666214
2014-11-30,14.04394761
2014-12-01,13.19757509
2014-12-02,14.86251404
2014-12-03,15.12414105
2014-12-04,14.14857369
2014-12-05,11.11651087
2014-12-06,12.98111844
2014-12-07,9.85204935
2014-12-08,13.75160988
2014-12-09,16.03863896
2014-12-10,11.37537093
2014-12-11,14.0273119
2014-12-12,9.80976974
2014-12-13,11.11210082
2014-12-14,9.45585135
2014-12-15,8.14117495
2014-12-16,11.24926967
2014-12-17,10.87277323
2014-12-18,11.96874297
2014-12-19,14.16678008
2014-12-20,9.66135546
2014-12-21,9.1707433
2014-12-22,10.33034759
2014-12-23,10.61612974
2014-12-24,13.18233869
2014-12-25,8.61590162
2014-12-26,11.91948141
2014-12-27,8.47378296
2014-12-28,10.10627155
2014-12-29,14.19565837
2014-12-30,10.66335699
2014-12-31,16.59059295
2015-01-01,12.57691244
2015-01-02,8.73664611
2015-01-03,10.31920416
2015-01-04,12.90732982
2015-01-05,14.79609078
2015-01-06,14.17979969
2015-01-07,17.88096065
2015-01-08,16.87449903
2015-01-09,14.98813884
2015-01-10,16.15821497
2015-01-11,9.27643281
2015-01-12,14.20815547
2015-01-13,10.82192749
2015-01-14,19.56683828
2015-01-15,26.21085415
2015-01-16,21.21228776
2015-01-17,20.12302047
2015-01-18,12.77800403
2015-01-19,11.78832217
2015-01-20,11.40207528
2015-01-21,15.80696514
2015-01-22,17.30533612
2015-01-23,12.9616723
2015-01-24,11.60008172
2015-01-25,12.92448616
2015-01-26,11.66396608
2015-01-27,20.98052247
2015-01-28,11.49313638
2015-01-29,9.3171066
2015-01-30,11.43142996
2015-01-31,10.19436477
2015-02-01,8.80094487
2015-02-02,10.11167022
2015-02-03,12.7543759
2015-02-04,13.82872861
2015-02-05,12.77707212
2015-02-06,13.12746812
2015-02-07,10.65113112
2015-02-08,7.57915406
2015-02-09,7.49279887
2015-02-10,8.73657959
2015-02-11,8.61361821
2015-02-12,9.23290572
2015-02-13,8.32296708
2015-02-14,9.64306205
2015-02-15,7.43191626
2015-02-16,9.23684232
2015-02-17,6.98135889
2015-02-18,7.9792807
2015-02-19,8.1917546
2015-02-20,7.63163769
2015-02-21,7.31495337
2015-02-22,7.67479563
2015-02-23,5.52823018
2015-02-24,8.07547394
2015-02-25,6.71226127
2015-02-26,7.87833282
2015-02-27,10.61584431
2015-02-28,13.97368037
2015-03-01,7.39006511
2015-03-02,13.10969364
2015-03-03,18.51233737
2015-03-04,9.8265974
2015-03-05,9.35328111
2015-03-06,10.50521068
2015-03-07,9.50549825
2015-03-08,18.43977584
2015-03-09,39.97947405
2015-03-10,10.48686078
2015-03-11,12.22054028
2015-03-12,9.08211949
2015-03-13,11.09120055
2015-03-14,9.33907416
2015-03-15,9.76881209
2015-03-16,6.92120799
2015-03-17,9.13608131
2015-03-18,7.23841995
2015-03-19,16.29629562
2015-03-20,13.18683763
2015-03-21,7.95679919
2015-03-22,7.16813909
2015-03-23,5.47207954
2015-03-24,8.37982348
2015-03-25,9.00836696
2015-03-26,11.20654228
2015-03-27,10.3053795
2015-03-28,9.77492661
2015-03-29,6.94290165
2015-03-30,6.21008081
2015-03-31,8.4368846
2015-04-01,7.2773357
2015-04-02,9.13403459
2015-04-03,6.75249598
2015-04-04,7.12460201
2015-04-05,4.75739187
2015-04-06,4.89274937
2015-04-07,6.63063309
2015-04-08,7.56278375
2015-04-09,7.83495002
2015-04-10,7.52304264
2015-04-11,9.79656873
2015-04-12,6.27261696
2015-04-13,5.56749559
2015-04-14,8.50004364
2015-04-15,9.21069117
2015-04-16,7.39512237
2015-04-17,11.34186262
2015-04-18,11.03010248
2015-04-19,8.3754242
2015-04-20,10.41748422
2015-04-21,10.79603129
2015-04-22,10.89219918
2015-04-23,11.25792331
2015-04-24,11.02575156
2015-04-25,11.24788345
2015-04-26,9.79465901
2015-04-27,12.6213843
2015-04-28,10.71047405
2015-04-29,11.54800028
2015-04-30,11.2654781
2015-05-01,10.89926414
2015-05-02,12.37981795
2015-05-03,8.58501354
2015-05-04,9.84965451
2015-05-05,12.20833493
2015-05-06,10.27840172
2015-05-07,10.78459858
2015-05-08,11.40818501
2015-05-09,9.66617147
2015-05-10,9.1124174
2015-05-11,10.22016422
2015-05-12,9.51508574
2015-05-13,9.18749773
2015-05-14,10.41230623
2015-05-15,9.08269606
2015-05-16,8.5709717
2015-05-17,7.94289881
2015-05-18,7.11650012
2015-05-19,9.58791307
2015-05-20,11.02750736
2015-05-21,9.60799328
2015-05-22,9.52226581
2015-05-23,12.19290566
2015-05-24,10.05925753
2015-05-25,7.41835799
2015-05-26,9.13655709
2015-05-27,8.60662324
2015-05-28,10.53894829
2015-05-29,8.91083737
2015-05-30,8.49013949
2015-05-31,7.25331743
2015-06-01,9.28517838
2015-06-02,11.15250411
2015-06-03,10.85753484
2015-06-04,11.18249381
2015-06-05,9.69785355
2015-06-06,13.85804318
2015-06-07,10.60147211
2015-06-08,11.07069448
2015-06-09,11.54729614
2015-06-10,11.04488138
2015-06-11,9.67577459
2015-06-12,10.40242686
2015-06-13,9.52763908
2015-06-14,9.78701895
2015-06-15,11.56205879
2015-06-16,11.67492243
2015-06-17,15.49641895
2015-06-18,13.18615146
2015-06-19,12.16029816
2015-06-20,14.42224556
2015-06-21,10.94020873
2015-06-22,9.36103625
2015-06-23,11.41756391
2015-06-24,9.33093654
2015-06-25,9.99550539
2015-06-26,9.30383646
2015-06-27,13.12732713
2015-06-28,11.20262128
2015-06-29,8.54284428
2015-06-30,9.98253668
2015-07-01,11.86608606
2015-07-02,9.27891888
2015-07-03,9.2743394
2015-07-04,9.64581869
2015-07-05,8.12421035
2015-07-06,8.85895252
2015-07-07,9.16756815
2015-07-08,6.61716932
2015-07-09,6.26086719
2015-07-10,7.66116472
2015-07-11,10.25341567
2015-07-12,8.29132509
2015-07-13,8.52927555
2015-07-14,8.84716547
2015-07-15,9.39794721
2015-07-16,9.87769346
2015-07-17,10.9275145
2015-07-18,9.18348934
2015-07-19,7.29843563
2015-07-20,6.86896744
2015-07-21,7.93785121
2015-07-22,8.15587359
2015-07-23,8.32728375
2015-07-24,10.31111879
2015-07-25,10.85440766
2015-07-26,8.2496846
2015-07-27,6.40204662
2015-07-28,8.35803671
2015-07-29,10.81378505
2015-07-30,7.20239776
2015-07-31,7.63828568
2015-08-01,6.48252471
2015-08-02,5.93322514
2015-08-03,6.65608214
2015-08-04,8.68943094
2015-08-05,8.33241603
2015-08-06,8.13568607
2015-08-07,7.71649654
2015-08-08,9.32023447
2015-08-09,12.17606809
2015-08-10,12.93168831
2015-08-11,10.69750665
2015-08-12,10.82330071
2015-08-13,11.21576321
2015-08-14,10.72024255
2015-08-15,11.08806108
2015-08-16,11.10035177
2015-08-17,13.57406193
2015-08-18,12.42688549
2015-08-19,14.3492698
2015-08-20,13.8876699
2015-08-21,12.94725545
2015-08-22,11.56072078
2015-08-23,10.7636174
2015-08-24,10.34666411
2015-08-25,16.07819906
2015-08-26,15.83723779
2015-08-27,12.69372712
2015-08-28,11.72743703
2015-08-29,12.80828677
2015-08-30,8.95334942
2015-08-31,7.58617973
2015-09-01,9.92892184
2015-09-02,10.29880642
2015-09-03,8.3265258
2015-09-04,9.43650393
2015-09-05,12.60059216
2015-09-06,7.72257745
2015-09-07,10.10162228
2015-09-08,8.43503651
2015-09-09,9.3078735
2015-09-10,9.21731731
2015-09-11,10.03682976
2015-09-12,6.88177257
2015-09-13,5.1424175
2015-09-14,6.47328718
2015-09-15,7.32521077
2015-09-16,7.89565245
2015-09-17,9.52178598
2015-09-18,6.24948704
2015-09-19,9.44879388
2015-09-20,9.58335026
2015-09-21,8.99691035
2015-09-22,11.82294667
2015-09-23,11.10002809
2015-09-24,9.14277755
2015-09-25,8.56259643
2015-09-26,9.94221261
2015-09-27,7.96117231
2015-09-28,7.01581384
2015-09-29,10.87809248
2015-09-30,12.47893219
2015-10-01,9.14773692
2015-10-02,12.29569189
2015-10-03,11.2060871
2015-10-04,7.92401357
2015-10-05,7.96478888
2015-10-06,9.86598003
2015-10-07,13.01343936
2015-10-08,9.2373217
2015-10-09,14.20543985
2015-10-10,11.57382855
2015-10-11,9.03511966
2015-10-12,8.64941195
2015-10-13,10.49272801
2015-10-14,11.25158408
2015-10-15,11.80433562
2015-10-16,13.02781608
2015-10-17,12.4900554
2015-10-18,10.64556482
2015-10-19,8.36210756
2015-10-20,10.2167477
2015-10-21,10.37939689
2015-10-22,8.57140561
2015-10-23,10.93813764
2015-10-24,9.74711575
2015-10-25,8.87019693
2015-10-26,11.03347923
2015-10-27,12.75710902
2015-10-28,11.55746691
2015-10-29,11.63252434
2015-10-30,14.04236145
2015-10-31,14.36027907
2015-11-01,11.19793363
2015-11-02,10.51148274
2015-11-03,13.84002259
2015-11-04,34.57276639
2015-11-05,28.98818357
2015-11-06,18.97966616
2015-11-07,15.05113501
2015-11-08,14.51361641
2015-11-09,13.40984441
2015-11-10,18.67243078
2015-11-11,16.0914066
2015-11-12,21.08353325
2015-11-13,18.08424842
2015-11-14,18.31823978
2015-11-15,17.34452805
2015-11-16,13.81717135
2015-11-17,25.81465213
2015-11-18,14.32304865
2015-11-19,10.19642461
2015-11-20,13.13572076
2015-11-21,13.33448449
2015-11-22,8.33007952
2015-11-23,8.55941137
2015-11-24,9.14757094
2015-11-25,8.68110745
2015-11-26,11.29868407
2015-11-27,12.49942026
2015-11-28,15.47555707
2015-11-29,11.03914748
2015-11-30,11.31924187
2015-12-01,13.2144038
2015-12-02,14.63330151
2015-12-03,15.87532155
2015-12-04,21.87053775
2015-12-05,15.10846661
2015-12-06,23.53742885
2015-12-07,24.03086973
2015-12-08,18.86867426
2015-12-09,16.29011848
2015-12-10,17.19293015
2015-12-11,13.49116724
2015-12-12,18.34734618
2015-12-13,15.25787103
2015-12-14,23.85343546
2015-12-15,23.87061825
2015-12-16,25.56240409
2015-12-17,20.17905565
2015-12-18,22.7649363
2015-12-19,17.92454263
2015-12-20,22.52125287
2015-12-21,20.46302902
2015-12-22,21.92886491
2015-12-23,21.33474109
2015-12-24,20.25083977
2015-12-25,21.79155874
2015-12-26,17.82876448
2015-12-27,13.59785606
2015-12-28,8.31584913
2015-12-29,11.79597445
2015-12-30,10.83683012
2015-12-31,11.50221093
2016-01-01,6.68445893
2016-01-02,8.19426231
2016-01-03,9.78185854
2016-01-04,5.49207147
2016-01-05,5.55113272
2016-01-06,7.86394664
2016-01-07,7.95868957
2016-01-08,9.4861539
2016-01-09,6.16876558
2016-01-10,4.18598523
2016-01-11,7.29541941
2016-01-12,9.41798392
2016-01-13,8.02480567
2016-01-14,7.475104
2016-01-15,6.34230152
2016-01-16,10.83784723
2016-01-17,6.8060261
2016-01-18,39.14841703
2016-01-19,26.3437231
2016-01-20,37.46756919
2016-01-21,15.49787095
2016-01-22,18.3119018
2016-01-23,27.00659883
2016-01-24,111.44963177
2016-01-25,288.56399248
2016-01-26,64.95511718
2016-01-27,39.69955744
2016-01-28,55.06415469
2016-01-29,17.26142791
2016-01-30,31.5777266
2016-01-31,15.15229295
2016-02-01,8.51592314
2016-02-02,23.05851845
2016-02-03,14.3264032
2016-02-04,6.97188215
2016-02-05,11.70243161
2016-02-06,16.51479504
2016-02-07,13.23210822
2016-02-08,13.14491418
2016-02-09,11.75297236
2016-02-10,8.75299084
2016-02-11,11.11432302
2016-02-12,12.71572917
2016-02-13,12.24779923
2016-02-14,11.84626057
2016-02-15,14.41473376
2016-02-16,16.69289002
2016-02-17,23.15868224
2016-02-18,15.83539489
2016-02-19,17.85548691
2016-02-20,19.31593927
2016-02-21,17.85792004
2016-02-22,18.35742503
2016-02-23,16.52061559
2016-02-24,15.36093072
2016-02-25,15.36654228
2016-02-26,13.67529957
2016-02-27,15.55983486
2016-02-28,12.01081695
2016-02-29,30.07842316
2016-03-01,33.98332664
2016-03-02,33.17881051
2016-03-03,18.49550168
2016-03-04,14.36607137
2016-03-05,29.29969552
2016-03-06,67.98837738
2016-03-07,11.43416545
2016-03-08,15.82810035
2016-03-09,9.81691747
2016-03-10,10.36879725
2016-03-11,11.36834074
2016-03-12,11.70363234
2016-03-13,9.65213191
2016-03-14,11.05063217
2016-03-15,12.43016215
2016-03-16,18.24628611
2016-03-17,48.17111307
2016-03-18,36.00520274
2016-03-19,18.56184299
2016-03-20,12.25240879
2016-03-21,9.98249801
2016-03-22,9.63247327
2016-03-23,10.15542702
2016-03-24,10.60387445
2016-03-25,12.42103696
2016-03-26,11.21334292
2016-03-27,8.96700286
2016-03-28,12.08492587
2016-03-29,10.57908798
2016-03-30,10.73863996
2016-03-31,9.9344684
2016-04-01,10.04459998
2016-04-02,9.272306
2016-04-03,8.5617381
2016-04-04,8.12369288
2016-04-05,10.06979343
2016-04-06,10.07277576
2016-04-07,10.02636511
2016-04-08,12.71200876
2016-04-09,13.05936778
2016-04-10,10.97386471
2016-04-11,11.24095929
2016-04-12,11.35755079
2016-04-13,14.63036161
2016-04-14,15.31943698
2016-04-15,12.3221514
2016-04-16,16.71975099
2016-04-17,16.87871247
2016-04-18,13.22246356
2016-04-19,16.93198125
2016-04-20,15.07307283
2016-04-21,17.97845476
2016-04-22,23.23343178
2016-04-23,26.98980159
2016-04-24,18.16804556
2016-04-25,11.62676412
2016-04-26,12.23807066
2016-04-27,11.50675166
2016-04-28,9.86540667
2016-04-29,10.91338882
2016-04-30,9.07601448
2016-05-01,8.74364828
2016-05-02,10.67200641
2016-05-03,11.38787922
2016-05-04,9.70979569
2016-05-05,9.65401165
2016-05-06,8.27696248
2016-05-07,10.0972209
2016-05-08,9.31585351
2016-05-09,7.77672121
2016-05-10,8.36439523
2016-05-11,9.61040362
2016-05-12,12.05111503
2016-05-13,9.69383033
2016-05-14,10.31477415
2016-05-15,9.74312828
2016-05-16,10.22616202
2016-05-17,11.3504895
2016-05-18,11.55123185
2016-05-19,8.8452715
2016-05-20,10.43485446
2016-05-21,9.63536864
2016-05-22,7.24194462
2016-05-23,7.40597511
2016-05-24,9.32073378
2016-05-25,9.44600494
2016-05-26,12.20056134
2016-05-27,16.2415278
2016-05-28,17.10033725
2016-05-29,17.37471839
2016-05-30,15.43502375
2016-05-31,9.56308494
2016-06-01,12.07566166
2016-06-02,9.74107801
2016-06-03,10.38678052
2016-06-04,7.90521702
2016-06-05,7.6140995
2016-06-06,9.97467182
2016-06-07,8.69114804
2016-06-08,8.89005604
2016-06-09,8.04394859
2016-06-10,11.34888685
2016-06-11,9.63942774
2016-06-12,8.82340861
2016-06-13,13.17879744
2016-06-14,11.28933093
2016-06-15,10.15214737
2016-06-16,10.29375634
2016-06-17,10.39688515
2016-06-18,10.23736516
2016-06-19,9.43108433
2016-06-20,9.55464155
2016-06-21,10.18261962
2016-06-22,10.77814494
2016-06-23,11.65956166
2016-06-24,12.23979977
2016-06-25,10.96345829
2016-06-26,10.04107099
2016-06-27,9.59192058
2016-06-28,10.70285301
2016-06-29,8.62586551
2016-06-30,8.52196669
2016-07-01,8.37100628
2016-07-02,9.72652763
2016-07-03,11.0547712
2016-07-04,9.41935138
2016-07-05,12.98546007
2016-07-06,9.134452
2016-07-07,9.51810787
2016-07-08,13.54455018
2016-07-09,10.40686989
2016-07-10,9.37144701
2016-07-11,8.98809165
2016-07-12,10.05497439
2016-07-13,10.03698259
2016-07-14,11.42146785
2016-07-15,9.15830135
2016-07-16,15.58192211
2016-07-17,10.53426002
2016-07-18,11.59780363
2016-07-19,9.84489028
2016-07-20,12.10988081
2016-07-21,10.44662852
2016-07-22,10.60809997
2016-07-23,10.39826785
2016-07-24,8.85917651
2016-07-25,10.17487408
2016-07-26,8.0326656
2016-07-27,9.14251426
2016-07-28,10.41929246
2016-07-29,10.47182512
2016-07-30,9.76483603
2016-07-31,9.04592155
2016-08-01,9.4171827
2016-08-02,7.31039673
2016-08-03,14.01911252
2016-08-04,9.45562135
2016-08-05,13.35189156
2016-08-06,9.13634198
2016-08-07,7.68625402
2016-08-08,8.9058647
2016-08-09,7.81535475
2016-08-10,9.89084583
2016-08-11,8.42880561
2016-08-12,8.8402264
2016-08-13,7.90662032
2016-08-14,8.94829323
2016-08-15,8.83644536
2016-08-16,10.33779448
2016-08-17,10.56521236
2016-08-18,8.1499914
2016-08-19,10.71003504
2016-08-20,9.70286993
2016-08-21,11.0242174
2016-08-22,6.76471971
2016-08-23,8.2656598
2016-08-24,9.15895678
2016-08-25,9.86105939
2016-08-26,8.74396915
2016-08-27,9.27869194
2016-08-28,7.4145227
2016-08-29,7.93465576
2016-08-30,7.3188907
2016-08-31,7.5535166
2016-09-01,7.0249504
2016-09-02,6.92429246
2016-09-03,6.91596959
2016-09-04,7.66505946
2016-09-05,5.90981953
2016-09-06,7.95615013
2016-09-07,6.39315835
2016-09-08,6.50805457
2016-09-09,6.54383839
2016-09-10,7.17413237
2016-09-11,7.57575544
2016-09-12,8.94630575
2016-09-13,7.51491167
2016-09-14,8.72676818
2016-09-15,7.97586341
2016-09-16,8.27362213
2016-09-17,9.61658492
2016-09-18,7.19805158
2016-09-19,8.82185051
2016-09-20,8.4867982
2016-09-21,10.00713612
2016-09-22,7.66012338
2016-09-23,11.23867788
2016-09-24,10.69506491
2016-09-25,9.97180441
2016-09-26,9.68298589
2016-09-27,9.51990044
2016-09-28,8.20316735
2016-09-29,10.93188875
2016-09-30,8.55771165
2016-10-01,11.08910265
2016-10-02,7.46565972
2016-10-03,6.64009907
2016-10-04,7.38693588
2016-10-05,7.67174063
2016-10-06,8.37690276
2016-10-07,8.18214825
2016-10-08,9.15413109
2016-10-09,8.93374859
2016-10-10,14.12236851
2016-10-11,12.27765958
2016-10-12,12.7848082
2016-10-13,12.77385286
2016-10-14,9.27698818
2016-10-15,8.66417076
2016-10-16,23.79627089
2016-10-17,14.46312108
2016-10-18,7.79953532
2016-10-19,11.50191122
2016-10-20,12.42145057
2016-10-21,9.45849528
2016-10-22,12.1913584
2016-10-23,5.98934611
2016-10-24,10.23464846
2016-10-25,22.42207241
2016-10-26,14.32900261
2016-10-27,11.01144728
2016-10-28,10.78007513
2016-10-29,5.86054349
2016-10-30,6.07801044
2016-10-31,5.67703971
2016-11-01,7.71065036
2016-11-02,7.38517185
2016-11-03,18.1842216
2016-11-04,26.46540611
2016-11-05,25.89972062
2016-11-06,35.54039791
2016-11-07,38.40496882
2016-11-08,20.36477039
2016-11-09,14.84702589
2016-11-10,10.33250521
2016-11-11,6.28181094
2016-11-12,5.30761145
2016-11-13,3.97773272
2016-11-14,4.83258487
2016-11-15,5.51703732
2016-11-16,6.50057764
2016-11-17,6.36777661
2016-11-18,5.90615236
2016-11-19,5.8670463
2016-11-20,4.20326588
2016-11-21,5.03487194
2016-11-22,5.34841282
2016-11-23,5.97640429
2016-11-24,7.03329259
2016-11-25,5.499072
2016-11-26,4.44491429
2016-11-27,4.2718002
2016-11-28,3.98288856
2016-11-29,5.21784104
2016-11-30,4.66842063
2016-12-01,4.68341999
2016-12-02,6.82325793
2016-12-03,5.65713571
2016-12-04,4.11473994
2016-12-05,4.17423582
2016-12-06,6.17164481
2016-12-07,5.21269096
2016-12-08,4.89996005
2016-12-09,4.84764183
2016-12-10,5.66409364
2016-12-11,4.85002882
2016-12-12,4.55548347
2016-12-13,6.61326274
2016-12-14,5.39224092
2016-12-15,5.99842641
2016-12-16,7.32773997
2016-12-17,6.56463183
2016-12-18,4.79835911
2016-12-19,6.25320273
2016-12-20,6.50028601
2016-12-21,6.63830651
2016-12-22,8.27457184
2016-12-23,7.38123001
2016-12-24,8.27561559
2016-12-25,5.74860336
2016-12-26,5.24922499
2016-12-27,6.01683788
2016-12-28,7.81800186
2016-12-29,6.63602086
2016-12-30,5.76807999
2016-12-31,7.18042564
2017-01-01,5.36885222
2017-01-02,5.66676466
2017-01-03,5.5227256
2017-01-04,6.65608076
2017-01-05,7.53863855
2017-01-06,10.20108143
2017-01-07,8.81223869
2017-01-08,7.53655809
2017-01-09,6.32350089
2017-01-10,7.78219327
2017-01-11,6.93288735
2017-01-12,12.22644091
2017-01-13,11.89197213
2017-01-14,9.03936556
2017-01-15,6.03352162
2017-01-16,7.12074433
2017-01-17,7.60666334
2017-01-18,8.66333645
2017-01-19,6.64325216
2017-01-20,8.73474808
2017-01-21,8.94963771
2017-01-22,5.54137999
2017-01-23,4.61222734
2017-01-24,6.86165505
2017-01-25,7.73906896
2017-01-26,6.58538515
2017-01-27,7.70716134
2017-01-28,7.02014981
2017-01-29,5.06828313
2017-01-30,5.63862483
2017-01-31,6.06728881
2017-02-01,5.70220546
2017-02-02,6.02851571
2017-02-03,7.19173549
2017-02-04,7.6872182
2017-02-05,7.46656439
2017-02-06,6.37343865
2017-02-07,7.37828611
2017-02-08,6.30351053
2017-02-09,6.27380585
2017-02-10,10.0625337
2017-02-11,9.65643971
2017-02-12,5.7564795
2017-02-13,3.95895196
2017-02-14,5.5503816
2017-02-15,5.82361718
2017-02-16,5.86795988
2017-02-17,10.79886288
2017-02-18,8.23464518
2017-02-19,4.43443767
2017-02-20,5.64491119
2017-02-21,5.40354408
2017-02-22,6.28440534
2017-02-23,9.42161717
2017-02-24,9.79607568
2017-02-25,5.41723011
2017-02-26,3.54113362
2017-02-27,3.97252944
2017-02-28,6.68864533
2017-03-01,6.00206693
2017-03-02,8.05756273
2017-03-03,8.61867663
2017-03-04,13.58463257
2017-03-05,7.59611627
2017-03-06,4.4009392
2017-03-07,6.27292148
2017-03-08,6.41926484
2017-03-09,9.00846459
2017-03-10,19.34491137
2017-03-11,8.48296287
2017-03-12,5.61545677
2017-03-13,5.06200833
2017-03-14,7.40801162
2017-03-15,8.55854385
2017-03-16,7.78338949
2017-03-17,10.28581328
2017-03-18,10.54527761
2017-03-19,8.90227581
2017-03-20,30.43991281
2017-03-21,11.63896151
2017-03-22,22.54579705
2017-03-23,15.0086858
2017-03-24,8.03108077
2017-03-25,15.85003575
2017-03-26,12.85484826
2017-03-27,6.92012616
2017-03-28,10.00670194
2017-03-29,7.44621807
2017-03-30,6.39126782
2017-03-31,7.32293799
2017-04-01,21.30587243
2017-04-02,12.6366868
2017-04-03,18.73499301
2017-04-04,19.23544911
2017-04-05,9.65211854
2017-04-06,7.03306116
2017-04-07,7.09441409
2017-04-08,35.55925491
2017-04-09,57.95362087
2017-04-10,5.51989217
2017-04-11,7.16135307
2017-04-12,6.32786191
2017-04-13,7.63244483
2017-04-14,10.1791679
2017-04-15,7.9033754
2017-04-16,5.68649105
2017-04-17,8.06874884
2017-04-18,9.75028773
2017-04-19,7.7243275
2017-04-20,7.05482294
2017-04-21,8.47386962
2017-04-22,6.83106739
2017-04-23,6.11653602
2017-04-24,5.84353347
2017-04-25,8.47105261
2017-04-26,10.10373048
2017-04-27,7.14960344
2017-04-28,8.86238758
2017-04-29,8.12764743
2017-04-30,5.91659098
2017-05-01,6.32102974
2017-05-02,8.30959901
2017-05-03,7.46771455
2017-05-04,8.91309859
2017-05-05,8.63140766
2017-05-06,11.23862571
2017-05-07,7.72458649
2017-05-08,7.26639822
2017-05-09,10.77595214
2017-05-10,9.61100149
2017-05-11,12.27874225
2017-05-12,10.27094276
2017-05-13,9.43952937
2017-05-14,9.10601647
2017-05-15,7.00836536
2017-05-16,9.14999346
2017-05-17,11.75067492
2017-05-18,12.56859076
2017-05-19,11.12412213
2017-05-20,8.90283071
2017-05-21,8.23307614
2017-05-22,6.96674719
2017-05-23,9.98817896
2017-05-24,11.05066083
2017-05-25,10.7662074
2017-05-26,10.04072262
2017-05-27,8.43956079
2017-05-28,8.37314496
2017-05-29,9.52828793
2017-05-30,7.62223319
2017-05-31,11.63222146
2017-06-01,9.76425685
2017-06-02,10.15281627
2017-06-03,10.48807563
2017-06-04,10.02829593
2017-06-05,12.90468401
2017-06-06,10.83602398
2017-06-07,8.04671555
2017-06-08,7.87137697
2017-06-09,7.93870719
2017-06-10,9.18579707
2017-06-11,9.47491465
2017-06-12,9.77392911
2017-06-13,10.22554208
2017-06-14,11.19460234
2017-06-15,11.04804069
2017-06-16,10.60531018
2017-06-17,12.6475776
2017-06-18,9.06729927
2017-06-19,10.23093845
2017-06-20,11.0502076
2017-06-21,10.58842257
2017-06-22,13.15306139
2017-06-23,11.8305453
2017-06-24,8.6152803
2017-06-25,8.85999528
2017-06-26,10.07914346
2017-06-27,14.14326269
2017-06-28,10.71853154
2017-06-29,9.54000722
2017-06-30,14.43204325
2017-07-01,13.75648704
2017-07-02,9.79067266
2017-07-03,8.59329129
2017-07-04,11.09577707
2017-07-05,8.40031439
2017-07-06,10.06342169
2017-07-07,10.09238914
2017-07-08,9.72301167
2017-07-09,12.46774058
2017-07-10,11.48665725
2017-07-11,13.92066381
2017-07-12,10.64557244
2017-07-13,10.05057028
2017-07-14,9.6578177
2017-07-15,11.64281475
2017-07-16,8.68833759
2017-07-17,9.0953295
2017-07-18,11.55628913
2017-07-19,9.76843002
2017-07-20,9.61016367
2017-07-21,9.98671241
2017-07-22,8.27691312
2017-07-23,7.54214596
2017-07-24,8.34597363
2017-07-25,8.91495859
2017-07-26,29.405501
2017-07-27,15.71579872
2017-07-28,10.62539917
2017-07-29,16.51437649
2017-07-30,25.35743015
2017-07-31,55.29930811
2017-08-01,17.59170369
2017-08-02,17.65369251
2017-08-03,13.86608759
2017-08-04,9.62185163
2017-08-05,9.35447663
2017-08-06,7.89041712
2017-08-07,8.1585423
2017-08-08,8.93709973
2017-08-09,9.71994891
2017-08-10,9.45332669
2017-08-11,10.39827044
2017-08-12,11.20125943
2017-08-13,10.08034105
2017-08-14,7.93479579
2017-08-15,11.25697548
2017-08-16,8.68160703
2017-08-17,10.2279611
2017-08-18,7.68968044
2017-08-19,8.80517866
2017-08-20,8.4611035
2017-08-21,8.53674168
2017-08-22,10.36078482
2017-08-23,9.46874635
2017-08-24,7.1392308
2017-08-25,7.96934432
2017-08-26,6.58828429
2017-08-27,6.04872522
2017-08-28,4.79512847
2017-08-29,7.8281554
2017-08-30,6.73451213
2017-08-31,5.90495176
2017-09-01,5.99225381
2017-09-02,5.89491848
2017-09-03,6.2605796
2017-09-04,6.79302185
2017-09-05,8.38810609
2017-09-06,26.29304445
2017-09-07,9.05606872
2017-09-08,8.12804701
2017-09-09,7.52717525
2017-09-10,7.85061724
2017-09-11,7.78669701
2017-09-12,12.05135152
2017-09-13,8.68576329
2017-09-14,10.24315779
2017-09-15,12.00476105
2017-09-16,11.8361358
2017-09-17,9.54819987
2017-09-18,8.90645559
2017-09-19,10.66972114
2017-09-20,6.27740732
2017-09-21,8.06427402
2017-09-22,6.94852421
2017-09-23,8.55389101
2017-09-24,6.30332446
2017-09-25,6.90886652
2017-09-26,8.66148062
2017-09-27,7.85608109
2017-09-28,8.74516295
2017-09-29,8.02161777
2017-09-30,7.1643129
2017-10-01,7.88397435
2017-10-02,6.76630858
2017-10-03,6.36783731
2017-10-04,5.14297976
2017-10-05,6.22215329
2017-10-06,6.25368488
2017-10-07,4.87964133
2017-10-08,4.23696926
2017-10-09,5.73345055
2017-10-10,8.08752628
2017-10-11,6.58431949
2017-10-12,5.85395897
2017-10-13,6.57830252
2017-10-14,7.05404959
2017-10-15,5.30057725
2017-10-16,4.25069421
2017-10-17,6.11263527
2017-10-18,9.03788291
2017-10-19,6.4321131
2017-10-20,5.17114832
2017-10-21,5.89187973
2017-10-22,4.87186178
2017-10-23,5.33031982
2017-10-24,9.795268
2017-10-25,7.27680935
2017-10-26,5.88424174
2017-10-27,6.67397079
2017-10-28,7.8728402
2017-10-29,6.79570074
2017-10-30,4.99723523
2017-10-31,5.61574647
2017-11-01,6.9159649
2017-11-02,6.14809665
2017-11-03,6.44157874
2017-11-04,10.93247933
2017-11-05,21.40210888
2017-11-06,28.65968503
2017-11-07,11.44137246
2017-11-08,10.9154089
2017-11-09,14.73056511
2017-11-10,6.59288935
2017-11-11,8.54101598
2017-11-12,9.17722542
2017-11-13,11.54325407
2017-11-14,14.05180692
2017-11-15,14.87983962
2017-11-16,10.38379872
2017-11-17,12.74154272
2017-11-18,12.8340286
2017-11-19,9.95907038
2017-11-20,21.48862254
2017-11-21,12.87000584
2017-11-22,10.26045521
2017-11-23,12.14245499
2017-11-24,9.99975147
2017-11-25,8.78372069
2017-11-26,8.79731917
2017-11-27,6.02791375
2017-11-28,6.4066461
2017-11-29,8.06666796
2017-11-30,8.19892183
2017-12-01,7.15718815
2017-12-02,5.8502106
2017-12-03,6.70798723
2017-12-04,5.21961742
2017-12-05,6.80474236
2017-12-06,7.54992298
2017-12-07,8.06533737
2017-12-08,9.41513659
2017-12-09,6.66493122
2017-12-10,7.08693655
2017-12-11,5.67275587
2017-12-12,7.10502935
2017-12-13,8.53470811
2017-12-14,7.26522173
2017-12-15,6.03207708
2017-12-16,6.73424883
2017-12-17,6.41549869
2017-12-18,5.67801476
2017-12-19,7.60517932
2017-12-20,5.2214822
2017-12-21,6.25175935
2017-12-22,5.25912986
2017-12-23,5.30885949
2017-12-24,5.84922408
2017-12-25,4.9276898
2017-12-26,7.20040297
2017-12-27,8.7333933
2017-12-28,7.27369709
2017-12-29,6.82370087
2017-12-30,6.51425909
2017-12-31,6.40761423
2018-01-01,5.24005989
2018-01-02,6.73832178
2018-01-03,7.8103953
2018-01-04,7.15996353
2018-01-05,6.63449462
2018-01-06,8.90188119
2018-01-07,8.20291654
2018-01-08,7.6525899
2018-01-09,7.34319809
2018-01-10,6.18783154
2018-01-11,6.18081537
2018-01-12,5.19375415
2018-01-13,5.80347671
2018-01-14,4.7252294
2018-01-15,5.19085432
2018-01-16,5.26981492
2018-01-17,9.13732812
2018-01-18,7.64484482
2018-01-19,7.03769447
2018-01-20,7.03314043
2018-01-21,5.94987306
2018-01-22,4.86988019
2018-01-23,6.05120158
2018-01-24,5.63645555
2018-01-25,5.58286299
2018-01-26,5.29415362
2018-01-27,6.96557732
2018-01-28,5.9790644
2018-01-29,12.54113627
2018-01-30,7.57702355
2018-01-31,8.15980128
2018-02-01,8.60234057
2018-02-02,8.0335736
2018-02-03,5.9848777
2018-02-04,4.63737516
2018-02-05,5.12800864
2018-02-06,7.64338242
2018-02-07,7.20145829
2018-02-08,5.13061953
2018-02-09,6.41312683
2018-02-10,6.50728039
2018-02-11,7.97707466
2018-02-12,7.95586449
2018-02-13,7.68181255
2018-02-14,6.33786408
2018-02-15,6.96232821
2018-02-16,6.70296344
2018-02-17,5.18814602
2018-02-18,9.17339596
2018-02-19,9.91085959
2018-02-20,9.03481688
2018-02-21,5.57330673
2018-02-22,5.70866764
2018-02-23,7.25803674
2018-02-24,8.23572534
2018-02-25,6.14256039
2018-02-26,3.64566768
2018-02-27,4.07960471
2018-02-28,4.07477231
2018-03-01,7.00128948
2018-03-02,5.10173974
2018-03-03,4.89782316
2018-03-04,4.03842573
2018-03-05,3.75012708
2018-03-06,4.37980546
2018-03-07,4.46351339
2018-03-08,4.150131
2018-03-09,4.80777099
2018-03-10,5.82613829
2018-03-11,5.26872899
2018-03-12,4.86375711
2018-03-13,6.27918297
2018-03-14,9.2960636
2018-03-15,5.31891638
2018-03-16,9.60876983
2018-03-17,6.11859687
2018-03-18,16.11608199
2018-03-19,9.10260319
2018-03-20,7.01003432
2018-03-21,5.28067195
2018-03-22,4.8990885
2018-03-23,6.03970693
2018-03-24,5.20551405
2018-03-25,5.00471303
2018-03-26,5.50786898
2018-03-27,7.84196108
2018-03-28,5.59601958
2018-03-29,7.30485863
2018-03-30,4.70027808
2018-03-31,6.61182391
2018-04-01,6.14672836
2018-04-02,6.64149798
2018-04-03,8.51946973
2018-04-04,6.75832803
2018-04-05,6.64877833
2018-04-06,5.57434174
2018-04-07,7.72895075
2018-04-08,4.88721341
2018-04-09,5.15787662
2018-04-10,6.79322884
2018-04-11,4.64198462
2018-04-12,6.19469311
2018-04-13,8.86899358
2018-04-14,5.21080125
2018-04-15,4.28347271
2018-04-16,4.56533712
2018-04-17,6.070421
2018-04-18,5.94479614
2018-04-19,5.04113405
2018-04-20,6.19244782
2018-04-21,7.26721183
2018-04-22,4.21210232
2018-04-23,4.09587282
2018-04-24,4.86568671
2018-04-25,9.19800514
2018-04-26,10.22167545
2018-04-27,4.88463933
2018-04-28,7.23744064
2018-04-29,9.57879022
2018-04-30,9.58940149
2018-05-01,5.75198565
2018-05-02,5.16443499
2018-05-03,4.87137087
2018-05-04,6.21746949
2018-05-05,6.20622023
2018-05-06,5.13904791
2018-05-07,6.43151798
2018-05-08,7.05352008
2018-05-09,4.79252579
2018-05-10,5.15126099
2018-05-11,5.60412224
2018-05-12,6.61226632
2018-05-13,5.41279183
2018-05-14,5.17883855
2018-05-15,5.95823322
2018-05-16,4.96523843
2018-05-17,5.7256119
2018-05-18,6.92516561
2018-05-19,5.35016835
2018-05-20,4.48768927
2018-05-21,4.58704438
2018-05-22,4.18991163
2018-05-23,4.72327965
2018-05-24,5.70735509
2018-05-25,5.84421261
2018-05-26,5.25547285
2018-05-27,4.62383614
2018-05-28,6.28887832
2018-05-29,7.59966808
2018-05-30,6.34258121
2018-05-31,5.88701492
2018-06-01,6.51692458
2018-06-02,6.1026475
2018-06-03,5.51702173
2018-06-04,5.49200083
2018-06-05,6.89629691
2018-06-06,6.84867055
2018-06-07,5.15642203
2018-06-08,5.46101588
2018-06-09,6.99559695
2018-06-10,5.24449287
2018-06-11,7.61093405
2018-06-12,7.69153857
2018-06-13,6.90485987
2018-06-14,9.47840267
2018-06-15,9.16110107
2018-06-16,8.46976762
2018-06-17,5.15134065
2018-06-18,4.45334229
2018-06-19,5.31531531
2018-06-20,14.04226948
2018-06-21,8.07818738
2018-06-22,4.77559219
2018-06-23,8.67253228
2018-06-24,8.57439329
2018-06-25,5.93329932
2018-06-26,6.49840181
2018-06-27,4.48095995
2018-06-28,5.326009
2018-06-29,4.65807419
2018-06-30,4.90709326
2018-07-01,3.82342374
2018-07-02,5.49886016
2018-07-03,4.88380231
2018-07-04,4.7366516
2018-07-05,4.19182125
2018-07-06,5.54833937
2018-07-07,4.46612844
2018-07-08,3.6487727
2018-07-09,4.97906874
2018-07-10,4.89612773
2018-07-11,5.12334616
2018-07-12,3.87286692
2018-07-13,3.9967354
2018-07-14,4.17601407
2018-07-15,3.85231306
2018-07-16,4.49218809
2018-07-17,6.1000678
2018-07-18,5.21553155
2018-07-19,4.51373532
2018-07-20,4.14804657
2018-07-21,4.46842293
2018-07-22,3.6269343
2018-07-23,3.39681813
2018-07-24,4.39518107
2018-07-25,4.74483726
2018-07-26,4.23778679
2018-07-27,3.60652556
2018-07-28,4.17090214
2018-07-29,4.02636827
2018-07-30,3.92793704
2018-07-31,4.12714591
2018-08-01,3.76550372
2018-08-02,3.84008977
2018-08-03,4.66271389
2018-08-04,4.2718271
2018-08-05,4.8663833
2018-08-06,5.78569945
2018-08-07,6.10137734
2018-08-08,4.84183231
2018-08-09,5.71105896
2018-08-10,5.17777749
2018-08-11,4.29261603
2018-08-12,4.61026379
2018-08-13,3.81261259
2018-08-14,4.40385403
2018-08-15,5.02480692
2018-08-16,4.19906924
2018-08-17,4.42114655
2018-08-18,3.78468132
2018-08-19,3.30610712
2018-08-20,3.67328839
2018-08-21,3.92006
2018-08-22,5.21587362
2018-08-23,4.0333674
2018-08-24,4.19746952
2018-08-25,3.7405636
2018-08-26,3.29489069
2018-08-27,2.99263852
2018-08-28,4.14961877
2018-08-29,9.45531281
2018-08-30,3.58850676
2018-08-31,3.57155761
2018-09-01,6.01080581
2018-09-02,4.35482106
2018-09-03,4.98673474
2018-09-04,4.20010499
2018-09-05,4.22127796
2018-09-06,3.78703105
2018-09-07,4.85570283
2018-09-08,4.74377504
2018-09-09,3.63464478
2018-09-10,3.6543934
2018-09-11,4.20524596
2018-09-12,3.92656937
2018-09-13,3.65532143
2018-09-14,4.68599865
2018-09-15,3.34548705
2018-09-16,3.58401373
2018-09-17,4.17011727
2018-09-18,4.41632835
2018-09-19,4.10590468
2018-09-20,3.72024779
2018-09-21,3.48522897
2018-09-22,4.46887923
2018-09-23,3.2843077
2018-09-24,2.74721318
2018-09-25,3.32785589
2018-09-26,4.92629122
2018-09-27,4.37359432
2018-09-28,3.61407306
2018-09-29,4.13640274
2018-09-30,3.53189417
2018-10-01,2.98964589
2018-10-02,3.35948338
2018-10-03,4.86479043
2018-10-04,3.33581586
2018-10-05,3.28390799
2018-10-06,3.0266739
2018-10-07,2.79140085
2018-10-08,2.5811718
2018-10-09,4.25151979
2018-10-10,3.04840864
2018-10-11,4.28922343
2018-10-12,4.16343733
2018-10-13,4.76474317
2018-10-14,3.38156822
2018-10-15,3.48849739
2018-10-16,4.8415601
2018-10-17,3.25265861
2018-10-18,3.34303139
2018-10-19,3.72673028
2018-10-20,3.59935211
2018-10-21,2.76959434
2018-10-22,2.56093835
2018-10-23,3.66062953
2018-10-24,4.18965608
2018-10-25,3.90121131
2018-10-26,3.69719912
2018-10-27,3.15030229
2018-10-28,2.44039974
2018-10-29,2.42619715
2018-10-30,2.95081135
2018-10-31,2.9129758
2018-11-01,2.95512871
2018-11-02,3.08221756
2018-11-03,4.13210398
2018-11-04,2.43922369
2018-11-05,2.66468191
2018-11-06,3.69701804
2018-11-07,3.10491633
2018-11-08,3.10430788
2018-11-09,2.80780012
2018-11-10,3.09973397
2018-11-11,2.18754885
2018-11-12,2.3322621
2018-11-13,3.07016587
2018-11-14,3.33481802
2018-11-15,4.19203869
2018-11-16,6.3404685
2018-11-17,4.02195152
2018-11-18,2.4082733
2018-11-19,2.20543777
2018-11-20,4.00310245
2018-11-21,7.41113428
2018-11-22,4.76319181
2018-11-23,3.90667823
2018-11-24,3.98900105
2018-11-25,3.61023726
2018-11-26,4.69255114
2018-11-27,5.0615192
2018-11-28,4.4594578
2018-11-29,5.44927947
2018-11-30,4.81886742
2018-12-01,7.52788192
2018-12-02,4.56318223
2018-12-03,4.33986149
2018-12-04,6.24437527
2018-12-05,9.25986607
2018-12-06,6.77144195
2018-12-07,5.52865312
2018-12-08,5.60080241
2018-12-09,3.65468104
2018-12-10,3.16200941
2018-12-11,3.88311093
2018-12-12,4.536184
2018-12-13,3.97646615
2018-12-14,4.19119826
2018-12-15,3.83745854
2018-12-16,2.88974745
2018-12-17,3.67212074
2018-12-18,3.85204039
2018-12-19,5.24311722
2018-12-20,5.03716665
2018-12-21,4.51250829
2018-12-22,4.54954263
2018-12-23,3.14969551
2018-12-24,2.86639189
2018-12-25,4.00229057
2018-12-26,3.84092403
2018-12-27,3.65348614
2018-12-28,4.13141687
2018-12-29,4.32417842
2018-12-30,3.64433281
2018-12-31,2.53743343
2019-01-01,3.20315658
2019-01-02,2.48534449
2019-01-03,3.30312527
2019-01-04,2.90865173
2019-01-05,3.03108692
2019-01-06,2.54224748
2019-01-07,2.60248281
2019-01-08,3.85620075
2019-01-09,2.72716728
2019-01-10,3.13770159
2019-01-11,4.37478872
2019-01-12,3.18372926
2019-01-13,2.79652077
2019-01-14,2.51955087
2019-01-15,2.78612159
2019-01-16,4.35651355
2019-01-17,3.12700501
2019-01-18,2.79757818
2019-01-19,2.68466051
2019-01-20,2.05564046
2019-01-21,2.21821095
2019-01-22,5.63571496
2019-01-23,4.34493472
2019-01-24,3.79219239
2019-01-25,5.59621298
2019-01-26,7.24875519
2019-01-27,3.12755701
2019-01-28,2.82596379
2019-01-29,6.09624259
2019-01-30,4.53914704
2019-01-31,7.67825733
2019-02-01,8.03070423
2019-02-02,9.81338137
2019-02-03,6.45477843
2019-02-04,2.65041983
2019-02-05,7.87029523
2019-02-06,10.52812334
2019-02-07,13.76584315
2019-02-08,9.77517534
2019-02-09,11.70526239
2019-02-10,8.42388304
2019-02-11,2.01886382
2019-02-12,8.53134519
2019-02-13,12.11145422
2019-02-14,11.43876263
2019-02-15,8.13205992
2019-02-16,8.89251073
2019-02-17,2.0629576
2019-02-18,1.92259854
2019-02-19,3.36090463
2019-02-20,6.52775379
2019-02-21,4.21744965
2019-02-22,3.60661884
2019-02-23,3.75968703
2019-02-24,3.15884154
2019-02-25,3.11774554
2019-02-26,4.8680474
2019-02-27,4.40768108
2019-02-28,4.18633195
2019-03-01,4.25239466
2019-03-02,3.71640717
2019-03-03,4.90567289
2019-03-04,4.28678051
2019-03-05,7.26974765
2019-03-06,10.7352229
2019-03-07,5.58976903
2019-03-08,5.702545
2019-03-09,5.59022925
2019-03-10,3.19983254
2019-03-11,2.9080711
2019-03-12,4.11497317
2019-03-13,5.22534749
2019-03-14,3.76593295
2019-03-15,4.89221312
2019-03-16,4.40506144
2019-03-17,3.12915574
2019-03-18,3.97471218
2019-03-19,8.63805275
2019-03-20,5.48372903
2019-03-21,4.880013
2019-03-22,5.68984859
2019-03-23,7.79324333
2019-03-24,2.92913297
2019-03-25,2.79543256
2019-03-26,4.70388758
2019-03-27,3.48768507
2019-03-28,3.20001481
2019-03-29,3.74231555
2019-03-30,3.74175702
2019-03-31,2.44018592
2019-04-01,2.41750013
2019-04-02,4.83777425
2019-04-03,8.49390073
2019-04-04,3.68979048
2019-04-05,3.48521455
2019-04-06,2.73488984
2019-04-07,2.14006469
2019-04-08,2.32305039
2019-04-09,3.9913239
2019-04-10,5.77450652
2019-04-11,3.93835313
2019-04-12,4.79971082
2019-04-13,3.84668281
2019-04-14,2.98442493
2019-04-15,3.0000064
2019-04-16,4.13558193
2019-04-17,4.85165943
2019-04-18,4.51576354
2019-04-19,4.57294984
2019-04-20,6.84866978
2019-04-21,3.23336656
2019-04-22,1.96488207
2019-04-23,5.46264524
2019-04-24,7.05529481
2019-04-25,4.9241031
2019-04-26,4.96102059
2019-04-27,3.47370256
2019-04-28,1.97613003
2019-04-29,2.31877063
2019-04-30,3.02800144
2019-05-01,5.90060078
2019-05-02,2.55144752
2019-05-03,2.11390973
2019-05-04,3.31502944
2019-05-05,2.38022876
2019-05-06,2.26496099
2019-05-07,3.06306998
2019-05-08,4.45999747
2019-05-09,3.29836283
2019-05-10,3.42043922
2019-05-11,4.0519271
2019-05-12,3.65607125
2019-05-13,2.51946412
2019-05-14,4.16901135
2019-05-15,4.50411141
2019-05-16,6.0799865
2019-05-17,3.78637797
2019-05-18,3.81092768
2019-05-19,2.39490572
2019-05-20,2.39072064
2019-05-21,3.16918249
2019-05-22,2.82727155
2019-05-23,2.79842891
2019-05-24,3.125444
2019-05-25,3.42936804
2019-05-26,2.24146702
2019-05-27,2.28054095
2019-05-28,2.90166301
2019-05-29,3.28159059
2019-05-30,3.35960429
2019-05-31,3.24123693
2019-06-01,6.85228775
2019-06-02,3.33619814
2019-06-03,3.58323054
2019-06-04,5.77965445
2019-06-05,4.81107389
2019-06-06,5.18487959
2019-06-07,5.06493626
2019-06-08,4.10829982
2019-06-09,2.81309251
2019-06-10,2.75526614
2019-06-11,4.32157757
2019-06-12,6.17912484
2019-06-13,3.9964373
2019-06-14,3.36425852
2019-06-15,3.46426984
2019-06-16,3.07976816
2019-06-17,6.67473104
2019-06-18,6.76436853
2019-06-19,7.33695693
2019-06-20,3.94369705
2019-06-21,10.64655853
2019-06-22,4.93680611
2019-06-23,5.28572036
2019-06-24,2.4770969
2019-06-25,4.28023671
2019-06-26,5.38651713
2019-06-27,4.61083992
2019-06-28,4.66957226
2019-06-29,3.52217662
2019-06-30,3.64427662
2019-07-01,4.7566874
2019-07-02,6.51392619
2019-07-03,3.66130049
2019-07-04,4.37714784
2019-07-05,3.24565846
2019-07-06,4.3616099
2019-07-07,1.83358476
2019-07-08,2.57944175
2019-07-09,6.58387825
2019-07-10,6.77301163
2019-07-11,7.33815678
2019-07-12,9.37486277
2019-07-13,6.61165895
2019-07-14,5.04789787
2019-07-15,5.04098424
2019-07-16,5.31509492
2019-07-17,6.69576462
2019-07-18,7.25623912
2019-07-19,15.3953934
2019-07-20,4.2632858
2019-07-21,2.74226258
2019-07-22,4.98782072
2019-07-23,27.1533458
2019-07-24,3.54802443
2019-07-25,5.94163047
2019-07-26,6.35784359
2019-07-27,2.97201585
2019-07-28,1.942953
2019-07-29,1.5935161
2019-07-30,8.83348217
2019-07-31,7.0632661
2019-08-01,4.77467122
2019-08-02,3.19016441
2019-08-03,2.11468321
2019-08-04,1.55475512
2019-08-05,1.8203474
2019-08-06,6.21177987
2019-08-07,5.03061583
2019-08-08,2.31741789
2019-08-09,4.30915388
2019-08-10,4.40900787
2019-08-11,6.49550152
2019-08-12,2.04210743
2019-08-13,3.6294901
2019-08-14,3.75971459
2019-08-15,4.10977952
2019-08-16,4.28592986
2019-08-17,3.01014746
2019-08-18,5.29362389
2019-08-19,2.91157477
2019-08-20,2.37672137
2019-08-21,35.50068842
2019-08-22,97.23944031
2019-08-23,39.43452304
2019-08-24,1.86491328
2019-08-25,1.33912971
2019-08-26,1.9514625
2019-08-27,3.05396065
2019-08-28,2.7220639
2019-08-29,2.55946501
2019-08-30,2.28411131
2019-08-31,2.21642919
2019-09-01,2.26329927
2019-09-02,2.727925
2019-09-03,2.67353624
2019-09-04,2.68127088
2019-09-05,3.48432772
2019-09-06,3.21481656
2019-09-07,3.03988968
2019-09-08,1.87687236
2019-09-09,2.42998647
2019-09-10,2.63924878
2019-09-11,3.35590152
2019-09-12,3.16003109
2019-09-13,2.34517512
2019-09-14,2.23311091
2019-09-15,1.9111393
2019-09-16,1.5980283
2019-09-17,2.74253188
2019-09-18,3.09463575
2019-09-19,2.23309496
2019-09-20,2.16853302
2019-09-21,2.49640939
2019-09-22,1.94677197
2019-09-23,8.83386545
2019-09-24,4.33606432
2019-09-25,3.9510445
2019-09-26,4.84373736
2019-09-27,2.9585537
2019-09-28,2.86205981
2019-09-29,2.01842006
2019-09-30,1.94602267
2019-10-01,3.48379666
2019-10-02,3.33939753
2019-10-03,2.4685902
2019-10-04,2.37190369
2019-10-05,2.03097754
2019-10-06,1.40228601
2019-10-07,1.78069352
2019-10-08,1.96101123
2019-10-09,2.46270299
2019-10-10,2.88205325
2019-10-11,2.16899526
2019-10-12,2.00840987
2019-10-13,1.61652421
2019-10-14,1.3712973
2019-10-15,2.50768349
2019-10-16,2.08415462
2019-10-17,3.13468717
2019-10-18,2.90127745
2019-10-19,2.7291344
2019-10-20,2.55517867
2019-10-21,2.1780132
2019-10-22,2.53790696
2019-10-23,3.34314433
2019-10-24,3.7084433
2019-10-25,3.20403036
2019-10-26,4.01290966
2019-10-27,2.95202879
2019-10-28,2.48657509
2019-10-29,6.16352767
2019-10-30,4.81194292
2019-10-31,6.01914588
2019-11-01,4.59213562
2019-11-02,3.71131043
2019-11-03,3.19738348
2019-11-04,2.97400778
2019-11-05,3.06243141
2019-11-06,3.36644689
2019-11-07,4.22517874
2019-11-08,4.37018658
2019-11-09,4.29877036
2019-11-10,2.86072812
2019-11-11,1.99577508
2019-11-12,2.1510306
2019-11-13,3.45796035
2019-11-14,3.70219617
2019-11-15,3.45842481
2019-11-16,3.89550477
2019-11-17,2.26688741
2019-11-18,2.25357095
2019-11-19,4.05841753
2019-11-20,2.59766883
2019-11-21,2.5224761
2019-11-22,5.05215427
2019-11-23,4.97316729
2019-11-24,3.10549302
2019-11-25,3.07316692
2019-11-26,4.43186405
2019-11-27,3.42062768
2019-11-28,3.02102147
2019-11-29,2.45276945
2019-11-30,2.94971126
2019-12-01,2.54519163
2019-12-02,2.31452617
2019-12-03,2.56355606
2019-12-04,2.35576929
2019-12-05,5.4888958
2019-12-06,2.60772555
2019-12-07,7.5181453
2019-12-08,2.90463559
2019-12-09,2.27002519
2019-12-10,3.54910347
2019-12-11,3.68332744
2019-12-12,3.6149466
2019-12-13,2.45775259
2019-12-14,2.17276503
2019-12-15,2.63643421
2019-12-16,2.42390058
2019-12-17,2.20230773
2019-12-18,4.86894337
2019-12-19,3.36933616
2019-12-20,3.14647422
2019-12-21,2.77611965
2019-12-22,2.04537098
2019-12-23,2.40307318
2019-12-24,2.91771221
2019-12-25,2.30960926
2019-12-26,2.68004437
2019-12-27,2.25060991
2019-12-28,2.51574664
2019-12-29,2.10277505
2019-12-30,2.1870698
2019-12-31,2.5999416
2020-01-01,2.35876223
2020-01-02,1.66115753
2020-01-03,2.26319445
2020-01-04,3.06064433
2020-01-05,1.99116116
2020-01-06,1.6715734
2020-01-07,3.49624755
2020-01-08,2.09682896
2020-01-09,2.71382045
2020-01-10,4.48863302
2020-01-11,2.678551
2020-01-12,2.02874897
2020-01-13,1.78452467
2020-01-14,2.2058062
2020-01-15,3.36219426
2020-01-16,4.29829727
2020-01-17,2.56603929
2020-01-18,3.16524797
2020-01-19,1.69928208
2020-01-20,1.89600087
2020-01-21,3.23822225
2020-01-22,2.0306986
2020-01-23,2.53711371
2020-01-24,2.80359012
2020-01-25,2.11843737
2020-01-26,1.66818309
2020-01-27,1.9593249
2020-01-28,4.90998167
2020-01-29,2.86457647
2020-01-30,2.5897888
2020-01-31,4.12020485
2020-02-01,3.37048459
2020-02-02,2.42886219
2020-02-03,2.3365372
2020-02-04,4.38974766
2020-02-05,2.81073192
2020-02-06,2.21571056
2020-02-07,4.82735691
2020-02-08,4.48836963
2020-02-09,2.27291392
2020-02-10,1.78166521
2020-02-11,3.59219622
2020-02-12,2.76403938
2020-02-13,3.09911323
2020-02-14,2.91345109
2020-02-15,2.94799152
2020-02-16,2.48083292
2020-02-17,3.21060295
2020-02-18,3.38532432
2020-02-19,3.07347784
2020-02-20,4.25196901
2020-02-21,3.09671904
2020-02-22,2.41932642
2020-02-23,1.83553133
2020-02-24,2.3833918
2020-02-25,2.2884087
2020-02-26,2.45798702
2020-02-27,2.69059749
2020-02-28,4.32652538
2020-02-29,2.59441227
2020-03-01,1.94388076
2020-03-02,1.77211174
2020-03-03,2.30874558
2020-03-04,2.24987213
2020-03-05,2.587565
2020-03-06,2.88417794
2020-03-07,2.88738501
2020-03-08,1.8857749
2020-03-09,1.98207404
2020-03-10,3.5804592
2020-03-11,3.1668603
2020-03-12,5.60788772
2020-03-13,6.6705256
2020-03-14,8.64510542
2020-03-15,4.22566563
2020-03-16,3.67590048
2020-03-17,5.80738931
2020-03-18,5.24325618
2020-03-19,4.78112281
2020-03-20,4.89067543
2020-03-21,4.74689694
2020-03-22,2.64605957
2020-03-23,3.71278804
2020-03-24,3.80373554
2020-03-25,4.65776177
2020-03-26,3.85190839
2020-03-27,2.89631303
2020-03-28,3.66966609
2020-03-29,2.96523135
2020-03-30,2.67982587
2020-03-31,3.40500674
2020-04-01,3.33613884
2020-04-02,4.73434178
2020-04-03,3.11088141
2020-04-04,3.45942487
2020-04-05,3.28818148
2020-04-06,2.23117207
2020-04-07,3.76315859
2020-04-08,3.39182855
2020-04-09,2.76495286
2020-04-10,3.41599104
2020-04-11,3.42472267
2020-04-12,2.50275461
2020-04-13,2.23043742
2020-04-14,3.34697311
2020-04-15,2.71547192
2020-04-16,2.69415731
2020-04-17,3.31074863
2020-04-18,3.22879645
2020-04-19,2.22857049
2020-04-20,2.10019063
2020-04-21,2.61204197
2020-04-22,2.41791153
2020-04-23,2.95474907
2020-04-24,2.77775752
2020-04-25,3.69871966
2020-04-26,2.0098214
2020-04-27,2.01808842
2020-04-28,3.12235568
2020-04-29,2.62533546
2020-04-30,5.22456178
2020-05-01,6.37259292
2020-05-02,3.02042479
2020-05-03,1.84734987
2020-05-04,2.39865142
2020-05-05,2.82371185
2020-05-06,3.29211182
2020-05-07,2.88162653
2020-05-08,4.38835274
2020-05-09,3.65073016
2020-05-10,3.43822507
2020-05-11,2.73036972
2020-05-12,3.67811504
2020-05-13,3.32069437
2020-05-14,3.82187731
2020-05-15,4.13751419
2020-05-16,3.07359537
2020-05-17,1.95120356
2020-05-18,2.35586009
2020-05-19,3.91363966
2020-05-20,4.58145887
2020-05-21,3.85777963
2020-05-22,3.44554578
2020-05-23,3.4404656
2020-05-24,1.84989037
2020-05-25,2.622671
2020-05-26,3.98226773
2020-05-27,3.11949779
2020-05-28,3.61437511
2020-05-29,2.76864739
2020-05-30,3.26277293
2020-05-31,1.97802829
2020-06-01,2.7830212
2020-06-02,4.14687991
2020-06-03,4.95492545
2020-06-04,3.37788479
2020-06-05,3.24310531
2020-06-06,3.02576178
2020-06-07,1.66091599
2020-06-08,1.75290429
2020-06-09,2.89956344
2020-06-10,2.42638865
2020-06-11,3.86381367
2020-06-12,2.78817111
2020-06-13,2.48126097
2020-06-14,1.99807063
2020-06-15,1.81045401
2020-06-16,3.41373239
2020-06-17,3.66393544
2020-06-18,2.63436587
2020-06-19,2.72130057
2020-06-20,4.64337725
2020-06-21,1.94562633
2020-06-22,1.82311594
2020-06-23,3.48475903
2020-06-24,3.35493404
2020-06-25,4.17657809
2020-06-26,3.71300061
2020-06-27,3.44562129
2020-06-28,2.0520253
2020-06-29,2.63485217
2020-06-30,3.09786364
2020-07-01,3.63442392
2020-07-02,2.67978996
2020-07-03,3.12988838
2020-07-04,2.96615523
2020-07-05,2.27260096
2020-07-06,2.13364547
2020-07-07,3.31752045
2020-07-08,2.99429967
2020-07-09,3.34648362
2020-07-10,2.6030623
2020-07-11,2.84468688
2020-07-12,2.0034689
2020-07-13,3.27940452
2020-07-14,3.24536144
2020-07-15,2.50746868
2020-07-16,2.65582181
2020-07-17,2.75763826
2020-07-18,2.9037642
2020-07-19,2.0443707
2020-07-20,2.43373943
2020-07-21,2.96959098
2020-07-22,2.80265945
2020-07-23,2.63507106
2020-07-24,3.02508049
2020-07-25,2.7865483
2020-07-26,2.4933863
2020-07-27,2.40586895
2020-07-28,3.83210037
2020-07-29,3.49654829
2020-07-30,3.13380028
2020-07-31,3.17763338
2020-08-01,2.82815869
2020-08-02,2.81534202
2020-08-03,2.72361469
2020-08-04,3.38033053
2020-08-05,2.97930615
2020-08-06,3.44151488
2020-08-07,3.17659969
2020-08-08,3.14892656
2020-08-09,2.83600863
2020-08-10,2.69543007
2020-08-11,3.36709426
2020-08-12,3.11986943
2020-08-13,2.74174323
2020-08-14,2.8444705
2020-08-15,4.0942317
2020-08-16,5.11895492
2020-08-17,6.88888741
2020-08-18,10.1154327
2020-08-19,5.94291172
2020-08-20,5.62530978
2020-08-21,5.59143143
2020-08-22,4.63772347
2020-08-23,5.29871707
2020-08-24,5.83833316
2020-08-25,5.62654184
2020-08-26,5.3560508
2020-08-27,5.92130402
2020-08-28,5.87436624
2020-08-29,6.48455362
2020-08-30,6.63527527
2020-08-31,7.77664461
2020-09-01,9.34351197
2020-09-02,7.08617986
2020-09-03,7.45532076
2020-09-04,9.11400637
2020-09-05,8.65708222
2020-09-06,7.4042778
2020-09-07,8.41653326
2020-09-08,9.54141889
2020-09-09,9.27375966
2020-09-10,12.49444776
2020-09-11,10.7543996
2020-09-12,9.53648663
2020-09-13,10.85249827
2020-09-14,13.29667613
2020-09-15,9.04628962
2020-09-16,9.06336111
2020-09-17,9.68641559
2020-09-18,12.50331396
2020-09-19,12.89998816
2020-09-20,10.0896902
2020-09-21,11.42739328
2020-09-22,13.03435671
2020-09-23,8.60729719
2020-09-24,7.93988235
2020-09-25,7.03970828
2020-09-26,8.8272474
2020-09-27,10.53858117
2020-09-28,9.28973911
2020-09-29,9.24607527
2020-09-30,7.20203138
2020-10-01,7.32500415
2020-10-02,6.35499709
2020-10-03,8.85115611
2020-10-04,7.01860491
2020-10-05,7.37524199
2020-10-06,7.1798601
2020-10-07,6.61768683
2020-10-08,5.59360255
2020-10-09,5.59202565
2020-10-10,8.1776116
2020-10-11,6.47542752
2020-10-12,8.97709908
2020-10-13,6.79304815
2020-10-14,8.98124759
2020-10-15,9.32391558
2020-10-16,7.72339856
2020-10-17,7.72070563
2020-10-18,9.39559248
2020-10-19,11.74077218
2020-10-20,11.32583454
2020-10-21,12.20211709
2020-10-22,12.43577687
2020-10-23,12.58333564
2020-10-24,7.31586686
2020-10-25,6.59899271
2020-10-26,7.0896268
2020-10-27,11.590446
2020-10-28,9.94114093
2020-10-29,10.1229916
2020-10-30,8.69264695
2020-10-31,8.4597039
2020-11-01,6.02034109
2020-11-02,7.62538586
2020-11-03,11.46353363
2020-11-04,9.6654338
2020-11-05,6.2067177
2020-11-06,9.32953988
2020-11-07,8.81597372
2020-11-08,6.31543112
2020-11-09,5.92005048
2020-11-10,7.28119785
2020-11-11,7.32529794
2020-11-12,6.49443562
2020-11-13,5.75179724
2020-11-14,5.47792619
2020-11-15,6.49901569
2020-11-16,10.32084032
2020-11-17,13.93317962
2020-11-18,8.50489426
2020-11-19,8.10739324
2020-11-20,7.6810119
2020-11-21,6.73232369
2020-11-22,7.75169399
2020-11-23,8.67219857
2020-11-24,8.22679168
2020-11-25,6.69952437
2020-11-26,6.18980842
2020-11-27,6.84242133