Date,Transaction Fees
2009-01-10,0
2009-01-11,0
2009-01-12,0
2009-01-13,0
2009-01-14,0
2009-01-15,0
2009-01-16,0
2009-01-17,0
2009-01-18,0
2009-01-19,0
2009-01-20,0
2009-01-21,0
2009-01-22,0
2009-01-23,0
2009-01-24,0
2009-01-25,0
2009-01-26,0
2009-01-27,0
2009-01-28,0
2009-01-29,0
2009-01-30,0
2009-01-31,0
2009-02-01,0
2009-02-02,0
2009-02-03,0
2009-02-04,2.01
2009-02-05,0
2009-02-06,0
2009-02-07,0
2009-02-08,0
2009-02-09,0
2009-02-10,0
2009-02-11,0
2009-02-12,0
2009-02-13,0
2009-02-14,0
2009-02-15,0
2009-02-16,0
2009-02-17,0
2009-02-18,0
2009-02-19,0
2009-02-20,0
2009-02-21,0
2009-02-22,0
2009-02-23,0
2009-02-24,0
2009-02-25,0
2009-02-26,0
2009-02-27,0
2009-02-28,0
2009-03-01,0
2009-03-02,0
2009-03-03,0
2009-03-04,0
2009-03-05,0
2009-03-06,0
2009-03-07,0
2009-03-08,0
2009-03-09,0
2009-03-10,0
2009-03-11,0
2009-03-12,0
2009-03-13,0
2009-03-14,0
2009-03-15,0
2009-03-16,0
2009-03-17,0
2009-03-18,0
2009-03-19,0
2009-03-20,0
2009-03-21,0
2009-03-22,0
2009-03-23,0
2009-03-24,0
2009-03-25,0
2009-03-26,0
2009-03-27,0
2009-03-28,0
2009-03-29,0
2009-03-30,0
2009-03-31,0
2009-04-01,0
2009-04-02,0
2009-04-03,0
2009-04-04,0
2009-04-05,0
2009-04-06,0
2009-04-07,0
2009-04-08,0
2009-04-09,0
2009-04-10,0
2009-04-11,0
2009-04-12,0
2009-04-13,0
2009-04-14,0
2009-04-15,0
2009-04-16,0
2009-04-17,0
2009-04-18,0
2009-04-19,0
2009-04-20,0
2009-04-21,0
2009-04-22,0
2009-04-23,0
2009-04-24,0
2009-04-25,0
2009-04-26,0
2009-04-27,0
2009-04-28,0
2009-04-29,0
2009-04-30,0
2009-05-01,0
2009-05-02,0
2009-05-03,0.03
2009-05-04,0
2009-05-05,0
2009-05-06,0
2009-05-07,0
2009-05-08,0
2009-05-09,0
2009-05-10,0
2009-05-11,0
2009-05-12,0.1
2009-05-13,0
2009-05-14,0
2009-05-15,0
2009-05-16,0
2009-05-17,0
2009-05-18,0
2009-05-19,0
2009-05-20,0
2009-05-21,0
2009-05-22,0
2009-05-23,0
2009-05-24,0
2009-05-25,0
2009-05-26,0
2009-05-27,0
2009-05-28,0
2009-05-29,0
2009-05-30,0
2009-05-31,0
2009-06-01,0
2009-06-02,0
2009-06-03,0
2009-06-04,0
2009-06-05,0
2009-06-06,0
2009-06-07,0
2009-06-08,0
2009-06-09,0
2009-06-10,0
2009-06-11,0
2009-06-12,0
2009-06-13,0
2009-06-14,0
2009-06-15,0
2009-06-16,0
2009-06-17,0
2009-06-18,0
2009-06-19,0
2009-06-20,0
2009-06-21,0
2009-06-22,0
2009-06-23,0
2009-06-24,0
2009-06-25,0
2009-06-26,0
2009-06-27,0
2009-06-28,0
2009-06-29,0
2009-06-30,0
2009-07-01,0
2009-07-02,0
2009-07-03,0
2009-07-04,0
2009-07-05,0
2009-07-06,0
2009-07-07,0
2009-07-08,0
2009-07-09,0
2009-07-10,0
2009-07-11,0
2009-07-12,0
2009-07-13,0
2009-07-14,0
2009-07-15,0
2009-07-16,0
2009-07-17,0
2009-07-18,0
2009-07-19,0
2009-07-20,0
2009-07-21,0.14
2009-07-22,0
2009-07-23,0
2009-07-24,0
2009-07-25,0
2009-07-26,0
2009-07-27,0
2009-07-28,0
2009-07-29,0
2009-07-30,0
2009-07-31,0
2009-08-01,0
2009-08-02,0
2009-08-03,0
2009-08-04,0
2009-08-05,0
2009-08-06,0
2009-08-07,0
2009-08-08,0.13
2009-08-09,0
2009-08-10,0
2009-08-11,0
2009-08-12,0
2009-08-13,0
2009-08-14,0
2009-08-15,0
2009-08-16,0
2009-08-17,0
2009-08-18,0
2009-08-19,0
2009-08-20,0
2009-08-21,0
2009-08-22,0
2009-08-23,0
2009-08-24,0
2009-08-25,0
2009-08-26,0
2009-08-27,0
2009-08-28,0
2009-08-29,0
2009-08-30,0
2009-08-31,0
2009-09-01,0
2009-09-02,0
2009-09-03,0
2009-09-04,0
2009-09-05,0
2009-09-06,0
2009-09-07,0
2009-09-08,0
2009-09-09,0
2009-09-10,0
2009-09-11,0
2009-09-12,0
2009-09-13,0
2009-09-14,0
2009-09-15,0
2009-09-16,0
2009-09-17,0
2009-09-18,0.12
2009-09-19,0
2009-09-20,0
2009-09-21,0
2009-09-22,0
2009-09-23,0
2009-09-24,0
2009-09-25,0
2009-09-26,0
2009-09-27,0
2009-09-28,0
2009-09-29,0
2009-09-30,0
2009-10-01,0
2009-10-02,0
2009-10-03,0
2009-10-04,0
2009-10-05,0
2009-10-06,0
2009-10-07,0
2009-10-08,0
2009-10-09,0
2009-10-10,0
2009-10-11,0
2009-10-12,0
2009-10-13,0
2009-10-14,0
2009-10-15,0
2009-10-16,0
2009-10-17,0
2009-10-18,0
2009-10-19,0
2009-10-20,0
2009-10-21,0.12
2009-10-22,0
2009-10-23,0
2009-10-24,0
2009-10-25,0
2009-10-26,0
2009-10-27,0
2009-10-28,0
2009-10-29,0
2009-10-30,0
2009-10-31,0
2009-11-01,0
2009-11-02,0
2009-11-03,0
2009-11-04,0
2009-11-05,0
2009-11-06,0
2009-11-07,0
2009-11-08,0
2009-11-09,0
2009-11-10,0
2009-11-11,0
2009-11-12,0
2009-11-13,0
2009-11-14,0
2009-11-15,0
2009-11-16,0
2009-11-17,0
2009-11-18,0
2009-11-19,0
2009-11-20,0
2009-11-21,0
2009-11-22,0
2009-11-23,0
2009-11-24,0
2009-11-25,0
2009-11-26,0
2009-11-27,0
2009-11-28,0
2009-11-29,0
2009-11-30,0
2009-12-01,0
2009-12-02,0.22
2009-12-03,0
2009-12-04,0
2009-12-05,0
2009-12-06,0
2009-12-07,0
2009-12-08,0
2009-12-09,0
2009-12-10,0
2009-12-11,0
2009-12-12,0
2009-12-13,0
2009-12-14,0
2009-12-15,0
2009-12-16,0
2009-12-17,0
2009-12-18,0
2009-12-19,0
2009-12-20,0
2009-12-21,0
2009-12-22,0
2009-12-23,0
2009-12-24,0
2009-12-25,0
2009-12-26,0
2009-12-27,0
2009-12-28,0
2009-12-29,0
2009-12-30,0
2009-12-31,0
2010-01-01,0
2010-01-02,0
2010-01-03,0
2010-01-04,0
2010-01-05,0
2010-01-06,0
2010-01-07,0
2010-01-08,0
2010-01-09,0
2010-01-10,0
2010-01-11,0
2010-01-12,0
2010-01-13,0.26
2010-01-14,0
2010-01-15,0
2010-01-16,0
2010-01-17,0
2010-01-18,0
2010-01-19,0
2010-01-20,0
2010-01-21,0
2010-01-22,0
2010-01-23,0
2010-01-24,0
2010-01-25,0
2010-01-26,0
2010-01-27,0
2010-01-28,0
2010-01-29,0
2010-01-30,0
2010-01-31,0
2010-02-01,0
2010-02-02,0
2010-02-03,0
2010-02-04,0
2010-02-05,0
2010-02-06,0
2010-02-07,0
2010-02-08,0
2010-02-09,0
2010-02-10,0.44
2010-02-11,0
2010-02-12,0
2010-02-13,0
2010-02-14,0
2010-02-15,0
2010-02-16,0
2010-02-17,0
2010-02-18,0
2010-02-19,0
2010-02-20,0
2010-02-21,0
2010-02-22,0
2010-02-23,0
2010-02-24,0
2010-02-25,0
2010-02-26,0
2010-02-27,0
2010-02-28,0
2010-03-01,0
2010-03-02,0
2010-03-03,0
2010-03-04,0
2010-03-05,0
2010-03-06,0
2010-03-07,0
2010-03-08,0
2010-03-09,0
2010-03-10,0
2010-03-11,0
2010-03-12,0
2010-03-13,0
2010-03-14,0
2010-03-15,0
2010-03-16,0
2010-03-17,0
2010-03-18,0
2010-03-19,0
2010-03-20,0
2010-03-21,0
2010-03-22,0
2010-03-23,0
2010-03-24,0
2010-03-25,0
2010-03-26,0
2010-03-27,0
2010-03-28,0
2010-03-29,0
2010-03-30,0
2010-03-31,0
2010-04-01,0
2010-04-02,0
2010-04-03,0
2010-04-04,0
2010-04-05,0.26
2010-04-06,0
2010-04-07,0
2010-04-08,0
2010-04-09,0
2010-04-10,0
2010-04-11,0
2010-04-12,0
2010-04-13,0
2010-04-14,0
2010-04-15,0
2010-04-16,0
2010-04-17,0
2010-04-18,0
2010-04-19,0
2010-04-20,0
2010-04-21,0
2010-04-22,0
2010-04-23,0
2010-04-24,0
2010-04-25,0
2010-04-26,0
2010-04-27,0
2010-04-28,0
2010-04-29,0
2010-04-30,0
2010-05-01,0
2010-05-02,0
2010-05-03,0
2010-05-04,0
2010-05-05,0
2010-05-06,0
2010-05-07,0
2010-05-08,0
2010-05-09,0
2010-05-10,0
2010-05-11,0
2010-05-12,0
2010-05-13,0
2010-05-14,0
2010-05-15,6.71
2010-05-16,2.64
2010-05-17,0
2010-05-18,0
2010-05-19,0
2010-05-20,0
2010-05-21,0
2010-05-22,0
2010-05-23,0.99
2010-05-24,0
2010-05-25,0
2010-05-26,0
2010-05-27,0
2010-05-28,0
2010-05-29,0
2010-05-30,0
2010-05-31,0
2010-06-01,0
2010-06-02,0
2010-06-03,0
2010-06-04,0
2010-06-05,0
2010-06-06,0
2010-06-07,0
2010-06-08,0
2010-06-09,0
2010-06-10,0
2010-06-11,0
2010-06-12,0
2010-06-13,0
2010-06-14,0
2010-06-15,0
2010-06-16,0
2010-06-17,0
2010-06-18,0
2010-06-19,0
2010-06-20,0
2010-06-21,0
2010-06-22,0
2010-06-23,0
2010-06-24,0
2010-06-25,0
2010-06-26,0
2010-06-27,0
2010-06-28,0
2010-06-29,0
2010-06-30,0
2010-07-01,1.37
2010-07-02,0
2010-07-03,0
2010-07-04,0
2010-07-05,0
2010-07-06,0
2010-07-07,0
2010-07-08,0
2010-07-09,0
2010-07-10,0
2010-07-11,0
2010-07-12,0
2010-07-13,0
2010-07-14,0
2010-07-15,0.01
2010-07-16,0.66
2010-07-17,0.27
2010-07-18,0.13
2010-07-19,0.79
2010-07-20,0.05
2010-07-21,0
2010-07-22,0
2010-07-23,0
2010-07-24,0.01
2010-07-25,0
2010-07-26,2.91
2010-07-27,1.5
2010-07-28,0.67
2010-07-29,1.05
2010-07-30,0.89
2010-07-31,0.3
2010-08-01,0.31
2010-08-02,0.29
2010-08-03,0.21
2010-08-04,0
2010-08-05,0
2010-08-06,0
2010-08-07,2.31
2010-08-08,0
2010-08-09,0
2010-08-10,4.32
2010-08-11,0
2010-08-12,0
2010-08-13,0
2010-08-14,0
2010-08-15,0
2010-08-16,0
2010-08-17,0.67
2010-08-18,0
2010-08-19,1.56
2010-08-20,0
2010-08-21,0
2010-08-22,0
2010-08-23,0
2010-08-24,0
2010-08-25,0.8
2010-08-26,0
2010-08-27,0
2010-08-28,0
2010-08-29,0.0000011
2010-08-30,0.24
2010-08-31,0.35
2010-09-01,0.2200003
2010-09-02,0.0600002
2010-09-03,0
2010-09-04,0
2010-09-05,0
2010-09-06,0.01
2010-09-07,1e-7
2010-09-08,0
2010-09-09,2e-7
2010-09-10,0.1100001
2010-09-11,1e-7
2010-09-12,0
2010-09-13,0.15
2010-09-14,1e-7
2010-09-15,0.00960352
2010-09-16,0
2010-09-17,0
2010-09-18,0
2010-09-19,0.18
2010-09-20,0
2010-09-21,0
2010-09-22,1e-7
2010-09-23,0
2010-09-24,0
2010-09-25,0
2010-09-26,0
2010-09-27,0
2010-09-28,0.02
2010-09-29,1.44
2010-09-30,0
2010-10-01,0
2010-10-02,0.56
2010-10-03,0.00776813
2010-10-04,0.00776625
2010-10-05,9.9e-7
2010-10-06,0
2010-10-07,0.00000109
2010-10-08,0
2010-10-09,0
2010-10-10,0
2010-10-11,0
2010-10-12,0.00000109
2010-10-13,0
2010-10-14,0.35
2010-10-15,0
2010-10-16,0
2010-10-17,0
2010-10-18,0
2010-10-19,0.02
2010-10-20,0
2010-10-21,0
2010-10-22,0.00776615
2010-10-23,0
2010-10-24,0.05
2010-10-25,0
2010-10-26,0
2010-10-27,0
2010-10-28,0
2010-10-29,0
2010-10-30,0
2010-10-31,0
2010-11-01,0
2010-11-02,0
2010-11-03,0
2010-11-04,0
2010-11-05,0
2010-11-06,0
2010-11-07,0
2010-11-08,0
2010-11-09,0.83
2010-11-10,0
2010-11-11,0
2010-11-12,0
2010-11-13,0
2010-11-14,0
2010-11-15,0
2010-11-16,0.48
2010-11-17,0
2010-11-18,0
2010-11-19,0
2010-11-20,0.1
2010-11-21,1.04
2010-11-22,0.98
2010-11-23,0.58
2010-11-24,0.53
2010-11-25,0.12
2010-11-26,0
2010-11-27,0.37
2010-11-28,0.02
2010-11-29,0
2010-11-30,0.03
2010-12-01,0.01
2010-12-02,0.04
2010-12-03,0.06
2010-12-04,0.01
2010-12-05,0.01090727
2010-12-06,0.04
2010-12-07,0.04518713
2010-12-08,0.07214637
2010-12-09,0.04
2010-12-10,0.03727261
2010-12-11,0.07
2010-12-12,0.11724798
2010-12-13,0.14857412
2010-12-14,0.31147648
2010-12-15,0.04892339
2010-12-16,0.06743052
2010-12-17,0.10356946
2010-12-18,0.23443294
2010-12-19,0.06653564
2010-12-20,0.11564519
2010-12-21,0.06699317
2010-12-22,0.15
2010-12-23,0.13743052
2010-12-24,0.06
2010-12-25,0.07829328
2010-12-26,0.06743052
2010-12-27,0.09564519
2010-12-28,0.08664517
2010-12-29,0.09339267
2010-12-30,0.14752729
2010-12-31,0.0806039
2011-01-01,0.02335061
2011-01-02,0.08915258
2011-01-03,0.08767732
2011-01-04,0.72825402
2011-01-05,0.03767732
2011-01-06,0.08648973
2011-01-07,0.09308601
2011-01-08,0.04352512
2011-01-09,0.01765433
2011-01-10,0.15
2011-01-11,0.05884469
2011-01-12,0.05212907
2011-01-13,0.28
2011-01-14,0.02493887
2011-01-15,0.06493887
2011-01-16,0.10493887
2011-01-17,0.0862786
2011-01-18,0.1580748
2011-01-19,0.05768351
2011-01-20,0.05
2011-01-21,0.09736667
2011-01-22,0.05048576
2011-01-23,0.46923415
2011-01-24,0.35905919
2011-01-25,0.24
2011-01-26,0.11905919
2011-01-27,0.51
2011-01-28,0.19
2011-01-29,0.11
2011-01-30,0.39195608
2011-01-31,2.82108788
2011-02-01,0.78108788
2011-02-02,0.77
2011-02-03,0.05817975
2011-02-04,0.16000999
2011-02-05,0.12359852
2011-02-06,0.17826263
2011-02-07,0.10112588
2011-02-08,0.31547204
2011-02-09,0.17736992
2011-02-10,0.06551728
2011-02-11,0.88294408
2011-02-12,0.48910687
2011-02-13,0.74186934
2011-02-14,0.25
2011-02-15,2.73
2011-02-16,0.24346193
2011-02-17,0.59
2011-02-18,0.13346193
2011-02-19,0.52
2011-02-20,0.54
2011-02-21,0.5
2011-02-22,0.11
2011-02-23,0.25546822
2011-02-24,0.40785377
2011-02-25,0.13769472
2011-02-26,0.46097152
2011-02-27,0.50049575
2011-02-28,1.09
2011-03-01,0.60445377
2011-03-02,0.33085377
2011-03-03,0.4578
2011-03-04,7.0163
2011-03-05,0.7108
2011-03-06,2.47320002
2011-03-07,5.2014
2011-03-08,5.92707488
2011-03-09,4.05000002
2011-03-10,3.17779297
2011-03-11,3.18833744
2011-03-12,5.61222915
2011-03-13,1.53693618
2011-03-14,1.89539295
2011-03-15,1.80522325
2011-03-16,1.66139999
2011-03-17,1.8
2011-03-18,1.36939294
2011-03-19,1.40139999
2011-03-20,1.18779295
2011-03-21,2.5170787
2011-03-22,9.24789295
2011-03-23,11.0502
2011-03-24,16.9935627
2011-03-25,8.41023194
2011-03-26,5.1827
2011-03-27,4.4501
2011-03-28,6.4002327
2011-03-29,4.3
2011-03-30,3.48010001
2011-03-31,4.0509
2011-04-01,3.91
2011-04-02,3.41
2011-04-03,2.84040002
2011-04-04,4.1491133
2011-04-05,6.00815472
2011-04-06,5.0305
2011-04-07,4.73030001
2011-04-08,3.0302
2011-04-09,4.2501
2011-04-10,4.2
2011-04-11,5.32368921
2011-04-12,4.34709964
2011-04-13,4.49552894
2011-04-14,4.51059999
2011-04-15,13.70414348
2011-04-16,2.529
2011-04-17,3.69088576
2011-04-18,2.1526
2011-04-19,3.52510399
2011-04-20,5.52128213
2011-04-21,7.10490659
2011-04-22,3.3737338
2011-04-23,5.31
2011-04-24,7.16109964
2011-04-25,4.72222262
2011-04-26,8.9316433
2011-04-27,4.99050001
2011-04-28,9.17167893
2011-04-29,6.6105
2011-04-30,7.74782689
2011-05-01,10.20307272
2011-05-02,11.05184732
2011-05-03,4.88371355
2011-05-04,4.86618089
2011-05-05,6.34378725
2011-05-06,9.64085224
2011-05-07,7.63751661
2011-05-08,6.4483187
2011-05-09,7.83657543
2011-05-10,10.45841447
2011-05-11,8.10779259
2011-05-12,8.12130806
2011-05-13,7.28833412
2011-05-14,11.61572268
2011-05-15,14.48995627
2011-05-16,15.04888381
2011-05-17,14.49397959
2011-05-18,13.65505175
2011-05-19,20.24189126
2011-05-20,15.62408138
2011-05-21,17.56237894
2011-05-22,21.06099033
2011-05-23,18.70272222
2011-05-24,18.08992548
2011-05-25,20.94934931
2011-05-26,21.5207418
2011-05-27,20.54668649
2011-05-28,13.83692316
2011-05-29,13.90909051
2011-05-30,14.56634876
2011-05-31,18.24268795
2011-06-01,20.23046184
2011-06-02,23.87662548
2011-06-03,23.45805289
2011-06-04,26.17833617
2011-06-05,32.57768915
2011-06-06,23.36344953
2011-06-07,29.54350482
2011-06-08,29.78888092
2011-06-09,45.00819876
2011-06-10,42.48121433
2011-06-11,38.20728678
2011-06-12,35.31692116
2011-06-13,45.7289672
2011-06-14,35.08245643
2011-06-15,36.26730066
2011-06-16,40.07457391
2011-06-17,32.0818861
2011-06-18,31.49572779
2011-06-19,27.53719378
2011-06-20,25.34181596
2011-06-21,20.16885088
2011-06-22,18.13743532
2011-06-23,17.60613128
2011-06-24,14.53406958
2011-06-25,16.61449469
2011-06-26,23.62483685
2011-06-27,25.76275026
2011-06-28,26.28861007
2011-06-29,19.58238743
2011-06-30,20.00802719
2011-07-01,17.57090546
2011-07-02,18.84183545
2011-07-03,14.42533557
2011-07-04,13.27006927
2011-07-05,16.46074622
2011-07-06,18.68916213
2011-07-07,17.00323248
2011-07-08,13.69918696
2011-07-09,13.39478229
2011-07-10,12.77588151
2011-07-11,13.19902988
2011-07-12,14.15022016
2011-07-13,12.55909822
2011-07-14,15.24371017
2011-07-15,13.38272081
2011-07-16,16.79000757
2011-07-17,10.75447917
2011-07-18,12.0536394
2011-07-19,12.94699348
2011-07-20,14.83125787
2011-07-21,10.43802578
2011-07-22,8.86043985
2011-07-23,13.87055574
2011-07-24,7.39407406
2011-07-25,11.75044893
2011-07-26,10.69080373
2011-07-27,7.63834995
2011-07-28,9.03092954
2011-07-29,7.55650755
2011-07-30,7.28497624
2011-07-31,5.45750834
2011-08-01,6.93847374
2011-08-02,7.9354235
2011-08-03,7.24631224
2011-08-04,8.09375445
2011-08-05,7.8835978
2011-08-06,6.62537998
2011-08-07,23.70311849
2011-08-08,6.64379373
2011-08-09,7.95948352
2011-08-10,11.65018984
2011-08-11,10.68175176
2011-08-12,7.09581985
2011-08-13,6.28972454
2011-08-14,7.37734769
2011-08-15,9.84656947
2011-08-16,9.58395511
2011-08-17,9.75041709
2011-08-18,6.90419579
2011-08-19,6.0709869
2011-08-20,7.73290399
2011-08-21,5.39711589
2011-08-22,5.42676264
2011-08-23,7.58704791
2011-08-24,6.96246633
2011-08-25,8.8183626
2011-08-26,5.96864237
2011-08-27,4.69004676
2011-08-28,5.14345046
2011-08-29,4.31843854
2011-08-30,5.5127049
2011-08-31,9.8799633
2011-09-01,5.82417001
2011-09-02,5.50330151
2011-09-03,6.85966214
2011-09-04,3.78630354
2011-09-05,10.09660248
2011-09-06,6.94492577
2011-09-07,6.63597124
2011-09-08,8.10697566
2011-09-09,4.56678507
2011-09-10,7.76884921
2011-09-11,5.33416102
2011-09-12,5.22516294
2011-09-13,5.12234141
2011-09-14,4.20222359
2011-09-15,3.89359069
2011-09-16,7.25705885
2011-09-17,4.95936812
2011-09-18,5.21074605
2011-09-19,5.4143908
2011-09-20,5.88476262
2011-09-21,6.5208347
2011-09-22,5.26628176
2011-09-23,3.79354479
2011-09-24,4.10038145
2011-09-25,6.81584932
2011-09-26,3.3184642
2011-09-27,2.92490596
2011-09-28,4.70787361
2011-09-29,4.39503342
2011-09-30,3.30341206
2011-10-01,3.81667071
2011-10-02,3.57949369
2011-10-03,3.18605542
2011-10-04,9.07285772
2011-10-05,3.56885208
2011-10-06,3.88064901
2011-10-07,8.35296635
2011-10-08,4.06618831
2011-10-09,3.35053522
2011-10-10,2.90128569
2011-10-11,3.41794749
2011-10-12,5.40075173
2011-10-13,4.79396967
2011-10-14,3.76815092
2011-10-15,3.37394904
2011-10-16,3.35847983
2011-10-17,3.21302504
2011-10-18,4.47937142
2011-10-19,2.92512318
2011-10-20,3.10009553
2011-10-21,5.945581
2011-10-22,2.67537394
2011-10-23,2.94977161
2011-10-24,3.0957275
2011-10-25,3.48695513
2011-10-26,2.67374565
2011-10-27,3.13778863
2011-10-28,2.84283905
2011-10-29,2.80157683
2011-10-30,3.6562157
2011-10-31,3.08731724
2011-11-01,3.17315967
2011-11-02,5.06672556
2011-11-03,3.22121713
2011-11-04,2.89339695
2011-11-05,3.09651899
2011-11-06,3.7509394
2011-11-07,2.20723719
2011-11-08,3.52656792
2011-11-09,4.09145684
2011-11-10,3.36284143
2011-11-11,3.28109673
2011-11-12,2.16627619
2011-11-13,2.34344029
2011-11-14,2.89395222
2011-11-15,2.71019744
2011-11-16,3.09375572
2011-11-17,3.5893076
2011-11-18,3.04744897
2011-11-19,3.21931668
2011-11-20,3.14377243
2011-11-21,4.09467568
2011-11-22,2.58214243
2011-11-23,2.94898789
2011-11-24,3.5297893
2011-11-25,3.93691281
2011-11-26,4.39227399
2011-11-27,2.73075646
2011-11-28,2.5539407
2011-11-29,3.07555433
2011-11-30,5.03436591
2011-12-01,2.9756703
2011-12-02,4.53891441
2011-12-03,4.53895389
2011-12-04,4.64832001
2011-12-05,2.850854
2011-12-06,3.1576801
2011-12-07,4.11239046
2011-12-08,3.88469248
2011-12-09,2.79302224
2011-12-10,2.98004826
2011-12-11,2.88171492
2011-12-12,220.26891875
2011-12-13,177.25090441
2011-12-14,4.29630975
2011-12-15,3.60771474
2011-12-16,7.89071743
2011-12-17,2.68758378
2011-12-18,3.49735366
2011-12-19,3.21175952
2011-12-20,4.14417376
2011-12-21,5.88158532
2011-12-22,4.28248176
2011-12-23,3.48331211
2011-12-24,2.54099651
2011-12-25,2.26243962
2011-12-26,2.95722873
2011-12-27,3.20939154
2011-12-28,3.10599914
2011-12-29,3.59361524
2011-12-30,3.66615096
2011-12-31,3.25513587
2012-01-01,4.10688148
2012-01-02,3.44370788
2012-01-03,5.54740864
2012-01-04,5.46500094
2012-01-05,14.19312876
2012-01-06,5.9533829
2012-01-07,6.13445621
2012-01-08,4.66858558
2012-01-09,3.59259715
2012-01-10,6.52666106
2012-01-11,4.76118333
2012-01-12,5.68863139
2012-01-13,41.32223565
2012-01-14,12.63861056
2012-01-15,10.17800219
2012-01-16,23.02838049
2012-01-17,29.07327978
2012-01-18,7.80493651
2012-01-19,10.67030143
2012-01-20,27.44711645
2012-01-21,24.25790657
2012-01-22,4.44828397
2012-01-23,2.83809587
2012-01-24,4.93322722
2012-01-25,9.69517255
2012-01-26,9.90124733
2012-01-27,4.54825291
2012-01-28,21.49825662
2012-01-29,6.879423
2012-01-30,219.66343439
2012-01-31,28.37913881
2012-02-01,8.21220867
2012-02-02,3.5872108
2012-02-03,11.24391681
2012-02-04,7.14069103
2012-02-05,8.42028009
2012-02-06,4.23219624
2012-02-07,4.45452233
2012-02-08,6.39615213
2012-02-09,5.13418159
2012-02-10,7.36132278
2012-02-11,4.2245492
2012-02-12,3.86008926
2012-02-13,3.76758105
2012-02-14,5.48199454
2012-02-15,15.76436781
2012-02-16,6.72396705
2012-02-17,8.72128795
2012-02-18,3.68549153
2012-02-19,3.21621826
2012-02-20,2.64479077
2012-02-21,4.35283223
2012-02-22,3.19851658
2012-02-23,3.433529
2012-02-24,5.20704941
2012-02-25,4.30575197
2012-02-26,3.04870838
2012-02-27,3.37778201
2012-02-28,6.04736552
2012-02-29,3.49948471
2012-03-01,3.65116503
2012-03-02,6.45537862
2012-03-03,4.6708826
2012-03-04,3.32131104
2012-03-05,3.77356746
2012-03-06,5.42830118
2012-03-07,4.60175738
2012-03-08,4.0211343
2012-03-09,4.08147223
2012-03-10,4.1819111
2012-03-11,4.39026369
2012-03-12,2.76833951
2012-03-13,3.929744
2012-03-14,11.4625264
2012-03-15,5.1367538
2012-03-16,3.48120577
2012-03-17,8.73077121
2012-03-18,3.64763934
2012-03-19,3.26727292
2012-03-20,4.26657468
2012-03-21,4.67126807
2012-03-22,3.35420326
2012-03-23,3.37842732
2012-03-24,4.28174433
2012-03-25,14.88836508
2012-03-26,6.98000255
2012-03-27,3.5272506
2012-03-28,4.29409007
2012-03-29,4.70500298
2012-03-30,4.674722
2012-03-31,4.2526487
2012-04-01,4.67044821
2012-04-02,3.79019858
2012-04-03,4.23804944
2012-04-04,4.97549642
2012-04-05,4.92289303
2012-04-06,5.08743188
2012-04-07,4.55230007
2012-04-08,3.83199687
2012-04-09,3.7446752
2012-04-10,4.12337
2012-04-11,6.76317783
2012-04-12,5.99264429
2012-04-13,5.52846468
2012-04-14,4.58348946
2012-04-15,5.9034423
2012-04-16,3.43233416
2012-04-17,5.89421381
2012-04-18,6.81279204
2012-04-19,6.1545368
2012-04-20,5.93884531
2012-04-21,7.17345209
2012-04-22,4.89529447
2012-04-23,4.84142314
2012-04-24,4.41499301
2012-04-25,6.47879029
2012-04-26,5.58132728
2012-04-27,13.42492001
2012-04-28,5.76731988
2012-04-29,7.08320845
2012-04-30,3.94050767
2012-05-01,5.03599379
2012-05-02,7.12012572
2012-05-03,6.99131507
2012-05-04,10.84808946
2012-05-05,10.74153325
2012-05-06,7.6991075
2012-05-07,7.40766949
2012-05-08,14.14263953
2012-05-09,12.54121044
2012-05-10,13.45139824
2012-05-11,9.85749399
2012-05-12,11.03041115
2012-05-13,11.06074525
2012-05-14,12.39102246
2012-05-15,27.53764834
2012-05-16,21.38313663
2012-05-17,11.94144966
2012-05-18,11.99180891
2012-05-19,17.07444124
2012-05-20,32.76241802
2012-05-21,18.77358342
2012-05-22,19.64773127
2012-05-23,13.11842586
2012-05-24,18.77804751
2012-05-25,19.52089438
2012-05-26,19.88506227
2012-05-27,14.63448884
2012-05-28,17.70745233
2012-05-29,20.51797152
2012-05-30,16.21927198
2012-05-31,19.02821557
2012-06-01,12.1161877
2012-06-02,16.24747818
2012-06-03,7.31139457
2012-06-04,19.88605408
2012-06-05,28.81483827
2012-06-06,29.13484502
2012-06-07,12.24489512
2012-06-08,21.46360519
2012-06-09,16.44479223
2012-06-10,23.09301736
2012-06-11,24.40282552
2012-06-12,18.50633074
2012-06-13,12.15913868
2012-06-14,36.91868537
2012-06-15,38.83275792
2012-06-16,34.02598644
2012-06-17,27.68891436
2012-06-18,26.11005866
2012-06-19,27.1834845
2012-06-20,25.75942857
2012-06-21,22.09237475
2012-06-22,31.87983747
2012-06-23,19.35979214
2012-06-24,17.86018059
2012-06-25,14.50383007
2012-06-26,16.30148294
2012-06-27,18.33150654
2012-06-28,17.84127969
2012-06-29,16.19879355
2012-06-30,11.97685192
2012-07-01,13.57610179
2012-07-02,10.17623021
2012-07-03,18.77382788
2012-07-04,11.21067663
2012-07-05,13.36563737
2012-07-06,13.26742361
2012-07-07,16.72831956
2012-07-08,42.45933951
2012-07-09,11.53840787
2012-07-10,15.84199395
2012-07-11,24.02899521
2012-07-12,19.11498785
2012-07-13,13.33523457
2012-07-14,14.54737377
2012-07-15,16.00115276
2012-07-16,17.04197676
2012-07-17,21.0388152
2012-07-18,20.14386431
2012-07-19,26.79497112
2012-07-20,27.38711001
2012-07-21,29.95166138
2012-07-22,20.16994583
2012-07-23,21.87691919
2012-07-24,17.83555375
2012-07-25,16.57956177
2012-07-26,14.3711866
2012-07-27,18.04612605
2012-07-28,17.60561154
2012-07-29,20.56474291
2012-07-30,18.04512615
2012-07-31,20.19150021
2012-08-01,22.28333697
2012-08-02,19.5147902
2012-08-03,19.04975238
2012-08-04,24.46891133
2012-08-05,16.8896588
2012-08-06,25.77500845
2012-08-07,25.09307551
2012-08-08,18.55619163
2012-08-09,52.14216011
2012-08-10,47.63071396
2012-08-11,14.95339143
2012-08-12,18.68458718
2012-08-13,17.73295486
2012-08-14,25.45399296
2012-08-15,21.77997035
2012-08-16,33.10024996
2012-08-17,29.37647926
2012-08-18,29.93836575
2012-08-19,17.65665241
2012-08-20,21.7672384
2012-08-21,27.38081026
2012-08-22,25.94534541
2012-08-23,21.67531603
2012-08-24,20.75513789
2012-08-25,19.71177945
2012-08-26,23.30520655
2012-08-27,20.59804106
2012-08-28,29.09567864
2012-08-29,24.95920596
2012-08-30,24.10615423
2012-08-31,29.39862691
2012-09-01,30.95710991
2012-09-02,35.54640183
2012-09-03,29.37270497
2012-09-04,34.88332896
2012-09-05,28.55961977
2012-09-06,26.29719468
2012-09-07,25.56302948
2012-09-08,20.08905069
2012-09-09,22.67292948
2012-09-10,22.34170504
2012-09-11,23.47180457
2012-09-12,31.3262153
2012-09-13,20.01591829
2012-09-14,19.47134289
2012-09-15,20.32484086
2012-09-16,14.98696057
2012-09-17,14.23337851
2012-09-18,14.90327874
2012-09-19,22.02736234
2012-09-20,21.44313874
2012-09-21,19.10584106
2012-09-22,28.13668865
2012-09-23,15.45268456
2012-09-24,18.03152252
2012-09-25,28.12581884
2012-09-26,15.53276865
2012-09-27,18.74204538
2012-09-28,15.85641623
2012-09-29,60.22372978
2012-09-30,13.88599091
2012-10-01,11.43792249
2012-10-02,16.80322261
2012-10-03,30.15118834
2012-10-04,18.90474388
2012-10-05,131.81592391
2012-10-06,26.62560753
2012-10-07,23.25548033
2012-10-08,25.86566422
2012-10-09,27.54751495
2012-10-10,25.67084878
2012-10-11,23.60324049
2012-10-12,21.95693288
2012-10-13,20.27412233
2012-10-14,21.28081471
2012-10-15,17.3422473
2012-10-16,21.85791219
2012-10-17,24.26268878
2012-10-18,67.20414316
2012-10-19,17.29912619
2012-10-20,15.57217335
2012-10-21,17.81879693
2012-10-22,24.65739432
2012-10-23,25.50257758
2012-10-24,20.58354581
2012-10-25,21.73211868
2012-10-26,16.10295952
2012-10-27,18.37824264
2012-10-28,12.42304022
2012-10-29,13.00798283
2012-10-30,17.73922066
2012-10-31,23.8121728
2012-11-01,22.21463987
2012-11-02,20.83413069
2012-11-03,26.57796732
2012-11-04,19.27774378
2012-11-05,19.23439991
2012-11-06,25.87876925
2012-11-07,26.32754853
2012-11-08,28.76957784
2012-11-09,24.75202425
2012-11-10,19.56769636
2012-11-11,21.32544518
2012-11-12,17.46573933
2012-11-13,17.98549855
2012-11-14,19.99820139
2012-11-15,24.17487517
2012-11-16,31.40301596
2012-11-17,32.30814903
2012-11-18,24.7750751
2012-11-19,28.18955073
2012-11-20,27.1608824
2012-11-21,29.11535701
2012-11-22,30.01928241
2012-11-23,22.45682558
2012-11-24,26.15080117
2012-11-25,21.60232396
2012-11-26,28.86487089
2012-11-27,27.74850354
2012-11-28,81.55566754
2012-11-29,44.06351997
2012-11-30,28.94217716
2012-12-01,23.38422327
2012-12-02,25.66783725
2012-12-03,15.06998715
2012-12-04,18.72163763
2012-12-05,29.0590131
2012-12-06,27.17868085
2012-12-07,30.19200743
2012-12-08,24.80215993
2012-12-09,25.08685742
2012-12-10,24.46799612
2012-12-11,31.20253005
2012-12-12,31.67359447
2012-12-13,28.90337725
2012-12-14,44.15824963
2012-12-15,31.79209322
2012-12-16,25.2725217
2012-12-17,28.24163694
2012-12-18,33.08386544
2012-12-19,39.59643479
2012-12-20,36.14685195
2012-12-21,30.25463723
2012-12-22,37.01041576
2012-12-23,40.03946676
2012-12-24,32.4838116
2012-12-25,27.25177271
2012-12-26,24.61814169
2012-12-27,28.58688185
2012-12-28,37.0100833
2012-12-29,37.35771705
2012-12-30,30.38405095
2012-12-31,33.26700695
2013-01-01,24.89325647
2013-01-02,26.42376903
2013-01-03,30.93519818
2013-01-04,38.70679886
2013-01-05,37.67375777
2013-01-06,31.54434353
2013-01-07,34.94996678
2013-01-08,36.20001156
2013-01-09,32.63492001
2013-01-10,32.39103401
2013-01-11,154.12193914
2013-01-12,43.05836681
2013-01-13,36.01405762
2013-01-14,39.6831723
2013-01-15,34.57027957
2013-01-16,33.75177412
2013-01-17,40.21039606
2013-01-18,38.74714515
2013-01-19,37.41466447
2013-01-20,63.88050233
2013-01-21,32.03211812
2013-01-22,29.99149559
2013-01-23,34.43530577
2013-01-24,43.07289575
2013-01-25,43.80512003
2013-01-26,42.08622228
2013-01-27,48.2387802
2013-01-28,46.43325331
2013-01-29,44.14784447
2013-01-30,48.68485259
2013-01-31,34.45939742
2013-02-01,48.81008255
2013-02-02,51.22712069
2013-02-03,74.03715518
2013-02-04,51.56225775
2013-02-05,45.68202261
2013-02-06,42.80504652
2013-02-07,31.69890605
2013-02-08,50.22763577
2013-02-09,48.26806858
2013-02-10,45.16695065
2013-02-11,45.19692248
2013-02-12,49.45704692
2013-02-13,48.28201187
2013-02-14,55.85852866
2013-02-15,43.67348617
2013-02-16,56.34619755
2013-02-17,52.7290266
2013-02-18,45.82562287
2013-02-19,45.3474967
2013-02-20,45.23339219
2013-02-21,50.68739741
2013-02-22,51.69370374
2013-02-23,53.37768603
2013-02-24,47.84284306
2013-02-25,44.55664149
2013-02-26,67.82924299
2013-02-27,56.0681802
2013-02-28,57.56402151
2013-03-01,58.06185975
2013-03-02,68.3365526
2013-03-03,50.80538993
2013-03-04,44.14153536
2013-03-05,55.42574866
2013-03-06,50.98232384
2013-03-07,157.5267629
2013-03-08,62.42335274
2013-03-09,47.27524359
2013-03-10,52.02364054
2013-03-11,60.72407507
2013-03-12,63.03792027
2013-03-13,54.18517107
2013-03-14,52.57759933
2013-03-15,52.89538066
2013-03-16,65.37504319
2013-03-17,30.91389396
2013-03-18,31.45316378
2013-03-19,37.80456558
2013-03-20,51.6648759
2013-03-21,37.05124874
2013-03-22,50.75948984
2013-03-23,67.76660558
2013-03-24,52.15188495
2013-03-25,41.50243556
2013-03-26,43.03076237
2013-03-27,46.08546357
2013-03-28,59.46679527
2013-03-29,61.75630756
2013-03-30,60.15061797
2013-03-31,65.68068892
2013-04-01,45.1298765
2013-04-02,43.20657574
2013-04-03,60.78069591
2013-04-04,77.24324103
2013-04-05,70.15920601
2013-04-06,56.76966771
2013-04-07,39.04945823
2013-04-08,53.93397087
2013-04-09,46.54753396
2013-04-10,49.8737411
2013-04-11,64.84173132
2013-04-12,62.45818796
2013-04-13,56.61074926
2013-04-14,40.10851757
2013-04-15,54.02738886
2013-04-16,73.59302348
2013-04-17,53.358051
2013-04-18,80.11170761
2013-04-19,43.95374873
2013-04-20,54.54225521
2013-04-21,45.30722922
2013-04-22,33.0473022
2013-04-23,46.35520241
2013-04-24,61.81060149
2013-04-25,62.84288006
2013-04-26,59.53844976
2013-04-27,40.69633585
2013-04-28,38.35559427
2013-04-29,33.69740318
2013-04-30,45.74651878
2013-05-01,45.02852711
2013-05-02,49.64354681
2013-05-03,44.41725738
2013-05-04,44.9663268
2013-05-05,47.61758938
2013-05-06,44.07806165
2013-05-07,43.56500799
2013-05-08,47.11792737
2013-05-09,52.659314
2013-05-10,65.72487202
2013-05-11,68.8768857
2013-05-12,57.55085644
2013-05-13,56.10096802
2013-05-14,57.91616267
2013-05-15,58.05830927
2013-05-16,59.65456741
2013-05-17,77.39508146
2013-05-18,55.82094297
2013-05-19,39.60476074
2013-05-20,46.77357992
2013-05-21,43.45882979
2013-05-22,46.51709746
2013-05-23,49.84306615
2013-05-24,56.29797076
2013-05-25,48.21816961
2013-05-26,47.07008585
2013-05-27,31.65298367
2013-05-28,49.35962857
2013-05-29,55.69948086
2013-05-30,51.4040403
2013-05-31,47.14595232
2013-06-01,44.96405961
2013-06-02,40.88604223
2013-06-03,48.95495464
2013-06-04,59.49013203
2013-06-05,53.29072787
2013-06-06,60.83127158
2013-06-07,40.94894235
2013-06-08,43.79028868
2013-06-09,42.01691456
2013-06-10,35.36396119
2013-06-11,35.7347611
2013-06-12,46.25426575
2013-06-13,42.72382403
2013-06-14,41.05659069
2013-06-15,35.74903648
2013-06-16,33.08841937
2013-06-17,31.54727075
2013-06-18,37.47144519
2013-06-19,37.99589755
2013-06-20,36.58315831
2013-06-21,72.3927853
2013-06-22,40.54066326
2013-06-23,56.09125162
2013-06-24,32.37426524
2013-06-25,39.37157997
2013-06-26,33.74721753
2013-06-27,41.20273964
2013-06-28,29.81463528
2013-06-29,48.3056901
2013-06-30,24.44644698
2013-07-01,29.37038541
2013-07-02,23.20248246
2013-07-03,35.65839413
2013-07-04,27.94577967
2013-07-05,23.49154981
2013-07-06,32.2621501
2013-07-07,29.60211278
2013-07-08,18.65165049
2013-07-09,32.81689597
2013-07-10,34.73831209
2013-07-11,26.64620192
2013-07-12,35.41780882
2013-07-13,31.42367124
2013-07-14,33.10948476
2013-07-15,22.3370959
2013-07-16,22.79240231
2013-07-17,36.49937072
2013-07-18,32.88299626
2013-07-19,37.37152233
2013-07-20,21.10564739
2013-07-21,23.32369245
2013-07-22,24.26855621
2013-07-23,32.82874431
2013-07-24,29.73592244
2013-07-25,27.8856613
2013-07-26,32.9440547
2013-07-27,20.54078284
2013-07-28,31.77692988
2013-07-29,26.10463175
2013-07-30,28.33817537
2013-07-31,38.70996249
2013-08-01,48.73931895
2013-08-02,38.05729606
2013-08-03,29.43916064
2013-08-04,25.88098585
2013-08-05,32.06588238
2013-08-06,27.38146121
2013-08-07,41.90638143
2013-08-08,31.75098121
2013-08-09,48.60243808
2013-08-10,44.43261998
2013-08-11,28.9789151
2013-08-12,33.1150353
2013-08-13,25.24317743
2013-08-14,30.38184439
2013-08-15,43.99433559
2013-08-16,62.7033247
2013-08-17,46.96995575
2013-08-18,29.96590076
2013-08-19,45.97163672
2013-08-20,48.00267637
2013-08-21,33.93227878
2013-08-22,32.9347733
2013-08-23,38.15017002
2013-08-24,33.87077615
2013-08-25,27.72908804
2013-08-26,30.62721647
2013-08-27,40.43258518
2013-08-28,39.73187777
2013-08-29,261.15057534
2013-08-30,27.57765632
2013-08-31,43.04608396
2013-09-01,31.03442057
2013-09-02,25.02510912
2013-09-03,47.82464434
2013-09-04,31.39171696
2013-09-05,26.38230207
2013-09-06,32.98819459
2013-09-07,34.26131377
2013-09-08,23.74035028
2013-09-09,25.97522831
2013-09-10,30.72182821
2013-09-11,25.30003626
2013-09-12,22.32762493
2013-09-13,30.93057613
2013-09-14,21.09777554
2013-09-15,19.58750727
2013-09-16,27.85439459
2013-09-17,41.783928
2013-09-18,304.97837036
2013-09-19,107.16384658
2013-09-20,89.68561591
2013-09-21,26.33245668
2013-09-22,26.80048419
2013-09-23,26.64356064
2013-09-24,39.46670559
2013-09-25,30.52040903
2013-09-26,31.76476312
2013-09-27,26.7165381
2013-09-28,82.49434415
2013-09-29,26.22364482
2013-09-30,25.45113547
2013-10-01,25.72898641
2013-10-02,39.65933605
2013-10-03,39.35322586
2013-10-04,36.84804529
2013-10-05,24.44977202
2013-10-06,26.02387199
2013-10-07,21.53176635
2013-10-08,32.84825029
2013-10-09,16.76233569
2013-10-10,31.1364615
2013-10-11,30.60105032
2013-10-12,22.64546907
2013-10-13,32.24905726
2013-10-14,30.49547155
2013-10-15,33.0166162
2013-10-16,38.83467124
2013-10-17,46.88056297
2013-10-18,37.09597769
2013-10-19,37.89805654
2013-10-20,37.2442253
2013-10-21,27.7878961
2013-10-22,37.55192847
2013-10-23,41.72945351
2013-10-24,45.871002
2013-10-25,50.54905043
2013-10-26,51.07676703
2013-10-27,35.29520793
2013-10-28,57.90301465
2013-10-29,31.11585898
2013-10-30,34.51990081
2013-10-31,30.0828205
2013-11-01,29.38133725
2013-11-02,34.80799086
2013-11-03,23.83709114
2013-11-04,40.51134461
2013-11-05,52.23327625
2013-11-06,47.42354324
2013-11-07,146.22940022
2013-11-08,127.7294156
2013-11-09,107.34096061
2013-11-10,56.08627856
2013-11-11,45.29771513
2013-11-12,62.00380009
2013-11-13,22.58556337
2013-11-14,23.4414339
2013-11-15,23.0863762
2013-11-16,17.00628728
2013-11-17,14.14191182
2013-11-18,17.81856788
2013-11-19,29.20302883
2013-11-20,29.42445949
2013-11-21,24.87451313
2013-11-22,27.05651416
2013-11-23,23.24979026
2013-11-24,20.59439756
2013-11-25,17.45151767
2013-11-26,19.54142156
2013-11-27,26.35412352
2013-11-28,29.76760628
2013-11-29,30.78076553
2013-11-30,25.94793907
2013-12-01,20.19106657
2013-12-02,18.73813606
2013-12-03,21.38438515
2013-12-04,20.10181662
2013-12-05,21.10152588
2013-12-06,22.81446769
2013-12-07,18.78429566
2013-12-08,37.03590351
2013-12-09,11.51679325
2013-12-10,17.0779677
2013-12-11,17.89348547
2013-12-12,17.46704365
2013-12-13,13.85625154
2013-12-14,15.39668774
2013-12-15,12.21548147
2013-12-16,11.65009322
2013-12-17,15.81227774
2013-12-18,14.93766678
2013-12-19,18.68442803
2013-12-20,16.46884536
2013-12-21,16.76918446
2013-12-22,12.17276687
2013-12-23,11.3884412
2013-12-24,12.02926547
2013-12-25,12.12616316
2013-12-26,12.11688495
2013-12-27,13.56359012
2013-12-28,12.55079776
2013-12-29,11.43588033
2013-12-30,14.39304689
2013-12-31,11.69236497
2014-01-01,11.01736155
2014-01-02,9.23071257
2014-01-03,13.99736238
2014-01-04,13.93784436
2014-01-05,12.22066995
2014-01-06,13.71199145
2014-01-07,29.78934843
2014-01-08,15.51390022
2014-01-09,13.94318173
2014-01-10,12.87498495
2014-01-11,12.58071048
2014-01-12,12.41041555
2014-01-13,11.56905543
2014-01-14,12.26104653
2014-01-15,15.76113788
2014-01-16,17.25795822
2014-01-17,12.98211447
2014-01-18,14.82703195
2014-01-19,13.19663225
2014-01-20,10.67819172
2014-01-21,15.54030631
2014-01-22,15.58238952
2014-01-23,14.73238024
2014-01-24,16.59643957
2014-01-25,15.5422983
2014-01-26,11.69380082
2014-01-27,11.63306914
2014-01-28,13.48469151
2014-01-29,14.27281971
2014-01-30,13.2910006
2014-01-31,13.3333935
2014-02-01,14.1843979
2014-02-02,11.66972076
2014-02-03,10.49520155
2014-02-04,12.45498529
2014-02-05,14.02531209
2014-02-06,13.82920147
2014-02-07,14.9625267
2014-02-08,15.64997603
2014-02-09,12.04614909
2014-02-10,10.75347261
2014-02-11,13.00925185
2014-02-12,13.14004625
2014-02-13,15.81237454
2014-02-14,14.38337588
2014-02-15,17.06818514
2014-02-16,12.40802876
2014-02-17,12.23026731
2014-02-18,22.86025684
2014-02-19,13.05530826
2014-02-20,14.98459531
2014-02-21,14.38397198
2014-02-22,14.1107441
2014-02-23,12.10609628
2014-02-24,11.961726
2014-02-25,15.40597851
2014-02-26,17.59133457
2014-02-27,14.77961088
2014-02-28,14.68596157
2014-03-01,16.79261205
2014-03-02,12.13571844
2014-03-03,11.05133454
2014-03-04,17.30770071
2014-03-05,17.10230187
2014-03-06,14.43840966
2014-03-07,14.3772855
2014-03-08,13.95370614
2014-03-09,11.58315791
2014-03-10,12.18432022
2014-03-11,16.40539825
2014-03-12,15.50713128
2014-03-13,16.44957496
2014-03-14,14.75387595
2014-03-15,13.38452791
2014-03-16,10.95668217
2014-03-17,12.48258536
2014-03-18,12.88207515
2014-03-19,9.96117055
2014-03-20,13.31135881
2014-03-21,14.23946212
2014-03-22,14.06589383
2014-03-23,17.84621932
2014-03-24,11.30486757
2014-03-25,12.56148514
2014-03-26,14.78010341
2014-03-27,15.07958081
2014-03-28,14.03211189
2014-03-29,11.83330298
2014-03-30,10.04636588
2014-03-31,10.59980667
2014-04-01,12.78271108
2014-04-02,12.44114174
2014-04-03,12.98500184
2014-04-04,13.69518395
2014-04-05,13.44329302
2014-04-06,10.99179199
2014-04-07,10.54407411
2014-04-08,14.34759099
2014-04-09,14.64647701
2014-04-10,20.16840701
2014-04-11,14.62863668
2014-04-12,13.62430653
2014-04-13,9.12566201
2014-04-14,10.21770663
2014-04-15,15.35093555
2014-04-16,16.78976013
2014-04-17,14.09259016
2014-04-18,15.22639041
2014-04-19,12.03683424
2014-04-20,12.55920125
2014-04-21,10.72734539
2014-04-22,12.9543641
2014-04-23,15.9478442
2014-04-24,13.8605805
2014-04-25,14.57649961
2014-04-26,13.80850993
2014-04-27,8.90624969
2014-04-28,11.79903084
2014-04-29,12.91264939
2014-04-30,12.51455899
2014-05-01,13.10079675
2014-05-02,10.82073553
2014-05-03,12.10729467
2014-05-04,10.10561378
2014-05-05,10.34145858
2014-05-06,13.10147244
2014-05-07,14.75608815
2014-05-08,13.69391982
2014-05-09,13.45103596
2014-05-10,15.67764821
2014-05-11,10.0208234
2014-05-12,9.93399018
2014-05-13,13.91050028
2014-05-14,12.13564818
2014-05-15,12.01383616
2014-05-16,12.89668685
2014-05-17,11.59397106
2014-05-18,9.3796086
2014-05-19,8.98159656
2014-05-20,11.01320317
2014-05-21,13.41766529
2014-05-22,13.00665803
2014-05-23,12.65531062
2014-05-24,13.03623779
2014-05-25,10.98420875
2014-05-26,10.22026124
2014-05-27,12.28729007
2014-05-28,12.42826454
2014-05-29,13.99930021
2014-05-30,11.66892077
2014-05-31,11.79853674
2014-06-01,9.40515595
2014-06-02,10.90312281
2014-06-03,11.82661054
2014-06-04,13.20647766
2014-06-05,12.30727825
2014-06-06,12.1615177
2014-06-07,10.764087
2014-06-08,9.09339088
2014-06-09,8.61778129
2014-06-10,10.8608585
2014-06-11,11.9751302
2014-06-12,11.18863738
2014-06-13,12.73716064
2014-06-14,11.61794928
2014-06-15,9.09514956
2014-06-16,9.70837958
2014-06-17,11.93240244
2014-06-18,11.95860024
2014-06-19,12.78271095
2014-06-20,11.74113797
2014-06-21,10.7624985
2014-06-22,9.14470063
2014-06-23,9.14202487
2014-06-24,11.33256096
2014-06-25,10.9860565
2014-06-26,12.30790257
2014-06-27,10.10366578
2014-06-28,10.67664091
2014-06-29,9.34513432
2014-06-30,8.93020091
2014-07-01,11.87985972
2014-07-02,13.1681984
2014-07-03,12.61848038
2014-07-04,10.77515105
2014-07-05,10.31852456
2014-07-06,8.04536289
2014-07-07,9.29735673
2014-07-08,11.51659533
2014-07-09,12.08565701
2014-07-10,11.92583516
2014-07-11,10.91249194
2014-07-12,10.83844878
2014-07-13,8.76110833
2014-07-14,9.34367576
2014-07-15,11.9874094
2014-07-16,12.37117878
2014-07-17,12.70639483
2014-07-18,11.70440174
2014-07-19,11.93230446
2014-07-20,10.17517104
2014-07-21,9.2454258
2014-07-22,10.48282137
2014-07-23,11.81677055
2014-07-24,10.83940785
2014-07-25,10.64280072
2014-07-26,10.57399142
2014-07-27,8.6751365
2014-07-28,8.87012098
2014-07-29,10.40923927
2014-07-30,10.79903281
2014-07-31,10.74474618
2014-08-01,11.15814831
2014-08-02,10.47439382
2014-08-03,8.54394338
2014-08-04,8.72959644
2014-08-05,11.06974336
2014-08-06,12.43515778
2014-08-07,12.63340515
2014-08-08,10.9295697
2014-08-09,11.0942202
2014-08-10,9.42100546
2014-08-11,10.07841244
2014-08-12,11.82082046
2014-08-13,12.8358524
2014-08-14,12.32946741
2014-08-15,12.53324892
2014-08-16,12.41232189
2014-08-17,12.30871244
2014-08-18,37.37651806
2014-08-19,11.7154226
2014-08-20,12.83558331
2014-08-21,11.87020549
2014-08-22,11.41675549
2014-08-23,10.7530745
2014-08-24,8.68056044
2014-08-25,13.3624694
2014-08-26,12.19192608
2014-08-27,11.55224928
2014-08-28,11.66349514
2014-08-29,10.36404959
2014-08-30,10.28089987
2014-08-31,9.15537219
2014-09-01,9.04186582
2014-09-02,10.78462369
2014-09-03,11.81823902
2014-09-04,10.80130356
2014-09-05,11.3135362
2014-09-06,11.40646907
2014-09-07,18.84805354
2014-09-08,10.12912975
2014-09-09,12.41075614
2014-09-10,14.43880809
2014-09-11,12.68042071
2014-09-12,9.92569749
2014-09-13,10.57516311
2014-09-14,9.42337938
2014-09-15,11.37381374
2014-09-16,12.11120752
2014-09-17,14.71636617
2014-09-18,12.04040423
2014-09-19,12.21500494
2014-09-20,10.81949325
2014-09-21,10.30374396
2014-09-22,9.12513279
2014-09-23,11.78035221
2014-09-24,12.69524397
2014-09-25,12.4793842
2014-09-26,13.20874596
2014-09-27,47.85534992
2014-09-28,10.19035228
2014-09-29,10.98095539
2014-09-30,12.35313873
2014-10-01,12.01025697
2014-10-02,13.01467336
2014-10-03,11.41275393
2014-10-04,12.10668392
2014-10-05,12.43856898
2014-10-06,11.79831005
2014-10-07,12.96602005
2014-10-08,12.95992317
2014-10-09,12.52996702
2014-10-10,13.93455865
2014-10-11,12.78632175
2014-10-12,10.40855719
2014-10-13,11.36361449
2014-10-14,12.97867447
2014-10-15,13.67518516
2014-10-16,12.21323632
2014-10-17,12.1618511
2014-10-18,11.30672073
2014-10-19,10.41520998
2014-10-20,10.89741535
2014-10-21,12.9705687
2014-10-22,12.82887487
2014-10-23,12.59181827
2014-10-24,12.77735705
2014-10-25,12.91773007
2014-10-26,10.51471173
2014-10-27,11.27229481
2014-10-28,13.69116336
2014-10-29,13.38882665
2014-10-30,14.40269903
2014-10-31,13.7175347
2014-11-01,12.75601745
2014-11-02,12.56801876
2014-11-03,12.60153769
2014-11-04,16.55354183
2014-11-05,13.9867993
2014-11-06,13.40476919
2014-11-07,13.88055525
2014-11-08,13.43627119
2014-11-09,11.0808472
2014-11-10,15.22246314
2014-11-11,13.61210826
2014-11-12,13.19425748
2014-11-13,15.4036244
2014-11-14,14.06879253
2014-11-15,13.02026084
2014-11-16,11.06059561
2014-11-17,12.99233136
2014-11-18,13.69669185
2014-11-19,13.08974611
2014-11-20,14.00438019
2014-11-21,12.63821984
2014-11-22,12.46442757
2014-11-23,11.07895741
2014-11-24,12.13866936
2014-11-25,13.11267274
2014-11-26,11.75013422
2014-11-27,12.48660385
2014-11-28,11.88325113
2014-11-29,11.54448536
2014-11-30,11.20697919
2014-12-01,13.00332879
2014-12-02,14.13945948
2014-12-03,14.17948175
2014-12-04,13.44282229
2014-12-05,14.79137255
2014-12-06,12.36044409
2014-12-07,10.97776023
2014-12-08,10.95975649
2014-12-09,15.72968592
2014-12-10,12.78669992
2014-12-11,12.53369367
2014-12-12,11.95133097
2014-12-13,11.34793667
2014-12-14,10.2099923
2014-12-15,12.45952676
2014-12-16,14.49216224
2014-12-17,14.7606841
2014-12-18,15.06836257
2014-12-19,13.68950064
2014-12-20,14.73435045
2014-12-21,12.05550894
2014-12-22,11.42406874
2014-12-23,14.10383881
2014-12-24,14.2600858
2014-12-25,10.78322904
2014-12-26,9.30466678
2014-12-27,19.68189244
2014-12-28,17.12967516
2014-12-29,11.91773665
2014-12-30,15.84402414
2014-12-31,12.52982725
2015-01-01,11.19807656
2015-01-02,8.19708968
2015-01-03,12.33977385
2015-01-04,11.68691488
2015-01-05,21.57327749
2015-01-06,15.99976518
2015-01-07,13.0111396
2015-01-08,13.31170565
2015-01-09,16.02188773
2015-01-10,15.13320827
2015-01-11,15.4105739
2015-01-12,13.18200571
2015-01-13,33.11612285
2015-01-14,15.11597283
2015-01-15,15.62269978
2015-01-16,17.11757064
2015-01-17,14.57208331
2015-01-18,13.14946231
2015-01-19,13.91845739
2015-01-20,14.46383358
2015-01-21,14.63209011
2015-01-22,12.81696748
2015-01-23,13.72463626
2015-01-24,13.94772383
2015-01-25,11.14573254
2015-01-26,13.24394967
2015-01-27,16.0199841
2015-01-28,13.98880719
2015-01-29,11.59524688
2015-01-30,12.50188755
2015-01-31,10.99797737
2015-02-01,12.57748445
2015-02-02,11.12675333
2015-02-03,12.66267626
2015-02-04,13.03209706
2015-02-05,12.32242544
2015-02-06,12.24651138
2015-02-07,11.59509943
2015-02-08,11.80071189
2015-02-09,11.85052659
2015-02-10,14.96304105
2015-02-11,14.18685974
2015-02-12,14.68754513
2015-02-13,12.66188486
2015-02-14,17.57319217
2015-02-15,15.32120238
2015-02-16,13.35316022
2015-02-17,15.15115571
2015-02-18,16.14348698
2015-02-19,14.69517531
2015-02-20,13.50763762
2015-02-21,15.21578848
2015-02-22,12.98177024
2015-02-23,12.41192904
2015-02-24,14.84573761
2015-02-25,14.21248871
2015-02-26,14.95277841
2015-02-27,14.19128681
2015-02-28,14.6518585
2015-03-01,13.3464288
2015-03-02,13.86995052
2015-03-03,15.72691221
2015-03-04,15.59423702
2015-03-05,14.59550501
2015-03-06,14.79052555
2015-03-07,16.34905981
2015-03-08,13.03189139
2015-03-09,13.59122266
2015-03-10,16.05939481
2015-03-11,14.72518342
2015-03-12,15.79896189
2015-03-13,13.41733652
2015-03-14,13.87455625
2015-03-15,12.55303518
2015-03-16,11.81590892
2015-03-17,15.24183049
2015-03-18,14.39169527
2015-03-19,14.75199154
2015-03-20,16.51314794
2015-03-21,16.00340687
2015-03-22,13.72970945
2015-03-23,13.02401881
2015-03-24,17.11852338
2015-03-25,13.64461309
2015-03-26,15.99877818
2015-03-27,14.56791258
2015-03-28,13.81915901
2015-03-29,12.75612589
2015-03-30,13.15643078
2015-03-31,15.03876519
2015-04-01,16.24634701
2015-04-02,17.08490971
2015-04-03,15.38686564
2015-04-04,15.32740854
2015-04-05,13.30258188
2015-04-06,15.10136188
2015-04-07,15.77134239
2015-04-08,16.31382022
2015-04-09,16.03771619
2015-04-10,18.90110829
2015-04-11,27.3699549
2015-04-12,16.77592743
2015-04-13,14.04098606
2015-04-14,17.41934865
2015-04-15,15.8165952
2015-04-16,15.62505405
2015-04-17,14.05114033
2015-04-18,14.45299191
2015-04-19,13.26933489
2015-04-20,13.33739209
2015-04-21,16.98677509
2015-04-22,15.16383331
2015-04-23,16.09570263
2015-04-24,16.01780275
2015-04-25,15.05387768
2015-04-26,99.66973292
2015-04-27,13.5487858
2015-04-28,15.64242508
2015-04-29,16.2919516
2015-04-30,16.90727715
2015-05-01,16.45477351
2015-05-02,14.0104506
2015-05-03,13.68364567
2015-05-04,12.31324554
2015-05-05,15.14047929
2015-05-06,16.41240338
2015-05-07,15.790563
2015-05-08,15.86882482
2015-05-09,16.75898401
2015-05-10,13.55162161
2015-05-11,15.35133374
2015-05-12,17.10272336
2015-05-13,15.9899937
2015-05-14,15.77876236
2015-05-15,14.14628719
2015-05-16,15.03789239
2015-05-17,12.94808374
2015-05-18,13.37057143
2015-05-19,14.62875523
2015-05-20,15.94676517
2015-05-21,14.75428306
2015-05-22,14.42830737
2015-05-23,15.45300709
2015-05-24,12.864588
2015-05-25,13.1338085
2015-05-26,15.73534058
2015-05-27,18.45803195
2015-05-28,15.82065777
2015-05-29,16.14230756
2015-05-30,18.900967
2015-05-31,16.07205974
2015-06-01,39.52465888
2015-06-02,22.07609897
2015-06-03,18.17588862
2015-06-04,18.32997293
2015-06-05,16.42116633
2015-06-06,15.65542164
2015-06-07,14.51350348
2015-06-08,12.75830974
2015-06-09,17.79781777
2015-06-10,17.69428829
2015-06-11,19.88701589
2015-06-12,17.44361645
2015-06-13,18.17704851
2015-06-14,16.83762539
2015-06-15,16.37535803
2015-06-16,19.79611018
2015-06-17,22.16171112
2015-06-18,21.08865135
2015-06-19,27.52765807
2015-06-20,27.58818203
2015-06-21,14.96865619
2015-06-22,14.0692922
2015-06-23,28.21959957
2015-06-24,18.70392378
2015-06-25,16.38737487
2015-06-26,16.48184394
2015-06-27,18.31451546
2015-06-28,16.40202958
2015-06-29,15.63746896
2015-06-30,18.81245688
2015-07-01,30.05228117
2015-07-02,21.10332998
2015-07-03,24.3983581
2015-07-04,22.81368471
2015-07-05,17.68514497
2015-07-06,20.93118866
2015-07-07,37.54753069
2015-07-08,43.04662334
2015-07-09,49.69961454
2015-07-10,41.10713393
2015-07-11,36.54654994
2015-07-12,39.37431864
2015-07-13,43.34664663
2015-07-14,32.49378125
2015-07-15,29.74710667
2015-07-16,25.51787682
2015-07-17,27.56391049
2015-07-18,23.55741988
2015-07-19,43.18225529
2015-07-20,20.51661503
2015-07-21,39.79127339
2015-07-22,26.76682519
2015-07-23,25.90090313
2015-07-24,26.8106086
2015-07-25,22.94428294
2015-07-26,20.301274
2015-07-27,21.52919486
2015-07-28,31.29739503
2015-07-29,28.43173808
2015-07-30,38.72897732
2015-07-31,34.19808099
2015-08-01,37.26994601
2015-08-02,32.96989629
2015-08-03,20.18166137
2015-08-04,28.23981083
2015-08-05,34.93785564
2015-08-06,33.15228016
2015-08-07,37.15519371
2015-08-08,25.88703749
2015-08-09,22.21012123
2015-08-10,18.59471561
2015-08-11,28.55046237
2015-08-12,26.26481678
2015-08-13,25.36168112
2015-08-14,24.38122569
2015-08-15,24.18376904
2015-08-16,20.81668581
2015-08-17,18.75762756
2015-08-18,24.83575503
2015-08-19,25.04079254
2015-08-20,23.45816539
2015-08-21,26.01326133
2015-08-22,23.14761144
2015-08-23,22.14517164
2015-08-24,20.53202096
2015-08-25,26.48478287
2015-08-26,25.46047194
2015-08-27,25.40047779
2015-08-28,23.27977962
2015-08-29,24.38384743
2015-08-30,21.69840334
2015-08-31,19.54268421
2015-09-01,27.63742887
2015-09-02,25.4864591
2015-09-03,54.70748318
2015-09-04,26.79288901
2015-09-05,24.76151131
2015-09-06,28.54016701
2015-09-07,21.93340881
2015-09-08,29.30107153
2015-09-09,26.20899727
2015-09-10,26.89007499
2015-09-11,27.24264459
2015-09-12,38.6276591
2015-09-13,28.83145844
2015-09-14,25.13972793
2015-09-15,31.75645608
2015-09-16,28.52778572
2015-09-17,26.2890071
2015-09-18,26.81662266
2015-09-19,25.70771363
2015-09-20,21.51861882
2015-09-21,21.19348411
2015-09-22,28.90349476
2015-09-23,27.59967531
2015-09-24,25.816131
2015-09-25,24.58285308
2015-09-26,26.6257234
2015-09-27,25.19879318
2015-09-28,22.10049368
2015-09-29,25.64816429
2015-09-30,27.49823592
2015-10-01,27.02240842
2015-10-02,29.16873202
2015-10-03,26.11892037
2015-10-04,20.97401628
2015-10-05,19.08742157
2015-10-06,24.10219221
2015-10-07,25.79284207
2015-10-08,25.14738859
2015-10-09,25.86305109
2015-10-10,24.06125802
2015-10-11,24.24235946
2015-10-12,19.3521063
2015-10-13,25.7544194
2015-10-14,24.82907929
2015-10-15,27.54494556
2015-10-16,27.99625675
2015-10-17,28.49210792
2015-10-18,28.09074794
2015-10-19,21.6236941
2015-10-20,28.75394725
2015-10-21,32.15697697
2015-10-22,27.18427371
2015-10-23,30.26301245
2015-10-24,27.9065202
2015-10-25,27.6704817
2015-10-26,24.56308191
2015-10-27,26.650884
2015-10-28,28.89169204
2015-10-29,30.42368241
2015-10-30,34.18744438
2015-10-31,31.18795744
2015-11-01,28.67008753
2015-11-02,27.49082698
2015-11-03,33.74488892
2015-11-04,38.35492067
2015-11-05,41.75471735
2015-11-06,33.14480308
2015-11-07,32.15734453
2015-11-08,25.7245726
2015-11-09,23.85039117
2015-11-10,28.99244973
2015-11-11,29.05969129
2015-11-12,28.41490881
2015-11-13,26.49292426
2015-11-14,24.98945743
2015-11-15,24.25147772
2015-11-16,22.53948037
2015-11-17,28.09312782
2015-11-18,26.78833982
2015-11-19,27.51769523
2015-11-20,24.77992715
2015-11-21,26.03491331
2015-11-22,23.59031018
2015-11-23,23.29556879
2015-11-24,26.02096964
2015-11-25,25.26280978
2015-11-26,26.68582955
2015-11-27,27.59627043
2015-11-28,26.8659445
2015-11-29,26.22803627
2015-11-30,22.4307977
2015-12-01,34.68845393
2015-12-02,30.99119123
2015-12-03,32.41641443
2015-12-04,29.52432902
2015-12-05,28.34279815
2015-12-06,31.72659995
2015-12-07,29.75171787
2015-12-08,33.26818925
2015-12-09,33.36264266
2015-12-10,36.88873691
2015-12-11,35.94353204
2015-12-12,43.93303101
2015-12-13,36.59712714
2015-12-14,32.8754555
2015-12-15,40.69807724
2015-12-16,39.97921498
2015-12-17,38.00774964
2015-12-18,36.95949769
2015-12-19,38.26940527
2015-12-20,34.46463287
2015-12-21,34.14139891
2015-12-22,41.59701822
2015-12-23,38.66170596
2015-12-24,39.33991872
2015-12-25,36.75732053
2015-12-26,28.64759141
2015-12-27,31.37274307
2015-12-28,27.1105578
2015-12-29,31.4663847
2015-12-30,31.39411593
2015-12-31,31.01651793
2016-01-01,25.09319563
2016-01-02,19.87269548
2016-01-03,31.23552519
2016-01-04,24.47306235
2016-01-05,30.38263286
2016-01-06,32.51125761
2016-01-07,30.82358132
2016-01-08,36.78648695
2016-01-09,32.18645653
2016-01-10,31.13701962
2016-01-11,27.22692411
2016-01-12,36.22881672
2016-01-13,34.68087562
2016-01-14,35.01876885
2016-01-15,31.74043995
2016-01-16,35.51030784
2016-01-17,34.99543345
2016-01-18,35.20224107
2016-01-19,40.80837867
2016-01-20,39.307912
2016-01-21,47.06286758
2016-01-22,49.04456984
2016-01-23,45.66005697
2016-01-24,37.93174941
2016-01-25,40.97288117
2016-01-26,46.37826504
2016-01-27,46.66563329
2016-01-28,49.97546215
2016-01-29,46.02133321
2016-01-30,46.84508176
2016-01-31,39.03216691
2016-02-01,34.98055402
2016-02-02,58.04456691
2016-02-03,56.64509717
2016-02-04,44.07647373
2016-02-05,38.38904722
2016-02-06,42.52702496
2016-02-07,40.92346481
2016-02-08,38.74329552
2016-02-09,42.89627501
2016-02-10,42.22613213
2016-02-11,43.85828562
2016-02-12,44.20853371
2016-02-13,39.02699643
2016-02-14,34.98352231
2016-02-15,35.72122093
2016-02-16,42.3398497
2016-02-17,42.42133863
2016-02-18,43.13280908
2016-02-19,43.57181868
2016-02-20,46.21778652
2016-02-21,41.17643945
2016-02-22,40.77998358
2016-02-23,45.52537023
2016-02-24,49.13987521
2016-02-25,45.35858378
2016-02-26,45.97224146
2016-02-27,42.3985438
2016-02-28,36.25363538
2016-02-29,45.83646458
2016-03-01,55.20455552
2016-03-02,59.91528125
2016-03-03,91.22556131
2016-03-04,57.90901761
2016-03-05,49.72913921
2016-03-06,62.42309569
2016-03-07,38.85968613
2016-03-08,45.18214143
2016-03-09,43.82471447
2016-03-10,53.78147081
2016-03-11,41.58304543
2016-03-12,40.76625565
2016-03-13,34.08642792
2016-03-14,35.47006372
2016-03-15,40.70332387
2016-03-16,43.40119313
2016-03-17,47.97701115
2016-03-18,46.07076972
2016-03-19,42.56526025
2016-03-20,34.70237857
2016-03-21,33.24559552
2016-03-22,41.37308373
2016-03-23,42.19128667
2016-03-24,39.0653857
2016-03-25,38.24056126
2016-03-26,32.38413521
2016-03-27,36.93905043
2016-03-28,30.5288016
2016-03-29,46.97587948
2016-03-30,58.62264486
2016-03-31,45.01741409
2016-04-01,46.62518613
2016-04-02,51.92917707
2016-04-03,51.12153884
2016-04-04,41.64092422
2016-04-05,45.12617647
2016-04-06,48.61906587
2016-04-07,58.35617955
2016-04-08,45.14406752
2016-04-09,42.76267009
2016-04-10,36.92259575
2016-04-11,33.17793552
2016-04-12,51.10609378
2016-04-13,49.4156405
2016-04-14,45.95592596
2016-04-15,45.05664044
2016-04-16,44.76346627
2016-04-17,33.76843605
2016-04-18,34.75683343
2016-04-19,47.36407224
2016-04-20,43.65529151
2016-04-21,42.26624642
2016-04-22,43.2084951
2016-04-23,42.38546138
2016-04-24,32.99990934
2016-04-25,33.25945698
2016-04-26,43.89524614
2016-04-27,337.70235078
2016-04-28,47.31262725
2016-04-29,49.2298862
2016-04-30,49.3812131
2016-05-01,41.03306028
2016-05-02,33.49432309
2016-05-03,45.19369687
2016-05-04,44.38743368
2016-05-05,48.13370111
2016-05-06,44.16538733
2016-05-07,45.54113068
2016-05-08,36.48866709
2016-05-09,34.12390809
2016-05-10,41.07275193
2016-05-11,48.11753169
2016-05-12,46.38080637
2016-05-13,46.56543684
2016-05-14,47.59899655
2016-05-15,47.44097737
2016-05-16,47.15136167
2016-05-17,59.2061193
2016-05-18,59.8475358
2016-05-19,58.35269695
2016-05-20,53.35289122
2016-05-21,54.71750169
2016-05-22,53.27823866
2016-05-23,43.55546808
2016-05-24,56.18462292
2016-05-25,58.12941525
2016-05-26,60.30536256
2016-05-27,56.50669904
2016-05-28,71.15453316
2016-05-29,50.7265371
2016-05-30,50.21466694
2016-05-31,56.15294408
2016-06-01,53.15057983
2016-06-02,55.42689113
2016-06-03,59.08310469
2016-06-04,53.52169438
2016-06-05,46.24292385
2016-06-06,44.12831393
2016-06-07,52.51535482
2016-06-08,53.77897792
2016-06-09,50.7538861
2016-06-10,51.99357776
2016-06-11,52.55933918
2016-06-12,46.44892034
2016-06-13,53.53274179
2016-06-14,63.54944518
2016-06-15,68.90045457
2016-06-16,84.2724443
2016-06-17,82.34877257
2016-06-18,77.8969392
2016-06-19,71.41459538
2016-06-20,61.64084864
2016-06-21,77.20791854
2016-06-22,77.79107796
2016-06-23,79.57478727
2016-06-24,72.70004065
2016-06-25,74.11318584
2016-06-26,61.33397397
2016-06-27,53.85005374
2016-06-28,62.46988539
2016-06-29,58.36070352
2016-06-30,61.67779929
2016-07-01,62.29424734
2016-07-02,58.03769361
2016-07-03,51.69132201
2016-07-04,46.63823813
2016-07-05,55.23999288
2016-07-06,55.61751297
2016-07-07,57.1105977
2016-07-08,55.38359623
2016-07-09,57.0025473
2016-07-10,46.63413649
2016-07-11,38.60302219
2016-07-12,57.76221562
2016-07-13,50.89194785
2016-07-14,53.87501154
2016-07-15,59.1526241
2016-07-16,53.60693863
2016-07-17,51.62298801
2016-07-18,46.82401983
2016-07-19,58.65183571
2016-07-20,62.37818781
2016-07-21,63.7926704
2016-07-22,61.76933478
2016-07-23,66.56315514
2016-07-24,58.71982933
2016-07-25,51.43296402
2016-07-26,68.98852364
2016-07-27,70.83259559
2016-07-28,73.38030436
2016-07-29,72.49530775
2016-07-30,72.05503648
2016-07-31,66.49338351
2016-08-01,73.91628263
2016-08-02,70.49847499
2016-08-03,81.87107459
2016-08-04,75.30233708
2016-08-05,69.48406238
2016-08-06,75.65967321
2016-08-07,59.3883051
2016-08-08,66.75647584
2016-08-09,86.24715535
2016-08-10,73.95891306
2016-08-11,77.06379989
2016-08-12,78.76001457
2016-08-13,71.17349077
2016-08-14,63.47960571
2016-08-15,60.16683827
2016-08-16,70.13477289
2016-08-17,82.40202278
2016-08-18,72.99568641
2016-08-19,76.34788036
2016-08-20,80.44796572
2016-08-21,63.12224993
2016-08-22,50.78330271
2016-08-23,63.53769993
2016-08-24,67.82307743
2016-08-25,65.79823226
2016-08-26,64.19238926
2016-08-27,61.98387497
2016-08-28,55.96076055
2016-08-29,48.43568546
2016-08-30,65.75438831
2016-08-31,66.72918872
2016-09-01,62.88816001
2016-09-02,62.30939694
2016-09-03,58.20656682
2016-09-04,50.92709648
2016-09-05,45.72016803
2016-09-06,65.29053848
2016-09-07,59.1899393
2016-09-08,64.2623775
2016-09-09,59.49423745
2016-09-10,62.63857264
2016-09-11,51.76288786
2016-09-12,47.28289927
2016-09-13,56.72514613
2016-09-14,68.03861529
2016-09-15,61.16989278
2016-09-16,59.8158129
2016-09-17,65.3424987
2016-09-18,57.12927884
2016-09-19,53.03739151
2016-09-20,66.47115446
2016-09-21,67.56944956
2016-09-22,64.57366981
2016-09-23,62.33329701
2016-09-24,62.2713516
2016-09-25,57.07683674
2016-09-26,50.02992792
2016-09-27,60.79743253
2016-09-28,64.31923453
2016-09-29,64.59017115
2016-09-30,67.66640291
2016-10-01,67.85988507
2016-10-02,59.17629803
2016-10-03,54.50092186
2016-10-04,74.56037086
2016-10-05,70.62112399
2016-10-06,73.24128007
2016-10-07,76.82385583
2016-10-08,72.42844361
2016-10-09,66.46114156
2016-10-10,59.34094755
2016-10-11,68.20522485
2016-10-12,80.40844058
2016-10-13,68.63010644
2016-10-14,67.43965067
2016-10-15,67.48149071
2016-10-16,62.88098827
2016-10-17,57.9537941
2016-10-18,72.23685112
2016-10-19,76.89644671
2016-10-20,65.49737961
2016-10-21,87.15780124
2016-10-22,74.17241366
2016-10-23,66.91921519
2016-10-24,69.9077585
2016-10-25,81.6951546
2016-10-26,99.34206133
2016-10-27,124.13252127
2016-10-28,110.31016628
2016-10-29,80.16651508
2016-10-30,73.4305528
2016-10-31,61.6619478
2016-11-01,77.72196902
2016-11-02,79.77415264
2016-11-03,78.34374743
2016-11-04,79.91382908
2016-11-05,83.4801415
2016-11-06,73.28438487
2016-11-07,70.24875897
2016-11-08,92.07064665
2016-11-09,88.88596904
2016-11-10,84.52365261
2016-11-11,80.49200594
2016-11-12,74.11508568
2016-11-13,66.6605662
2016-11-14,61.16502917
2016-11-15,80.34794764
2016-11-16,81.46164018
2016-11-17,79.87885408
2016-11-18,88.53747769
2016-11-19,83.31668067
2016-11-20,72.22944039
2016-11-21,74.35850494
2016-11-22,95.33791248
2016-11-23,100.45217934
2016-11-24,110.84635114
2016-11-25,133.74122355
2016-11-26,139.32286703
2016-11-27,98.99955154
2016-11-28,83.58860521
2016-11-29,108.74537861
2016-11-30,101.05600226
2016-12-01,99.07920506
2016-12-02,105.01822678
2016-12-03,119.28616862
2016-12-04,100.31908242
2016-12-05,92.94770605
2016-12-06,107.83160338
2016-12-07,118.33372959
2016-12-08,106.77376111
2016-12-09,97.4285788
2016-12-10,95.7340397
2016-12-11,85.00944815
2016-12-12,75.98438847
2016-12-13,94.10366432
2016-12-14,98.99948199
2016-12-15,95.92153351
2016-12-16,99.26258563
2016-12-17,98.56319887
2016-12-18,79.96700617
2016-12-19,81.42808976
2016-12-20,104.61403374
2016-12-21,101.34833517
2016-12-22,114.18518478
2016-12-23,106.59231456
2016-12-24,100.12648353
2016-12-25,82.76712678
2016-12-26,61.79166779
2016-12-27,90.37256656
2016-12-28,98.2370193
2016-12-29,104.38369002
2016-12-30,107.73906746
2016-12-31,99.82464088
2017-01-01,80.94974088
2017-01-02,67.92513298
2017-01-03,109.11778078
2017-01-04,122.43748586
2017-01-05,190.29811364
2017-01-06,117.01334743
2017-01-07,125.88923035
2017-01-08,106.48547443
2017-01-09,90.12996866
2017-01-10,104.6465863
2017-01-11,118.59870754
2017-01-12,112.49650628
2017-01-13,102.64748079
2017-01-14,99.11510006
2017-01-15,87.8050175
2017-01-16,79.51264047
2017-01-17,106.33095297
2017-01-18,107.57219178
2017-01-19,108.68879839
2017-01-20,113.70983146
2017-01-21,103.76563219
2017-01-22,93.33811144
2017-01-23,88.3849574
2017-01-24,110.88088103
2017-01-25,143.79272334
2017-01-26,134.39129027
2017-01-27,121.93055694
2017-01-28,115.66584467
2017-01-29,121.64002043
2017-01-30,118.90695387
2017-01-31,138.07003785
2017-02-01,143.71331271
2017-02-02,154.48547303
2017-02-03,145.23827518
2017-02-04,160.00418284
2017-02-05,137.89095702
2017-02-06,137.880496
2017-02-07,156.42707319
2017-02-08,169.3679738
2017-02-09,156.41892507
2017-02-10,173.68067014
2017-02-11,141.43543122
2017-02-12,115.04141069
2017-02-13,100.89525886
2017-02-14,138.30696143
2017-02-15,141.94036618
2017-02-16,137.34533269
2017-02-17,166.76693653
2017-02-18,165.53323909
2017-02-19,153.18451056
2017-02-20,128.71278933
2017-02-21,160.65834914
2017-02-22,168.59823663
2017-02-23,181.54989801
2017-02-24,212.61914133
2017-02-25,223.61057523
2017-02-26,188.50328917
2017-02-27,165.3853259
2017-02-28,198.13844216
2017-03-01,224.48649245
2017-03-02,231.0280994
2017-03-03,252.3241923
2017-03-04,259.21257259
2017-03-05,220.92753563
2017-03-06,217.63012875
2017-03-07,238.07486238
2017-03-08,268.77443203
2017-03-09,235.92737536
2017-03-10,236.83000203
2017-03-11,255.24407545
2017-03-12,219.5758069
2017-03-13,187.81212909
2017-03-14,222.52648661
2017-03-15,255.67076177
2017-03-16,238.33205751
2017-03-17,261.9251935
2017-03-18,245.93220549
2017-03-19,216.53088606
2017-03-20,210.57389728
2017-03-21,242.84846055
2017-03-22,249.6540222
2017-03-23,263.42260226
2017-03-24,236.80789502
2017-03-25,231.15356347
2017-03-26,184.21381866
2017-03-27,147.99156774
2017-03-28,201.44296406
2017-03-29,231.5971125
2017-03-30,211.94528008
2017-03-31,206.53208502
2017-04-01,214.04715101
2017-04-02,192.37009082
2017-04-03,176.52411041
2017-04-04,224.74580389
2017-04-05,201.55445341
2017-04-06,235.6278749
2017-04-07,219.95478067
2017-04-08,226.7009849
2017-04-09,172.08671041
2017-04-10,165.35019046
2017-04-11,199.31949999
2017-04-12,226.46525711
2017-04-13,212.20264052
2017-04-14,218.77553578
2017-04-15,230.96614773
2017-04-16,199.83772464
2017-04-17,159.57758184
2017-04-18,182.4158262
2017-04-19,220.75820778
2017-04-20,210.52596312
2017-04-21,228.86099393
2017-04-22,238.79025395
2017-04-23,183.897083
2017-04-24,166.55815932
2017-04-25,193.86069584
2017-04-26,270.80162928
2017-04-27,252.54572383
2017-04-28,257.82672014
2017-04-29,249.90282117
2017-04-30,254.11490357
2017-05-01,198.88232049
2017-05-02,231.42234896
2017-05-03,271.76443069
2017-05-04,250.39329806
2017-05-05,303.51807009
2017-05-06,262.11403968
2017-05-07,296.34735781
2017-05-08,277.50366333
2017-05-09,316.15083434
2017-05-10,306.15504984
2017-05-11,300.56706684
2017-05-12,280.55819201
2017-05-13,320.07360169
2017-05-14,301.92024118
2017-05-15,297.19633471
2017-05-16,328.67699224
2017-05-17,355.17622804
2017-05-18,478.86810846
2017-05-19,394.37724184
2017-05-20,438.05673977
2017-05-21,386.95717951
2017-05-22,349.42199576
2017-05-23,412.27806022
2017-05-24,468.74344683
2017-05-25,472.68966836
2017-05-26,499.58149687
2017-05-27,471.57147239
2017-05-28,523.55720452
2017-05-29,423.41855289
2017-05-30,497.48870322
2017-05-31,589.4014914
2017-06-01,572.21567788
2017-06-02,569.98723557
2017-06-03,473.75293656
2017-06-04,541.66108368
2017-06-05,439.71126554
2017-06-06,477.57601616
2017-06-07,512.1365332
2017-06-08,664.01060492
2017-06-09,495.63416233
2017-06-10,451.72101723
2017-06-11,386.31026038
2017-06-12,359.10027144
2017-06-13,412.41589822
2017-06-14,478.0338011
2017-06-15,454.76804047
2017-06-16,428.97924117
2017-06-17,379.79597328
2017-06-18,308.36694697
2017-06-19,279.29707904
2017-06-20,386.95599429
2017-06-21,392.25138109
2017-06-22,462.56427494
2017-06-23,441.85591903
2017-06-24,345.59505839
2017-06-25,295.3034391
2017-06-26,268.37863845
2017-06-27,373.79823161
2017-06-28,365.52831313
2017-06-29,382.58456138
2017-06-30,345.33975045
2017-07-01,354.99509921
2017-07-02,251.59998671
2017-07-03,199.44796357
2017-07-04,279.95614744
2017-07-05,294.80422793
2017-07-06,224.42260365
2017-07-07,250.80461315
2017-07-08,239.33063903
2017-07-09,184.90182284
2017-07-10,155.0654975
2017-07-11,207.45134057
2017-07-12,211.19417309
2017-07-13,221.97124645
2017-07-14,209.66311756
2017-07-15,215.86081106
2017-07-16,376.09264515
2017-07-17,169.27099493
2017-07-18,199.59078295
2017-07-19,222.57471291
2017-07-20,200.47846232
2017-07-21,232.78076606
2017-07-22,246.5548831
2017-07-23,167.15494403
2017-07-24,126.02819713
2017-07-25,169.08530718
2017-07-26,169.44407008
2017-07-27,165.29223397
2017-07-28,166.60404163
2017-07-29,189.15265087
2017-07-30,154.95831881
2017-07-31,144.59398495
2017-08-01,189.35715158
2017-08-02,74.0234785
2017-08-03,133.66908496
2017-08-04,123.67204671
2017-08-05,114.95686807
2017-08-06,108.63575874
2017-08-07,89.33789028
2017-08-08,125.49793883
2017-08-09,157.69924078
2017-08-10,160.44277788
2017-08-11,193.84292366
2017-08-12,230.88781206
2017-08-13,212.13321405
2017-08-14,188.91575571
2017-08-15,255.76971732
2017-08-16,349.63105309
2017-08-17,349.75008726
2017-08-18,359.88664483
2017-08-19,335.26279063
2017-08-20,265.59276712
2017-08-21,218.35452581
2017-08-22,298.78131709
2017-08-23,338.84555621
2017-08-24,538.50033901
2017-08-25,386.44083165
2017-08-26,433.00781372
2017-08-27,414.82820006
2017-08-28,353.17574815
2017-08-29,386.82027897
2017-08-30,457.0927177
2017-08-31,391.62566596
2017-09-01,416.1853311
2017-09-02,369.14548169
2017-09-03,297.11343183
2017-09-04,236.08970506
2017-09-05,325.45712179
2017-09-06,281.9920593
2017-09-07,275.4277578
2017-09-08,255.392391
2017-09-09,210.53430566
2017-09-10,145.27126112
2017-09-11,146.22920654
2017-09-12,158.43519587
2017-09-13,147.75320035
2017-09-14,132.31372666
2017-09-15,159.51692855
2017-09-16,172.89642684
2017-09-17,118.22549621
2017-09-18,98.14454813
2017-09-19,174.46163654
2017-09-20,171.94815239
2017-09-21,146.14778325
2017-09-22,134.29331251
2017-09-23,115.10044297
2017-09-24,100.02446594
2017-09-25,88.92115992
2017-09-26,146.02283885
2017-09-27,146.50433875
2017-09-28,148.52968793
2017-09-29,132.13699795
2017-09-30,115.05341245
2017-10-01,102.10490898
2017-10-02,119.65750351
2017-10-03,179.99562943
2017-10-04,149.04914591
2017-10-05,139.60463354
2017-10-06,160.68672878
2017-10-07,149.58244312
2017-10-08,103.73990456
2017-10-09,114.92399747
2017-10-10,147.94837795
2017-10-11,168.90952801
2017-10-12,148.37337136
2017-10-13,176.24642814
2017-10-14,282.45840289
2017-10-15,228.81248867
2017-10-16,158.04992212
2017-10-17,194.2619706
2017-10-18,210.23774199
2017-10-19,192.89387781
2017-10-20,188.38565959
2017-10-21,165.15826421
2017-10-22,164.29673325
2017-10-23,158.52538858
2017-10-24,185.78456628
2017-10-25,196.34661617
2017-10-26,140.53900002
2017-10-27,118.21786846
2017-10-28,167.37126357
2017-10-29,179.58911379
2017-10-30,277.22579421
2017-10-31,258.96021427
2017-11-01,238.22468691
2017-11-02,293.71974585
2017-11-03,278.1830118
2017-11-04,276.15229517
2017-11-05,264.94278825
2017-11-06,196.39338115
2017-11-07,248.53944617
2017-11-08,287.54633641
2017-11-09,269.05333537
2017-11-10,362.66450038
2017-11-11,323.47648646
2017-11-12,325.30293423
2017-11-13,589.52488698
2017-11-14,777.16416066
2017-11-15,620.69211998
2017-11-16,589.04671078
2017-11-17,504.64366625
2017-11-18,395.5818919
2017-11-19,284.18299295
2017-11-20,251.72966625
2017-11-21,323.78403404
2017-11-22,308.9648173
2017-11-23,258.49151405
2017-11-24,267.64445396
2017-11-25,230.38624836
2017-11-26,193.76382895
2017-11-27,190.86478275
2017-11-28,240.59432049
2017-11-29,245.59950637
2017-11-30,290.66331551
2017-12-01,270.23467365
2017-12-02,243.41799284
2017-12-03,189.41099646
2017-12-04,186.70559053
2017-12-05,229.89898858
2017-12-06,220.32526078
2017-12-07,258.59491236
2017-12-08,369.84247555
2017-12-09,646.02440333
2017-12-10,561.83077839
2017-12-11,453.76817825
2017-12-12,493.02047142
2017-12-13,541.21021965
2017-12-14,593.33537203
2017-12-15,652.48975202
2017-12-16,594.08308946
2017-12-17,532.00956816
2017-12-18,532.36926706
2017-12-19,591.63199238
2017-12-20,673.60871184
2017-12-21,920.78471408
2017-12-22,1138.20801564
2017-12-23,1495.7489158
2017-12-24,1055.07708486
2017-12-25,863.17647728
2017-12-26,693.69557742
2017-12-27,722.07436876
2017-12-28,796.82795861
2017-12-29,774.89241591
2017-12-30,793.41648596
2017-12-31,764.87175998
2018-01-01,543.71958478
2018-01-02,477.22516962
2018-01-03,649.87813769
2018-01-04,750.02044737
2018-01-05,777.01786747
2018-01-06,704.31373645
2018-01-07,684.20594719
2018-01-08,695.87961422
2018-01-09,696.36860616
2018-01-10,742.97217054
2018-01-11,719.0134138
2018-01-12,693.92854137
2018-01-13,624.0916385
2018-01-14,526.79185146
2018-01-15,491.9216004
2018-01-16,508.8238381
2018-01-17,613.9884903
2018-01-18,674.35829411
2018-01-19,650.50532303
2018-01-20,489.85540963
2018-01-21,421.73848714
2018-01-22,344.25336341
2018-01-23,315.01725095
2018-01-24,289.826689
2018-01-25,277.62329857
2018-01-26,224.48640539
2018-01-27,204.25700944
2018-01-28,167.8487012
2018-01-29,153.96155049
2018-01-30,144.44277099
2018-01-31,162.67806227
2018-02-01,166.40186562
2018-02-02,213.44974197
2018-02-03,273.10463807
2018-02-04,142.44781508
2018-02-05,111.55081445
2018-02-06,177.20558783
2018-02-07,163.03034995
2018-02-08,120.42437808
2018-02-09,89.80968325
2018-02-10,91.77776842
2018-02-11,82.97161526
2018-02-12,62.30565643
2018-02-13,69.39268325
2018-02-14,70.69221437
2018-02-15,63.43169877
2018-02-16,63.50018795
2018-02-17,57.78390098
2018-02-18,47.85220473
2018-02-19,44.85614147
2018-02-20,52.03899365
2018-02-21,50.73718511
2018-02-22,40.8897929
2018-02-23,36.98605498
2018-02-24,78.10460372
2018-02-25,92.15180174
2018-02-26,41.14154587
2018-02-27,46.90460191
2018-02-28,49.92918084
2018-03-01,52.60460963
2018-03-02,51.79215931
2018-03-03,41.38429133
2018-03-04,38.76177813
2018-03-05,32.2838815
2018-03-06,45.57757579
2018-03-07,37.29344728
2018-03-08,34.55376007
2018-03-09,34.60606843
2018-03-10,35.46128841
2018-03-11,44.81317464
2018-03-12,35.23706153
2018-03-13,32.73769198
2018-03-14,61.77022996
2018-03-15,36.79209101
2018-03-16,36.09962604
2018-03-17,29.72433615
2018-03-18,21.23281633
2018-03-19,25.24231786
2018-03-20,31.02005649
2018-03-21,31.45688638
2018-03-22,31.35347671
2018-03-23,27.02331673
2018-03-24,25.99317052
2018-03-25,22.08796423
2018-03-26,20.74818629
2018-03-27,27.01691798
2018-03-28,26.97107627
2018-03-29,24.71775869
2018-03-30,26.66685703
2018-03-31,25.66543798
2018-04-01,20.15724264
2018-04-02,18.07397679
2018-04-03,21.25429434
2018-04-04,25.71698913
2018-04-05,24.63334642
2018-04-06,24.38706244
2018-04-07,34.28436507
2018-04-08,27.335041
2018-04-09,21.13758237
2018-04-10,22.16597774
2018-04-11,23.24923046
2018-04-12,22.38470178
2018-04-13,36.66443907
2018-04-14,35.63127168
2018-04-15,24.28699186
2018-04-16,23.9083682
2018-04-17,25.34549551
2018-04-18,26.49631704
2018-04-19,25.24455727
2018-04-20,27.9884897
2018-04-21,29.479585
2018-04-22,27.96629462
2018-04-23,21.40437708
2018-04-24,28.92087292
2018-04-25,66.81899638
2018-04-26,93.89101724
2018-04-27,67.53569129
2018-04-28,54.70890811
2018-04-29,39.77294342
2018-04-30,35.45168917
2018-05-01,36.66955352
2018-05-02,31.73459113
2018-05-03,38.45490479
2018-05-04,39.36712061
2018-05-05,40.61858587
2018-05-06,31.23119856
2018-05-07,30.84096217
2018-05-08,35.91663756
2018-05-09,35.05532641
2018-05-10,29.73668717
2018-05-11,27.49013678
2018-05-12,38.14838368
2018-05-13,28.0897675
2018-05-14,23.48131033
2018-05-15,35.49278732
2018-05-16,36.97293637
2018-05-17,33.00292855
2018-05-18,58.60777404
2018-05-19,66.88060023
2018-05-20,29.9909499
2018-05-21,24.85185587
2018-05-22,31.14895886
2018-05-23,27.0929604
2018-05-24,30.75196457
2018-05-25,29.32149238
2018-05-26,30.66905461
2018-05-27,22.28223089
2018-05-28,19.22284934
2018-05-29,31.6009076
2018-05-30,26.55897795
2018-05-31,22.62953788
2018-06-01,21.80760182
2018-06-02,19.70753491
2018-06-03,16.3285705
2018-06-04,15.73954686
2018-06-05,20.35728666
2018-06-06,18.57627282
2018-06-07,19.55937972
2018-06-08,20.6210189
2018-06-09,17.75668801
2018-06-10,19.08713992
2018-06-11,16.61912053
2018-06-12,25.14614257
2018-06-13,21.70811986
2018-06-14,37.96206179
2018-06-15,28.31163612
2018-06-16,22.29352519
2018-06-17,16.47953769
2018-06-18,23.19379238
2018-06-19,17.33148901
2018-06-20,92.99888896
2018-06-21,196.11075747
2018-06-22,73.83299322
2018-06-23,67.64930914
2018-06-24,31.0352267
2018-06-25,27.37988035
2018-06-26,35.01767538
2018-06-27,31.56929249
2018-06-28,32.21344053
2018-06-29,28.16051973
2018-06-30,26.96211653
2018-07-01,23.09499606
2018-07-02,16.61894055
2018-07-03,24.13373068
2018-07-04,27.75106823
2018-07-05,21.20815182
2018-07-06,20.13342998
2018-07-07,21.52856925
2018-07-08,16.48971307
2018-07-09,15.69046793
2018-07-10,19.771615
2018-07-11,22.81543819
2018-07-12,20.35991472
2018-07-13,18.95121563
2018-07-14,19.5134421
2018-07-15,14.82622597
2018-07-16,15.1200841
2018-07-17,23.99583834
2018-07-18,25.24649934
2018-07-19,31.17719859
2018-07-20,28.78501794
2018-07-21,23.22018338
2018-07-22,17.51557302
2018-07-23,14.75350962
2018-07-24,26.23258898
2018-07-25,29.73865675
2018-07-26,26.57097707
2018-07-27,23.82141828
2018-07-28,20.94839865
2018-07-29,16.25319121
2018-07-30,16.07417483
2018-07-31,24.51004937
2018-08-01,25.63977774
2018-08-02,21.06899996
2018-08-03,25.16268898
2018-08-04,23.32861222
2018-08-05,17.25220709
2018-08-06,13.57730016
2018-08-07,17.78667986
2018-08-08,18.98471793
2018-08-09,20.23612857
2018-08-10,20.87046383
2018-08-11,20.45771544
2018-08-12,15.22242073
2018-08-13,12.98326232
2018-08-14,19.66604963
2018-08-15,26.91572329
2018-08-16,22.27721582
2018-08-17,24.3385493
2018-08-18,24.50056146
2018-08-19,16.47857689
2018-08-20,16.5152563
2018-08-21,29.5145455
2018-08-22,25.09646508
2018-08-23,23.6116019
2018-08-24,19.35149445
2018-08-25,19.25929543
2018-08-26,20.98045241
2018-08-27,27.61924338
2018-08-28,33.15715349
2018-08-29,45.32048221
2018-08-30,23.44494959
2018-08-31,23.99860941
2018-09-01,25.47531254
2018-09-02,18.83677255
2018-09-03,16.30852581
2018-09-04,19.99971238
2018-09-05,24.87269699
2018-09-06,31.30249896
2018-09-07,31.08773727
2018-09-08,27.88312159
2018-09-09,19.01300141
2018-09-10,18.25755811
2018-09-11,20.09719043
2018-09-12,22.97864568
2018-09-13,23.97565038
2018-09-14,20.64203332
2018-09-15,21.00044989
2018-09-16,15.55612803
2018-09-17,13.50872198
2018-09-18,16.93383786
2018-09-19,18.97957253
2018-09-20,17.38418461
2018-09-21,18.46013053
2018-09-22,25.61820592
2018-09-23,18.20492058
2018-09-24,14.78029907
2018-09-25,15.23465419
2018-09-26,20.77325104
2018-09-27,19.81706404
2018-09-28,24.16169895
2018-09-29,28.27719803
2018-09-30,19.39987634
2018-10-01,15.06859153
2018-10-02,22.05844917
2018-10-03,25.50791438
2018-10-04,21.54960314
2018-10-05,18.89461098
2018-10-06,21.27413336
2018-10-07,17.15907123
2018-10-08,13.38058877
2018-10-09,17.00189723
2018-10-10,16.15876645
2018-10-11,15.89766558
2018-10-12,18.53988743
2018-10-13,18.32054777
2018-10-14,13.17029413
2018-10-15,12.34559059
2018-10-16,23.47542749
2018-10-17,19.1257659
2018-10-18,18.59522114
2018-10-19,18.57290731
2018-10-20,17.51923019
2018-10-21,14.20909825
2018-10-22,12.07912045
2018-10-23,16.90795
2018-10-24,17.03439718
2018-10-25,16.64281009
2018-10-26,17.89006509
2018-10-27,17.73815234
2018-10-28,12.99458987
2018-10-29,16.2812264
2018-10-30,19.61250266
2018-10-31,19.02159826
2018-11-01,16.34407169
2018-11-02,17.72123704
2018-11-03,18.38907623
2018-11-04,13.29336202
2018-11-05,13.10981552
2018-11-06,18.7266689
2018-11-07,19.22689768
2018-11-08,20.47663932
2018-11-09,21.13343264
2018-11-10,22.08237359
2018-11-11,16.41366222
2018-11-12,14.57063064
2018-11-13,18.95329276
2018-11-14,17.7424345
2018-11-15,27.33091933
2018-11-16,38.66961581
2018-11-17,36.15620087
2018-11-18,21.21198663
2018-11-19,17.81181123
2018-11-20,41.92983395
2018-11-21,69.75086729
2018-11-22,48.76677702
2018-11-23,39.65618397
2018-11-24,35.94158309
2018-11-25,31.36532497
2018-11-26,32.84381732
2018-11-27,38.12914927
2018-11-28,36.17547287
2018-11-29,40.76151092
2018-11-30,44.47194145
2018-12-01,40.54970247
2018-12-02,30.14756877
2018-12-03,23.33655571
2018-12-04,31.88668705
2018-12-05,30.53976983
2018-12-06,26.79014826
2018-12-07,28.8469166
2018-12-08,30.83524789
2018-12-09,19.5837117
2018-12-10,16.79261899
2018-12-11,22.45193471
2018-12-12,23.53389974
2018-12-13,22.16279154
2018-12-14,22.11378158
2018-12-15,25.21741393
2018-12-16,18.26744053
2018-12-17,14.97018143
2018-12-18,20.76549699
2018-12-19,27.23136161
2018-12-20,32.64506125
2018-12-21,27.33283862
2018-12-22,30.94962483
2018-12-23,18.60323577
2018-12-24,15.42552063
2018-12-25,23.52803471
2018-12-26,17.8645655
2018-12-27,15.97681092
2018-12-28,17.3424626
2018-12-29,18.08179501
2018-12-30,15.3735851
2018-12-31,13.27720853
2019-01-01,16.13595059
2019-01-02,11.26348285
2019-01-03,18.19523851
2019-01-04,19.07117994
2019-01-05,19.35680045
2019-01-06,12.55146445
2019-01-07,16.27735965
2019-01-08,24.30263189
2019-01-09,20.662824
2019-01-10,24.57361448
2019-01-11,25.31026548
2019-01-12,24.37337421
2019-01-13,17.34751923
2019-01-14,13.97802989
2019-01-15,20.10803157
2019-01-16,21.69496074
2019-01-17,24.64584824
2019-01-18,24.00866647
2019-01-19,20.18583816
2019-01-20,17.39761572
2019-01-21,14.55515962
2019-01-22,20.19668429
2019-01-23,20.7819068
2019-01-24,22.83135483
2019-01-25,22.80567258
2019-01-26,24.88866124
2019-01-27,19.84461392
2019-01-28,15.57255856
2019-01-29,24.94335531
2019-01-30,22.53753118
2019-01-31,21.71721508
2019-02-01,30.63013691
2019-02-02,31.3733019
2019-02-03,18.97403435
2019-02-04,14.58804954
2019-02-05,16.99461248
2019-02-06,17.19570167
2019-02-07,21.84138191
2019-02-08,16.74721864
2019-02-09,21.04186133
2019-02-10,17.52526049
2019-02-11,14.40198512
2019-02-12,22.80689865
2019-02-13,34.99484013
2019-02-14,34.87820414
2019-02-15,26.13967392
2019-02-16,26.42301092
2019-02-17,21.90521087
2019-02-18,19.40747687
2019-02-19,29.94112352
2019-02-20,36.85830647
2019-02-21,37.54216157
2019-02-22,35.26377378
2019-02-23,37.9851471
2019-02-24,26.05377263
2019-02-25,28.93570516
2019-02-26,39.63579312
2019-02-27,35.73293876
2019-02-28,32.429386
2019-03-01,30.13119001
2019-03-02,30.69616759
2019-03-03,24.75996191
2019-03-04,21.51558757
2019-03-05,28.47943824
2019-03-06,29.52705767
2019-03-07,38.61010643
2019-03-08,37.80854653
2019-03-09,34.31245624
2019-03-10,24.66941988
2019-03-11,19.09289678
2019-03-12,30.91768148
2019-03-13,31.60142277
2019-03-14,36.75807301
2019-03-15,36.58198234
2019-03-16,30.93583876
2019-03-17,21.98218954
2019-03-18,16.98183493
2019-03-19,22.69579382
2019-03-20,22.12280789
2019-03-21,28.23352491
2019-03-22,34.83033827
2019-03-23,26.98731749
2019-03-24,17.41882305
2019-03-25,15.99091114
2019-03-26,29.56529774
2019-03-27,37.36289128
2019-03-28,47.81262217
2019-03-29,48.31912699
2019-03-30,63.15524207
2019-03-31,55.24699081
2019-04-01,44.331277
2019-04-02,63.21354757
2019-04-03,115.44123629
2019-04-04,143.31802389
2019-04-05,153.90346439
2019-04-06,112.38893608
2019-04-07,80.89306044
2019-04-08,86.1434017
2019-04-09,131.1579794
2019-04-10,115.19247077
2019-04-11,110.55773184
2019-04-12,115.70604825
2019-04-13,98.52367857
2019-04-14,67.13011148
2019-04-15,58.71620219
2019-04-16,77.68832081
2019-04-17,77.27892749
2019-04-18,75.52409926
2019-04-19,72.40456857
2019-04-20,78.81638604
2019-04-21,58.77730482
2019-04-22,49.49574881
2019-04-23,71.51840171
2019-04-24,97.36883575
2019-04-25,130.66908643
2019-04-26,94.08393559
2019-04-27,90.11573282
2019-04-28,54.3605619
2019-04-29,46.20375289
2019-04-30,72.24066977
2019-05-01,86.33574164
2019-05-02,64.62554969
2019-05-03,64.83338936
2019-05-04,81.52893951
2019-05-05,59.80065176
2019-05-06,63.82187695
2019-05-07,78.36215013
2019-05-08,91.58449481
2019-05-09,113.14795335
2019-05-10,107.37920947
2019-05-11,124.19920705
2019-05-12,123.97289428
2019-05-13,102.32400741
2019-05-14,113.56495921
2019-05-15,133.52144325
2019-05-16,195.70299721
2019-05-17,227.03341629
2019-05-18,226.43686085
2019-05-19,131.4477971
2019-05-20,127.38515857
2019-05-21,187.38216221
2019-05-22,205.51156682
2019-05-23,174.00538693
2019-05-24,160.86562412
2019-05-25,192.85102269
2019-05-26,127.1323125
2019-05-27,97.24013064
2019-05-28,188.78604627
2019-05-29,192.45777964
2019-05-30,187.323601
2019-05-31,191.65095051
2019-06-01,207.10162051
2019-06-02,155.88379801
2019-06-03,115.39168074
2019-06-04,204.32272902
2019-06-05,218.64977283
2019-06-06,156.66545465
2019-06-07,120.63550697
2019-06-08,107.01289521
2019-06-09,70.54839674
2019-06-10,63.32369989
2019-06-11,104.42139057
2019-06-12,110.37674445
2019-06-13,108.92575247
2019-06-14,107.95231204
2019-06-15,120.06982253
2019-06-16,77.32786947
2019-06-17,73.57815499
2019-06-18,119.42797713
2019-06-19,115.37501311
2019-06-20,104.24751274
2019-06-21,113.99594253
2019-06-22,128.08740502
2019-06-23,119.25352355
2019-06-24,80.52992218
2019-06-25,102.72793698
2019-06-26,121.88767558
2019-06-27,187.18671172
2019-06-28,200.07318916
2019-06-29,178.31281553
2019-06-30,109.19949552
2019-07-01,105.41894605
2019-07-02,127.96943929
2019-07-03,115.86048631
2019-07-04,94.13735145
2019-07-05,83.1571909
2019-07-06,78.24611304
2019-07-07,48.46231842
2019-07-08,46.22370164
2019-07-09,68.04749391
2019-07-10,70.10346
2019-07-11,87.83838394
2019-07-12,79.75072002
2019-07-13,65.59104107
2019-07-14,44.07356593
2019-07-15,41.01575216
2019-07-16,63.82421216
2019-07-17,64.0050136
2019-07-18,64.42962526
2019-07-19,72.7331277
2019-07-20,68.95390302
2019-07-21,49.16011057
2019-07-22,38.76320899
2019-07-23,53.5000016
2019-07-24,51.5849806
2019-07-25,50.49958347
2019-07-26,55.66599589
2019-07-27,46.28908255
2019-07-28,33.01944888
2019-07-29,26.0906632
2019-07-30,40.28511753
2019-07-31,60.87568653
2019-08-01,53.74546567
2019-08-02,45.98827683
2019-08-03,44.85070974
2019-08-04,26.51199904
2019-08-05,19.71626979
2019-08-06,42.54627716
2019-08-07,46.11675595
2019-08-08,73.42653669
2019-08-09,69.0523852
2019-08-10,65.27047063
2019-08-11,37.98790924
2019-08-12,30.44368288
2019-08-13,53.06476795
2019-08-14,74.46917116
2019-08-15,57.83331871
2019-08-16,52.79450937
2019-08-17,52.42472517
2019-08-18,34.80798761
2019-08-19,28.71825577
2019-08-20,42.34524189
2019-08-21,46.60562052
2019-08-22,52.75660419
2019-08-23,53.33079656
2019-08-24,41.25596635
2019-08-25,29.77666527
2019-08-26,21.4151521
2019-08-27,33.76225794
2019-08-28,33.91975743
2019-08-29,33.68642163
2019-08-30,33.77763975
2019-08-31,34.72614932
2019-09-01,23.62302465
2019-09-02,20.2899689
2019-09-03,28.99943648
2019-09-04,38.78318742
2019-09-05,37.57757625
2019-09-06,36.83823511
2019-09-07,36.97465158
2019-09-08,26.77418786
2019-09-09,21.6787786
2019-09-10,32.88557616
2019-09-11,37.43813532
2019-09-12,34.61414561
2019-09-13,29.37365806
2019-09-14,27.2416988
2019-09-15,21.36946606
2019-09-16,17.94707387
2019-09-17,29.55001769
2019-09-18,34.65289284
2019-09-19,33.88577734
2019-09-20,36.65973971
2019-09-21,32.48868188
2019-09-22,22.68372754
2019-09-23,21.19514176
2019-09-24,32.21229382
2019-09-25,39.39312435
2019-09-26,41.51101114
2019-09-27,32.42606061
2019-09-28,34.566148
2019-09-29,23.03030148
2019-09-30,21.19838469
2019-10-01,42.3444204
2019-10-02,46.8113573
2019-10-03,37.24441562
2019-10-04,38.11919539
2019-10-05,27.4226199
2019-10-06,19.12426052
2019-10-07,16.34275049
2019-10-08,24.70789654
2019-10-09,27.54548003
2019-10-10,30.55367406
2019-10-11,33.77448814
2019-10-12,27.79369901
2019-10-13,20.26668629
2019-10-14,16.47569727
2019-10-15,24.11943875
2019-10-16,26.31916762
2019-10-17,28.52811709
2019-10-18,25.64717902
2019-10-19,24.68669695
2019-10-20,18.7267923
2019-10-21,15.33117915
2019-10-22,21.05682496
2019-10-23,22.17224471
2019-10-24,30.72843106
2019-10-25,29.90063186
2019-10-26,36.39262077
2019-10-27,47.50993569
2019-10-28,33.85698681
2019-10-29,38.62711701
2019-10-30,34.74436063
2019-10-31,33.05208778
2019-11-01,36.60882594
2019-11-02,39.84588331
2019-11-03,27.27518395
2019-11-04,25.67509242
2019-11-05,48.70898899
2019-11-06,43.61722185
2019-11-07,38.39127647
2019-11-08,40.58992089
2019-11-09,41.34964558
2019-11-10,27.92855803
2019-11-11,24.29015957
2019-11-12,29.72540037
2019-11-13,29.43688924
2019-11-14,33.14115824
2019-11-15,29.48174335
2019-11-16,30.10627686
2019-11-17,22.55663644
2019-11-18,21.08702459
2019-11-19,28.67488306
2019-11-20,33.74912621
2019-11-21,27.40442548
2019-11-22,37.61620988
2019-11-23,38.88136686
2019-11-24,21.7052758
2019-11-25,16.9030352
2019-11-26,33.29565689
2019-11-27,39.22009621
2019-11-28,33.50223775
2019-11-29,26.52736725
2019-11-30,32.57996189
2019-12-01,27.73794039
2019-12-02,21.14391287
2019-12-03,26.29735921
2019-12-04,25.41092659
2019-12-05,29.28244482
2019-12-06,23.51212497
2019-12-07,25.0666879
2019-12-08,17.67538179
2019-12-09,14.40476798
2019-12-10,22.5574718
2019-12-11,23.31467953
2019-12-12,23.89650554
2019-12-13,22.58029974
2019-12-14,23.17111236
2019-12-15,14.73090744
2019-12-16,20.48160067
2019-12-17,22.33105231
2019-12-18,22.63123773
2019-12-19,27.75214475
2019-12-20,28.67218463
2019-12-21,25.26868884
2019-12-22,16.33587037
2019-12-23,12.84999447
2019-12-24,19.27416664
2019-12-25,17.33769944
2019-12-26,12.94986444
2019-12-27,19.25040961
2019-12-28,17.66168583
2019-12-29,13.08987557
2019-12-30,12.62531842
2019-12-31,16.05903803
2020-01-01,14.72448457
2020-01-02,9.88624584
2020-01-03,13.72092988
2020-01-04,16.61093093
2020-01-05,12.14848956
2020-01-06,11.89008149
2020-01-07,20.52394116
2020-01-08,25.8148978
2020-01-09,31.09413688
2020-01-10,29.98803411
2020-01-11,32.45580749
2020-01-12,17.8069863
2020-01-13,14.32472421
2020-01-14,18.08368461
2020-01-15,26.53385378
2020-01-16,31.00065728
2020-01-17,23.75953935
2020-01-18,24.37864596
2020-01-19,18.18036187
2020-01-20,16.02521748
2020-01-21,17.8483709
2020-01-22,20.60207064
2020-01-23,21.32645178
2020-01-24,21.59230675
2020-01-25,15.67738221
2020-01-26,11.37557861
2020-01-27,10.36229717
2020-01-28,20.76459228
2020-01-29,22.34831969
2020-01-30,20.28226774
2020-01-31,19.90003677
2020-02-01,22.2899417
2020-02-02,17.75920966
2020-02-03,16.59845485
2020-02-04,21.95770671
2020-02-05,23.85357125
2020-02-06,24.99615264
2020-02-07,28.15307607
2020-02-08,30.87725014
2020-02-09,20.96670859
2020-02-10,20.02549756
2020-02-11,28.26855498
2020-02-12,33.94424776
2020-02-13,38.29046921
2020-02-14,34.63479347
2020-02-15,32.91772289
2020-02-16,27.63375097
2020-02-17,22.16629317
2020-02-18,24.89945908
2020-02-19,30.67124581
2020-02-20,31.31333496
2020-02-21,27.26710294
2020-02-22,23.7836571
2020-02-23,17.90379811
2020-02-24,16.93047175
2020-02-25,22.98117293
2020-02-26,25.13210161
2020-02-27,29.5290601
2020-02-28,26.8926774
2020-02-29,25.33222814
2020-03-01,18.45936649
2020-03-02,14.47682156
2020-03-03,23.27773824
2020-03-04,24.9233851
2020-03-05,23.66006776
2020-03-06,24.49823848
2020-03-07,26.72650429
2020-03-08,18.43739742
2020-03-09,16.31170846
2020-03-10,25.76748365
2020-03-11,27.85651202
2020-03-12,30.50425847
2020-03-13,60.27268581
2020-03-14,84.53514729
2020-03-15,53.38664899
2020-03-16,42.20753235
2020-03-17,61.87674265
2020-03-18,62.61810511
2020-03-19,60.56676788
2020-03-20,68.82659617
2020-03-21,79.23757339
2020-03-22,44.31800726
2020-03-23,35.51525371
2020-03-24,50.41681163
2020-03-25,44.46381529
2020-03-26,46.56217239
2020-03-27,53.57566262
2020-03-28,40.79857662
2020-03-29,28.732255
2020-03-30,21.32088094
2020-03-31,26.21496686
2020-04-01,28.94855293
2020-04-02,27.42464444
2020-04-03,24.55164987
2020-04-04,25.84589966
2020-04-05,16.47818248
2020-04-06,13.48082669
2020-04-07,21.49900893
2020-04-08,25.11706866
2020-04-09,22.36510962
2020-04-10,23.38032638
2020-04-11,20.58873326
2020-04-12,13.78333895
2020-04-13,13.10795615
2020-04-14,16.39071572
2020-04-15,23.37958223
2020-04-16,26.05087792
2020-04-17,28.55316361
2020-04-18,25.52914511
2020-04-19,19.1355429
2020-04-20,15.68324255
2020-04-21,21.88057006
2020-04-22,23.40630527
2020-04-23,26.32081641
2020-04-24,41.22774666
2020-04-25,36.24518432
2020-04-26,27.58160072
2020-04-27,21.33607092
2020-04-28,28.07740054
2020-04-29,27.51674127
2020-04-30,53.53878
2020-05-01,108.68255065
2020-05-02,106.72348118
2020-05-03,68.955651
2020-05-04,57.64103813
2020-05-05,66.64723602
2020-05-06,71.76537045
2020-05-07,68.71352199
2020-05-08,90.91447074
2020-05-09,104.01051198
2020-05-10,85.19552167
2020-05-11,62.21652357
2020-05-12,92.13805594
2020-05-13,107.9413384
2020-05-14,112.15347886
2020-05-15,146.44154829
2020-05-16,159.72724081
2020-05-17,107.92182736
2020-05-18,99.24350293
2020-05-19,169.12818517
2020-05-20,182.03040512
2020-05-21,191.32284729
2020-05-22,203.92754802
2020-05-23,157.24802245
2020-05-24,103.09663982
2020-05-25,74.66233418
2020-05-26,92.89316062
2020-05-27,76.69532051
2020-05-28,79.93457174
2020-05-29,89.19391746
2020-05-30,93.15375088
2020-05-31,67.87440774
2020-06-01,62.06383519
2020-06-02,78.16103408
2020-06-03,98.97509068
2020-06-04,80.4854491
2020-06-05,61.68654873
2020-06-06,56.36753873
2020-06-07,31.22535054
2020-06-08,26.73099427
2020-06-09,41.62373052
2020-06-10,35.03621968
2020-06-11,38.80315253
2020-06-12,38.65136462
2020-06-13,29.24512633
2020-06-14,21.00629044
2020-06-15,16.54032953
2020-06-16,35.15348673
2020-06-17,51.12808062
2020-06-18,46.74662944
2020-06-19,45.46982149
2020-06-20,49.09985578
2020-06-21,29.45312391
2020-06-22,24.76545336
2020-06-23,37.15312529
2020-06-24,45.34851055
2020-06-25,41.88712373
2020-06-26,40.70263507
2020-06-27,33.82777488
2020-06-28,22.83566607
2020-06-29,19.62706147
2020-06-30,33.58240058
2020-07-01,44.57266433
2020-07-02,62.00664121
2020-07-03,55.86321829
2020-07-04,53.37312751
2020-07-05,31.92033391
2020-07-06,25.05190941
2020-07-07,36.81814867
2020-07-08,41.41658898
2020-07-09,48.54780381
2020-07-10,53.86870993
2020-07-11,48.38790157
2020-07-12,33.38960187
2020-07-13,23.79991734
2020-07-14,41.91947706
2020-07-15,62.00847811
2020-07-16,66.36944265
2020-07-17,78.42071329
2020-07-18,77.54075651
2020-07-19,74.50556433
2020-07-20,46.59487063
2020-07-21,79.51494325
2020-07-22,104.7056034
2020-07-23,142.10036019
2020-07-24,134.74488564
2020-07-25,123.60039598
2020-07-26,88.52578136
2020-07-27,76.19883384
2020-07-28,124.39804418
2020-07-29,188.97272261
2020-07-30,175.19797667
2020-07-31,179.7369445
2020-08-01,171.2763798
2020-08-02,123.59327892
2020-08-03,106.96085099
2020-08-04,130.13640793
2020-08-05,113.52550008
2020-08-06,138.97675331
2020-08-07,191.7937623
2020-08-08,136.31258215
2020-08-09,77.86909416
2020-08-10,64.51935152
2020-08-11,134.0279181
2020-08-12,151.46100591
2020-08-13,123.88813011
2020-08-14,111.10851906
2020-08-15,104.97094339
2020-08-16,65.83429852
2020-08-17,62.0881681
2020-08-18,84.36692232
2020-08-19,157.16400815
2020-08-20,149.28061929
2020-08-21,128.9816647
2020-08-22,138.27114309
2020-08-23,88.82807921
2020-08-24,58.90756952
2020-08-25,79.47876827
2020-08-26,92.25996052
2020-08-27,108.35942946
2020-08-28,121.61482967
2020-08-29,102.85521471
2020-08-30,64.38627267
2020-08-31,63.86730363
2020-09-01,94.76992915
2020-09-02,123.86992608
2020-09-03,129.63903054
2020-09-04,136.01387206
2020-09-05,155.41992666
2020-09-06,117.95895392
2020-09-07,68.47597667
2020-09-08,97.73599556
2020-09-09,81.98502093
2020-09-10,93.03114274
2020-09-11,110.61035344
2020-09-12,91.52153463
2020-09-13,57.79315128
2020-09-14,49.54046694
2020-09-15,76.15743176
2020-09-16,77.9277518
2020-09-17,76.27787119
2020-09-18,70.92559159
2020-09-19,70.31945472
2020-09-20,45.95832196
2020-09-21,33.79408106
2020-09-22,62.31195942
2020-09-23,74.59113089
2020-09-24,96.51095568
2020-09-25,81.64235754
2020-09-26,75.64534972
2020-09-27,42.28706526
2020-09-28,36.87713689
2020-09-29,58.79373725
2020-09-30,83.15732602
2020-10-01,93.96886874
2020-10-02,104.92605554
2020-10-03,121.31761787
2020-10-04,69.1389914
2020-10-05,57.06685152
2020-10-06,100.04754586
2020-10-07,114.46013121
2020-10-08,108.33383901
2020-10-09,103.39374193
2020-10-10,110.16141041
2020-10-11,75.12837831
2020-10-12,51.72072143
2020-10-13,75.1001319
2020-10-14,73.30905492
2020-10-15,74.9332009
2020-10-16,76.76943659
2020-10-17,63.13531232
2020-10-18,35.50804748
2020-10-19,37.25801212
2020-10-20,51.19663268
2020-10-21,78.26525349
2020-10-22,119.36065891
2020-10-23,166.80847707
2020-10-24,140.25215872
2020-10-25,93.3237912
2020-10-26,63.99985103
2020-10-27,117.7810379
2020-10-28,195.65821025
2020-10-29,226.40877873
2020-10-30,261.20613671
2020-10-31,264.8941163
2020-11-01,255.82083537
2020-11-02,179.25705954
2020-11-03,215.46989198
2020-11-04,283.29122639
2020-11-05,205.82925032
2020-11-06,266.01134465
2020-11-07,228.91087168
2020-11-08,136.73902777
2020-11-09,93.51738948
2020-11-10,141.12679205
2020-11-11,156.33777491
2020-11-12,105.90555614
2020-11-13,105.30762673
2020-11-14,100.3890895
2020-11-15,56.23647606
2020-11-16,42.34032535
2020-11-17,84.52964229
2020-11-18,91.44362315
2020-11-19,98.6483144
2020-11-20,92.83101157
2020-11-21,74.90910661
2020-11-22,46.76982834
2020-11-23,32.02519045
2020-11-24,58.86318321
2020-11-25,86.72336781
2020-11-26,97.856615
2020-11-27,103.38698218