Date,Velocity of Money
2009-01-10,0
2009-01-11,0
2009-01-12,0.00578035
2009-01-13,0.0134082
2009-01-14,0.00917949
2009-01-15,0.00924855
2009-01-16,0.0229457
2009-01-17,0.0249668
2009-01-18,0.0218097
2009-01-19,0.0224974
2009-01-20,0.0344096
2009-01-21,0.037813
2009-01-22,0.0440769
2009-01-23,0.0433501
2009-01-24,0.0449492
2009-01-25,0.0455251
2009-01-26,0.0414033
2009-01-27,0.049567
2009-01-28,0.0486893
2009-01-29,0.0461786
2009-01-30,0.0489751
2009-01-31,0.0465975
2009-02-01,0.0519231
2009-02-02,0.0504697
2009-02-03,0.048512
2009-02-04,0.0512399
2009-02-05,0.0492387
2009-02-06,0.0472835
2009-02-07,0.0455327
2009-02-08,0.050815
2009-02-09,0.054553
2009-02-10,0.064496
2009-02-11,0.0624647
2009-02-12,0.0631477
2009-02-13,0.0612977
2009-02-14,0.0594819
2009-02-15,0.0576102
2009-02-16,0.059998
2009-02-17,0.0649587
2009-02-18,0.0633379
2009-02-19,0.0617831
2009-02-20,0.0634742
2009-02-21,0.0619417
2009-02-22,0.060575
2009-02-23,0.0631602
2009-02-24,0.0618961
2009-02-25,0.0607036
2009-02-26,0.0595668
2009-02-27,0.0584514
2009-02-28,0.0634742
2009-03-01,0.063595
2009-03-02,0.0624882
2009-03-03,0.0613892
2009-03-04,0.061638
2009-03-05,0.0645655
2009-03-06,0.0646845
2009-03-07,0.0635342
2009-03-08,0.0624987
2009-03-09,0.065999
2009-03-10,0.0649676
2009-03-11,0.0639771
2009-03-12,0.0629545
2009-03-13,0.0623436
2009-03-14,0.063424
2009-03-15,0.0624905
2009-03-16,0.0614786
2009-03-17,0.0667346
2009-03-18,0.0657631
2009-03-19,0.0665817
2009-03-20,0.0655747
2009-03-21,0.0660954
2009-03-22,0.0656941
2009-03-23,0.0660751
2009-03-24,0.0650626
2009-03-25,0.0642672
2009-03-26,0.0634035
2009-03-27,0.0657363
2009-03-28,0.0649559
2009-03-29,0.066312
2009-03-30,0.0654726
2009-03-31,0.0646264
2009-04-01,0.067276
2009-04-02,0.0664694
2009-04-03,0.0656751
2009-04-04,0.0648928
2009-04-05,0.0641485
2009-04-06,0.0650162
2009-04-07,0.0643139
2009-04-08,0.0636828
2009-04-09,0.0630333
2009-04-10,0.062433
2009-04-11,0.061791
2009-04-12,0.061752
2009-04-13,0.0628425
2009-04-14,0.0622689
2009-04-15,0.0615657
2009-04-16,0.0609385
2009-04-17,0.0602703
2009-04-18,0.0596744
2009-04-19,0.0593366
2009-04-20,0.0594177
2009-04-21,0.0686488
2009-04-22,0.0680187
2009-04-23,0.0673292
2009-04-24,0.0669088
2009-04-25,0.0662742
2009-04-26,0.0656355
2009-04-27,0.0662546
2009-04-28,0.0657016
2009-04-29,0.0650904
2009-04-30,0.0660088
2009-05-01,0.0653351
2009-05-02,0.064725
2009-05-03,0.065248
2009-05-04,0.0648905
2009-05-05,0.0665195
2009-05-06,0.0665953
2009-05-07,0.0659336
2009-05-08,0.0653469
2009-05-09,0.0648408
2009-05-10,0.0644768
2009-05-11,0.0640847
2009-05-12,0.0636811
2009-05-13,0.0630993
2009-05-14,0.0628201
2009-05-15,0.0624933
2009-05-16,0.062596
2009-05-17,0.0620904
2009-05-18,0.0615598
2009-05-19,0.0610749
2009-05-20,0.0607262
2009-05-21,0.0602463
2009-05-22,0.0599227
2009-05-23,0.0596843
2009-05-24,0.0595599
2009-05-25,0.0591747
2009-05-26,0.0587604
2009-05-27,0.0582924
2009-05-28,0.0578537
2009-05-29,0.0575082
2009-05-30,0.0608742
2009-05-31,0.0604627
2009-06-01,0.0601048
2009-06-02,0.0599042
2009-06-03,0.0594988
2009-06-04,0.0592424
2009-06-05,0.0590059
2009-06-06,0.0588991
2009-06-07,0.0587997
2009-06-08,0.0587431
2009-06-09,0.0584545
2009-06-10,0.0581376
2009-06-11,0.057855
2009-06-12,0.0575513
2009-06-13,0.0572609
2009-06-14,0.057
2009-06-15,0.0567613
2009-06-16,0.0564853
2009-06-17,0.0562541
2009-06-18,0.0559991
2009-06-19,0.0557432
2009-06-20,0.0554675
2009-06-21,0.0552227
2009-06-22,0.0549707
2009-06-23,0.0581019
2009-06-24,0.0578552
2009-06-25,0.0577154
2009-06-26,0.0586052
2009-06-27,0.0583147
2009-06-28,0.0580461
2009-06-29,0.0579548
2009-06-30,0.0578508
2009-07-01,0.0575844
2009-07-02,0.0574623
2009-07-03,0.0572598
2009-07-04,0.0570087
2009-07-05,0.0567385
2009-07-06,0.0565009
2009-07-07,0.0562504
2009-07-08,0.0560463
2009-07-09,0.055829
2009-07-10,0.0555786
2009-07-11,0.0553448
2009-07-12,0.0551073
2009-07-13,0.0548887
2009-07-14,0.0546691
2009-07-15,0.0544763
2009-07-16,0.0543513
2009-07-17,0.0541552
2009-07-18,0.0540261
2009-07-19,0.0540152
2009-07-20,0.0538242
2009-07-21,0.0597239
2009-07-22,0.0594784
2009-07-23,0.0593001
2009-07-24,0.0590757
2009-07-25,0.0588618
2009-07-26,0.0587685
2009-07-27,0.0587075
2009-07-28,0.0584934
2009-07-29,0.0583754
2009-07-30,0.0584192
2009-07-31,0.0584252
2009-08-01,0.0583765
2009-08-02,0.0582964
2009-08-03,0.0582308
2009-08-04,0.0581966
2009-08-05,0.0579669
2009-08-06,0.0577222
2009-08-07,0.0574713
2009-08-08,0.062591
2009-08-09,0.062351
2009-08-10,0.0620506
2009-08-11,0.0618293
2009-08-12,0.0616243
2009-08-13,0.0614409
2009-08-14,0.0611952
2009-08-15,0.0610143
2009-08-16,0.06094
2009-08-17,0.0608858
2009-08-18,0.0608374
2009-08-19,0.060809
2009-08-20,0.0607578
2009-08-21,0.0606955
2009-08-22,0.0606558
2009-08-23,0.060636
2009-08-24,0.0605937
2009-08-25,0.0605514
2009-08-26,0.0604107
2009-08-27,0.0624526
2009-08-28,0.0623688
2009-08-29,0.0621531
2009-08-30,0.0619274
2009-08-31,0.0617012
2009-09-01,0.0617328
2009-09-02,0.0615142
2009-09-03,0.0613304
2009-09-04,0.0617935
2009-09-05,0.0616155
2009-09-06,0.0614054
2009-09-07,0.0612186
2009-09-08,0.0615852
2009-09-09,0.0613964
2009-09-10,0.0612494
2009-09-11,0.0610681
2009-09-12,0.0608878
2009-09-13,0.0607032
2009-09-14,0.0605038
2009-09-15,0.0603084
2009-09-16,0.0601928
2009-09-17,0.0600054
2009-09-18,0.0641577
2009-09-19,0.0639419
2009-09-20,0.0637385
2009-09-21,0.0635255
2009-09-22,0.06368
2009-09-23,0.065319
2009-09-24,0.0652188
2009-09-25,0.0649504
2009-09-26,0.0657995
2009-09-27,0.066196
2009-09-28,0.0659545
2009-09-29,0.0657202
2009-09-30,0.0672698
2009-10-01,0.0670325
2009-10-02,0.0668053
2009-10-03,0.0670192
2009-10-04,0.0668593
2009-10-05,0.0667139
2009-10-06,0.0665637
2009-10-07,0.0671824
2009-10-08,0.0670181
2009-10-09,0.0668273
2009-10-10,0.0666134
2009-10-11,0.0664061
2009-10-12,0.0662082
2009-10-13,0.0701127
2009-10-14,0.0699525
2009-10-15,0.0697595
2009-10-16,0.069562
2009-10-17,0.0771125
2009-10-18,0.076938
2009-10-19,0.0769898
2009-10-20,0.0766501
2009-10-21,0.0803282
2009-10-22,0.0807808
2009-10-23,0.0898155
2009-10-24,0.0895049
2009-10-25,0.098786
2009-10-26,0.0984958
2009-10-27,0.0982263
2009-10-28,0.10798
2009-10-29,0.107707
2009-10-30,0.109087
2009-10-31,0.108837
2009-11-01,0.108646
2009-11-02,0.108543
2009-11-03,0.108406
2009-11-04,0.108151
2009-11-05,0.11963
2009-11-06,0.119373
2009-11-07,0.119094
2009-11-08,0.118785
2009-11-09,0.11846
2009-11-10,0.118176
2009-11-11,0.130885
2009-11-12,0.184519
2009-11-13,0.184141
2009-11-14,0.183966
2009-11-15,0.18343
2009-11-16,0.182782
2009-11-17,0.182133
2009-11-18,0.181521
2009-11-19,0.180999
2009-11-20,0.212749
2009-11-21,0.212087
2009-11-22,0.211528
2009-11-23,0.210721
2009-11-24,0.209996
2009-11-25,0.209298
2009-11-26,0.208628
2009-11-27,0.208005
2009-11-28,0.20746
2009-11-29,0.20694
2009-11-30,0.206502
2009-12-01,0.205958
2009-12-02,0.212479
2009-12-03,0.211781
2009-12-04,0.211131
2009-12-05,0.210867
2009-12-06,0.211023
2009-12-07,0.210368
2009-12-08,0.210245
2009-12-09,0.209831
2009-12-10,0.210753
2009-12-11,0.210006
2009-12-12,0.21274
2009-12-13,0.211948
2009-12-14,0.211133
2009-12-15,0.232282
2009-12-16,0.235651
2009-12-17,0.234583
2009-12-18,0.233468
2009-12-19,0.23174
2009-12-20,0.230273
2009-12-21,0.228996
2009-12-22,0.227701
2009-12-23,0.226515
2009-12-24,0.225399
2009-12-25,0.224295
2009-12-26,0.223267
2009-12-27,0.222044
2009-12-28,0.221038
2009-12-29,0.220093
2009-12-30,0.218925
2009-12-31,0.217971
2010-01-01,0.217045
2010-01-02,0.216228
2010-01-03,0.215396
2010-01-04,0.21418
2010-01-05,0.225573
2010-01-06,0.224232
2010-01-07,0.223141
2010-01-08,0.222119
2010-01-09,0.221113
2010-01-10,0.220129
2010-01-11,0.218904
2010-01-12,0.21786
2010-01-13,0.22305
2010-01-14,0.222026
2010-01-15,0.221311
2010-01-16,0.220245
2010-01-17,0.219488
2010-01-18,0.21867
2010-01-19,0.217838
2010-01-20,0.216637
2010-01-21,0.21545
2010-01-22,0.214444
2010-01-23,0.213704
2010-01-24,0.212617
2010-01-25,0.211463
2010-01-26,0.212023
2010-01-27,0.210824
2010-01-28,0.210346
2010-01-29,0.209906
2010-01-30,0.208981
2010-01-31,0.208716
2010-02-01,0.207851
2010-02-02,0.208163
2010-02-03,0.207893
2010-02-04,0.206191
2010-02-05,0.206029
2010-02-06,0.211192
2010-02-07,0.211229
2010-02-08,0.209694
2010-02-09,0.211536
2010-02-10,0.219924
2010-02-11,0.234319
2010-02-12,0.234908
2010-02-13,0.237666
2010-02-14,0.239382
2010-02-15,0.247881
2010-02-16,0.248606
2010-02-17,0.247053
2010-02-18,0.274301
2010-02-19,0.274323
2010-02-20,0.27271
2010-02-21,0.271658
2010-02-22,0.273208
2010-02-23,0.277824
2010-02-24,0.276204
2010-02-25,0.277589
2010-02-26,0.281562
2010-02-27,0.285549
2010-02-28,0.283777
2010-03-01,0.285047
2010-03-02,0.284502
2010-03-03,0.284192
2010-03-04,0.287694
2010-03-05,0.29474
2010-03-06,0.293481
2010-03-07,0.303058
2010-03-08,0.305217
2010-03-09,0.307729
2010-03-10,0.308538
2010-03-11,0.308583
2010-03-12,0.309094
2010-03-13,0.308352
2010-03-14,0.307773
2010-03-15,0.307608
2010-03-16,0.306761
2010-03-17,0.305387
2010-03-18,0.305025
2010-03-19,0.306798
2010-03-20,0.307255
2010-03-21,0.307861
2010-03-22,0.306863
2010-03-23,0.306477
2010-03-24,0.306826
2010-03-25,0.306475
2010-03-26,0.315488
2010-03-27,0.315274
2010-03-28,0.315376
2010-03-29,0.31444
2010-03-30,0.3146
2010-03-31,0.313423
2010-04-01,0.312076
2010-04-02,0.311511
2010-04-03,0.310922
2010-04-04,0.310603
2010-04-05,0.310927
2010-04-06,0.313944
2010-04-07,0.315018
2010-04-08,0.316014
2010-04-09,0.316355
2010-04-10,0.326757
2010-04-11,0.331071
2010-04-12,0.33584
2010-04-13,0.34547
2010-04-14,0.345007
2010-04-15,0.368171
2010-04-16,0.389071
2010-04-17,0.392559
2010-04-18,0.392525
2010-04-19,0.405299
2010-04-20,0.412424
2010-04-21,0.41415
2010-04-22,0.415502
2010-04-23,0.422496
2010-04-24,0.422775
2010-04-25,0.425917
2010-04-26,0.430647
2010-04-27,0.4355
2010-04-28,0.435318
2010-04-29,0.437371
2010-04-30,0.437506
2010-05-01,0.459117
2010-05-02,0.459561
2010-05-03,0.459556
2010-05-04,0.46174
2010-05-05,0.465541
2010-05-06,0.471184
2010-05-07,0.475816
2010-05-08,0.487272
2010-05-09,0.491835
2010-05-10,0.494302
2010-05-11,0.496199
2010-05-12,0.495909
2010-05-13,0.50259
2010-05-14,0.505278
2010-05-15,0.509739
2010-05-16,0.509866
2010-05-17,0.509709
2010-05-18,0.512229
2010-05-19,0.515465
2010-05-20,0.517969
2010-05-21,0.517767
2010-05-22,0.529865
2010-05-23,0.543845
2010-05-24,0.549412
2010-05-25,0.549774
2010-05-26,0.550407
2010-05-27,0.554103
2010-05-28,0.5573
2010-05-29,0.565233
2010-05-30,0.577672
2010-05-31,0.57805
2010-06-01,0.579361
2010-06-02,0.579983
2010-06-03,0.581113
2010-06-04,0.582974
2010-06-05,0.592568
2010-06-06,0.593325
2010-06-07,0.594703
2010-06-08,0.602219
2010-06-09,0.606714
2010-06-10,0.626062
2010-06-11,0.634934
2010-06-12,0.636602
2010-06-13,0.639847
2010-06-14,0.642806
2010-06-15,0.655176
2010-06-16,0.664989
2010-06-17,0.672769
2010-06-18,0.678261
2010-06-19,0.680356
2010-06-20,0.69765
2010-06-21,0.704276
2010-06-22,0.714825
2010-06-23,0.722465
2010-06-24,0.732669
2010-06-25,0.740949
2010-06-26,0.74497
2010-06-27,0.761857
2010-06-28,0.763914
2010-06-29,0.777521
2010-06-30,0.787364
2010-07-01,0.801974
2010-07-02,0.807946
2010-07-03,0.840528
2010-07-04,0.84742
2010-07-05,0.850973
2010-07-06,0.865045
2010-07-07,0.868825
2010-07-08,0.882645
2010-07-09,0.88499
2010-07-10,0.885839
2010-07-11,0.889429
2010-07-12,0.907431
2010-07-13,1.67848
2010-07-14,1.75205
2010-07-15,1.83137
2010-07-16,1.83986
2010-07-17,1.84428
2010-07-18,1.85198
2010-07-19,1.85299
2010-07-20,1.86121
2010-07-21,1.86366
2010-07-22,1.8659
2010-07-23,1.87232
2010-07-24,1.87317
2010-07-25,1.88052
2010-07-26,1.88766
2010-07-27,1.90582
2010-07-28,1.91082
2010-07-29,1.92515
2010-07-30,1.92579
2010-07-31,1.92632
2010-08-01,1.92517
2010-08-02,1.99415
2010-08-03,2.00511
2010-08-04,2.01054
2010-08-05,2.01256
2010-08-06,2.01779
2010-08-07,2.01929
2010-08-08,2.01996
2010-08-09,2.01725
2010-08-10,2.03312
2010-08-11,2.03705
2010-08-12,2.0457
2010-08-13,2.04505
2010-08-14,2.04724
2010-08-15,2.0439
2010-08-16,2.04396
2010-08-17,2.05786
2010-08-18,2.06719
2010-08-19,2.07336
2010-08-20,2.07503
2010-08-21,2.0776
2010-08-22,2.08316
2010-08-23,2.08261
2010-08-24,2.0815
2010-08-25,2.08119
2010-08-26,2.07944
2010-08-27,2.07684
2010-08-28,2.07967
2010-08-29,2.07938
2010-08-30,2.07739
2010-08-31,2.07684
2010-09-01,2.08228
2010-09-02,2.08551
2010-09-03,2.09013
2010-09-04,2.09321
2010-09-05,2.09701
2010-09-06,2.12667
2010-09-07,2.14168
2010-09-08,2.14186
2010-09-09,2.14181
2010-09-10,2.14684
2010-09-11,2.14561
2010-09-12,2.14381
2010-09-13,2.14369
2010-09-14,2.16856
2010-09-15,2.17068
2010-09-16,2.17608
2010-09-17,2.17868
2010-09-18,2.19056
2010-09-19,2.19495
2010-09-20,2.20202
2010-09-21,2.20671
2010-09-22,2.20882
2010-09-23,2.21455
2010-09-24,2.23939
2010-09-25,2.23769
2010-09-26,2.23901
2010-09-27,2.23868
2010-09-28,2.24087
2010-09-29,2.25457
2010-09-30,2.2724
2010-10-01,2.28514
2010-10-02,2.28808
2010-10-03,2.37872
2010-10-04,2.38733
2010-10-05,2.51689
2010-10-06,2.55873
2010-10-07,2.58215
2010-10-08,2.6076
2010-10-09,2.63924
2010-10-10,2.67834
2010-10-11,2.70125
2010-10-12,2.71332
2010-10-13,2.72092
2010-10-14,2.74281
2010-10-15,2.77729
2010-10-16,2.80586
2010-10-17,2.84171
2010-10-18,2.85777
2010-10-19,2.89994
2010-10-20,2.95309
2010-10-21,2.99007
2010-10-22,3.02659
2010-10-23,3.04721
2010-10-24,3.05072
2010-10-25,3.06453
2010-10-26,3.09186
2010-10-27,3.12462
2010-10-28,3.16012
2010-10-29,3.19482
2010-10-30,3.20593
2010-10-31,3.20958
2010-11-01,3.21817
2010-11-02,3.22129
2010-11-03,3.22846
2010-11-04,3.23434
2010-11-05,3.25913
2010-11-06,3.26059
2010-11-07,3.28054
2010-11-08,3.29138
2010-11-09,3.39177
2010-11-10,3.39515
2010-11-11,3.39641
2010-11-12,3.38156
2010-11-13,3.38266
2010-11-14,3.38262
2010-11-15,3.38133
2010-11-16,3.43129
2010-11-17,3.50513
2010-11-18,3.50903
2010-11-19,3.51304
2010-11-20,3.5093
2010-11-21,3.53865
2010-11-22,3.56042
2010-11-23,3.562
2010-11-24,3.56471
2010-11-25,3.56604
2010-11-26,3.57023
2010-11-27,3.58165
2010-11-28,3.5798
2010-11-29,3.57843
2010-11-30,3.57795
2010-12-01,3.58408
2010-12-02,3.5866
2010-12-03,3.59183
2010-12-04,3.59063
2010-12-05,3.59575
2010-12-06,3.59062
2010-12-07,3.60107
2010-12-08,3.60989
2010-12-09,3.60704
2010-12-10,3.60861
2010-12-11,3.61109
2010-12-12,3.61592
2010-12-13,3.61965
2010-12-14,3.65365
2010-12-15,3.66207
2010-12-16,3.67632
2010-12-17,3.68706
2010-12-18,3.69344
2010-12-19,3.70493
2010-12-20,3.71772
2010-12-21,3.72905
2010-12-22,3.74201
2010-12-23,3.75334
2010-12-24,3.75985
2010-12-25,3.76724
2010-12-26,3.78262
2010-12-27,3.79099
2010-12-28,3.80298
2010-12-29,3.80843
2010-12-30,3.82395
2010-12-31,3.83032
2011-01-01,3.83558
2011-01-02,3.83962
2011-01-03,3.84267
2011-01-04,3.85003
2011-01-05,3.84839
2011-01-06,3.85256
2011-01-07,3.85352
2011-01-08,3.85824
2011-01-09,3.86312
2011-01-10,3.86496
2011-01-11,3.87451
2011-01-12,3.8887
2011-01-13,3.89181
2011-01-14,3.90881
2011-01-15,3.91755
2011-01-16,3.92268
2011-01-17,3.92857
2011-01-18,3.93337
2011-01-19,3.94811
2011-01-20,3.95313
2011-01-21,3.95621
2011-01-22,3.96142
2011-01-23,3.9679
2011-01-24,3.97682
2011-01-25,3.98398
2011-01-26,3.9867
2011-01-27,4.07289
2011-01-28,4.18328
2011-01-29,4.18602
2011-01-30,4.19179
2011-01-31,4.2673
2011-02-01,4.28918
2011-02-02,4.30623
2011-02-03,4.31987
2011-02-04,4.32468
2011-02-05,4.32674
2011-02-06,4.33259
2011-02-07,4.33665
2011-02-08,4.35732
2011-02-09,4.3619
2011-02-10,4.37471
2011-02-11,4.40219
2011-02-12,4.44077
2011-02-13,4.45538
2011-02-14,4.4652
2011-02-15,4.47768
2011-02-16,4.48391
2011-02-17,4.48569
2011-02-18,4.48287
2011-02-19,4.49563
2011-02-20,4.52459
2011-02-21,4.55227
2011-02-22,4.58524
2011-02-23,4.64068
2011-02-24,4.69253
2011-02-25,4.72266
2011-02-26,4.74273
2011-02-27,4.75808
2011-02-28,4.78207
2011-03-01,4.79672
2011-03-02,4.97692
2011-03-03,5.40602
2011-03-04,5.44906
2011-03-05,5.47581
2011-03-06,5.48516
2011-03-07,5.50052
2011-03-08,5.52503
2011-03-09,5.54809
2011-03-10,5.58267
2011-03-11,5.65101
2011-03-12,5.67361
2011-03-13,5.69406
2011-03-14,5.7305
2011-03-15,5.75502
2011-03-16,5.77042
2011-03-17,5.78998
2011-03-18,5.81082
2011-03-19,5.83519
2011-03-20,5.84768
2011-03-21,5.86412
2011-03-22,5.88693
2011-03-23,5.91504
2011-03-24,5.94755
2011-03-25,5.98447
2011-03-26,6.02204
2011-03-27,6.06772
2011-03-28,6.08539
2011-03-29,6.09955
2011-03-30,6.10934
2011-03-31,6.12183
2011-04-01,6.13431
2011-04-02,6.138
2011-04-03,6.14497
2011-04-04,6.14902
2011-04-05,6.16603
2011-04-06,6.17257
2011-04-07,6.17802
2011-04-08,6.18826
2011-04-09,6.20159
2011-04-10,6.21167
2011-04-11,6.21443
2011-04-12,6.21919
2011-04-13,6.2281
2011-04-14,6.24799
2011-04-15,6.25395
2011-04-16,6.25842
2011-04-17,6.30045
2011-04-18,6.50891
2011-04-19,6.51592
2011-04-20,6.94815
2011-04-21,7.7391
2011-04-22,7.80072
2011-04-23,7.81199
2011-04-24,7.82898
2011-04-25,7.83278
2011-04-26,7.83332
2011-04-27,7.84864
2011-04-28,7.87598
2011-04-29,7.8882
2011-04-30,8.00281
2011-05-01,8.04719
2011-05-02,8.06087
2011-05-03,8.06644
2011-05-04,8.08396
2011-05-05,8.11372
2011-05-06,8.12212
2011-05-07,8.15161
2011-05-08,8.16699
2011-05-09,8.23634
2011-05-10,8.24346
2011-05-11,8.32178
2011-05-12,8.33713
2011-05-13,8.3558
2011-05-14,8.41323
2011-05-15,8.68574
2011-05-16,8.72374
2011-05-17,8.74396
2011-05-18,8.75838
2011-05-19,8.76599
2011-05-20,8.78076
2011-05-21,8.82106
2011-05-22,8.90217
2011-05-23,9.01638
2011-05-24,9.06586
2011-05-25,9.09953
2011-05-26,9.13668
2011-05-27,9.17745
2011-05-28,9.24726
2011-05-29,9.26666
2011-05-30,9.28829
2011-05-31,9.31853
2011-06-01,9.35001
2011-06-02,9.37803
2011-06-03,9.41836
2011-06-04,9.49677
2011-06-05,9.5501
2011-06-06,9.61886
2011-06-07,9.7294
2011-06-08,9.79367
2011-06-09,9.89789
2011-06-10,9.99271
2011-06-11,10.1123
2011-06-12,10.3188
2011-06-13,10.5802
2011-06-14,10.7508
2011-06-15,10.9602
2011-06-16,11.6179
2011-06-17,12.8878
2011-06-18,13.1066
2011-06-19,13.2751
2011-06-20,13.9352
2011-06-21,14.106
2011-06-22,14.5798
2011-06-23,14.7429
2011-06-24,14.9537
2011-06-25,15.6426
2011-06-26,17.2502
2011-06-27,17.8153
2011-06-28,18.0939
2011-06-29,19.139
2011-06-30,19.4478
2011-07-01,19.6378
2011-07-02,19.7736
2011-07-03,19.8614
2011-07-04,19.9098
2011-07-05,20.0846
2011-07-06,20.116
2011-07-07,20.1733
2011-07-08,20.2146
2011-07-09,20.2331
2011-07-10,20.5149
2011-07-11,20.8504
2011-07-12,20.9636
2011-07-13,20.7187
2011-07-14,20.8546
2011-07-15,21.0684
2011-07-16,21.1197
2011-07-17,21.2677
2011-07-18,21.3178
2011-07-19,21.7701
2011-07-20,22.1401
2011-07-21,22.1904
2011-07-22,22.3554
2011-07-23,22.5515
2011-07-24,22.6178
2011-07-25,22.6572
2011-07-26,22.8311
2011-07-27,22.9594
2011-07-28,23.1089
2011-07-29,23.5726
2011-07-30,23.6358
2011-07-31,23.65
2011-08-01,23.7049
2011-08-02,23.7168
2011-08-03,23.737
2011-08-04,23.7661
2011-08-05,23.7818
2011-08-06,23.826
2011-08-07,23.8564
2011-08-08,23.8803
2011-08-09,24.0325
2011-08-10,24.3234
2011-08-11,24.4518
2011-08-12,24.4895
2011-08-13,24.5127
2011-08-14,24.5436
2011-08-15,24.5696
2011-08-16,24.5931
2011-08-17,24.6041
2011-08-18,24.62
2011-08-19,24.647
2011-08-20,24.6992
2011-08-21,24.6997
2011-08-22,24.7001
2011-08-23,24.7068
2011-08-24,24.7389
2011-08-25,24.7917
2011-08-26,24.8183
2011-08-27,24.8298
2011-08-28,25.1839
2011-08-29,25.186
2011-08-30,25.1954
2011-08-31,25.1999
2011-09-01,25.2039
2011-09-02,25.222
2011-09-03,25.2256
2011-09-04,25.227
2011-09-05,25.4435
2011-09-06,25.7152
2011-09-07,26.1211
2011-09-08,26.1685
2011-09-09,26.1957
2011-09-10,26.2182
2011-09-11,26.2293
2011-09-12,26.3464
2011-09-13,26.4033
2011-09-14,26.4106
2011-09-15,26.4209
2011-09-16,26.4274
2011-09-17,26.4949
2011-09-18,26.5055
2011-09-19,26.5111
2011-09-20,26.5256
2011-09-21,26.5414
2011-09-22,26.5656
2011-09-23,26.573
2011-09-24,26.578
2011-09-25,26.5825
2011-09-26,26.5936
2011-09-27,26.6041
2011-09-28,26.6338
2011-09-29,26.6443
2011-09-30,26.6515
2011-10-01,26.6591
2011-10-02,26.6857
2011-10-03,26.655
2011-10-04,26.6768
2011-10-05,26.6346
2011-10-06,26.6362
2011-10-07,26.6685
2011-10-08,26.6776
2011-10-09,26.6741
2011-10-10,26.6677
2011-10-11,26.6699
2011-10-12,26.6869
2011-10-13,26.7002
2011-10-14,26.7059
2011-10-15,26.7058
2011-10-16,26.701
2011-10-17,26.6871
2011-10-18,26.7177
2011-10-19,26.712
2011-10-20,26.693
2011-10-21,26.6863
2011-10-22,26.7117
2011-10-23,26.759
2011-10-24,26.8057
2011-10-25,26.8161
2011-10-26,26.821
2011-10-27,26.8432
2011-10-28,26.8699
2011-10-29,26.8712
2011-10-30,26.8983
2011-10-31,26.8963
2011-11-01,26.9216
2011-11-02,26.9538
2011-11-03,26.9754
2011-11-04,26.9882
2011-11-05,26.9925
2011-11-06,26.9974
2011-11-07,26.9844
2011-11-08,26.9846
2011-11-09,27.0445
2011-11-10,27.1335
2011-11-11,27.1465
2011-11-12,27.1594
2011-11-13,27.1603
2011-11-14,27.163
2011-11-15,27.1769
2011-11-16,27.162
2011-11-17,27.3549
2011-11-18,27.8156
2011-11-19,28.3758
2011-11-20,28.8786
2011-11-21,29.031
2011-11-22,29.2756
2011-11-23,29.6442
2011-11-24,29.8143
2011-11-25,29.9898
2011-11-26,30.0903
2011-11-27,30.2618
2011-11-28,30.469
2011-11-29,30.9573
2011-11-30,31.4343
2011-12-01,32.2968
2011-12-02,32.4705
2011-12-03,33.1876
2011-12-04,33.6002
2011-12-05,33.8806
2011-12-06,34.2239
2011-12-07,35.112
2011-12-08,35.7863
2011-12-09,36.3319
2011-12-10,36.4932
2011-12-11,36.6002
2011-12-12,36.6615
2011-12-13,36.7189
2011-12-14,36.7073
2011-12-15,36.7137
2011-12-16,36.731
2011-12-17,36.7539
2011-12-18,36.7534
2011-12-19,36.7516
2011-12-20,36.7619
2011-12-21,36.7883
2011-12-22,36.8116
2011-12-23,36.8222
2011-12-24,36.8128
2011-12-25,36.8102
2011-12-26,36.7934
2011-12-27,36.8325
2011-12-28,36.8702
2011-12-29,36.8622
2011-12-30,36.8792
2011-12-31,36.8725
2012-01-01,36.8637
2012-01-02,36.8641
2012-01-03,36.8556
2012-01-04,36.8434
2012-01-05,36.8568
2012-01-06,36.8991
2012-01-07,36.9295
2012-01-08,36.9201
2012-01-09,36.919
2012-01-10,36.9312
2012-01-11,36.9362
2012-01-12,36.9354
2012-01-13,36.9413
2012-01-14,36.939
2012-01-15,36.9369
2012-01-16,36.9313
2012-01-17,36.9362
2012-01-18,36.9494
2012-01-19,36.9505
2012-01-20,36.9577
2012-01-21,36.9622
2012-01-22,36.9538
2012-01-23,36.9489
2012-01-24,36.9353
2012-01-25,36.9414
2012-01-26,36.9548
2012-01-27,36.9118
2012-01-28,36.848
2012-01-29,36.8418
2012-01-30,36.8366
2012-01-31,36.7843
2012-02-01,36.7743
2012-02-02,36.7796
2012-02-03,36.7745
2012-02-04,36.7784
2012-02-05,36.7797
2012-02-06,36.779
2012-02-07,36.7783
2012-02-08,36.7664
2012-02-09,36.7632
2012-02-10,36.7471
2012-02-11,36.7293
2012-02-12,36.7205
2012-02-13,36.7072
2012-02-14,36.7263
2012-02-15,36.836
2012-02-16,36.9671
2012-02-17,37.1057
2012-02-18,37.1762
2012-02-19,37.2062
2012-02-20,37.1939
2012-02-21,37.1924
2012-02-22,37.1821
2012-02-23,37.1981
2012-02-24,37.2031
2012-02-25,37.2095
2012-02-26,37.2001
2012-02-27,37.1876
2012-02-28,37.1761
2012-02-29,37.1694
2012-03-01,37.0471
2012-03-02,36.8036
2012-03-03,36.8094
2012-03-04,36.8116
2012-03-05,36.8349
2012-03-06,36.8256
2012-03-07,36.8145
2012-03-08,36.8019
2012-03-09,36.8014
2012-03-10,36.7861
2012-03-11,36.7761
2012-03-12,36.7763
2012-03-13,36.787
2012-03-14,36.7899
2012-03-15,36.8206
2012-03-16,36.8298
2012-03-17,36.8359
2012-03-18,36.8345
2012-03-19,36.8286
2012-03-20,36.8362
2012-03-21,36.8377
2012-03-22,36.8394
2012-03-23,36.8789
2012-03-24,36.9128
2012-03-25,36.933
2012-03-26,36.9115
2012-03-27,36.9239
2012-03-28,36.9415
2012-03-29,36.9733
2012-03-30,37.0738
2012-03-31,37.1348
2012-04-01,37.1906
2012-04-02,37.2194
2012-04-03,37.2664
2012-04-04,37.3138
2012-04-05,37.3589
2012-04-06,37.4366
2012-04-07,37.4561
2012-04-08,37.4598
2012-04-09,37.5521
2012-04-10,37.7043
2012-04-11,37.7498
2012-04-12,37.8943
2012-04-13,37.9699
2012-04-14,38.024
2012-04-15,38.0922
2012-04-16,38.1827
2012-04-17,38.1806
2012-04-18,38.2658
2012-04-19,38.052
2012-04-20,37.5525
2012-04-21,37.7977
2012-04-22,37.8931
2012-04-23,37.9394
2012-04-24,37.9923
2012-04-25,38.0324
2012-04-26,38.099
2012-04-27,38.2486
2012-04-28,38.3666
2012-04-29,38.346
2012-04-30,38.3732
2012-05-01,38.4355
2012-05-02,38.5084
2012-05-03,38.5734
2012-05-04,38.6465
2012-05-05,38.7218
2012-05-06,38.786
2012-05-07,38.7952
2012-05-08,38.9571
2012-05-09,39.3334
2012-05-10,39.4921
2012-05-11,39.5866
2012-05-12,39.7142
2012-05-13,39.9917
2012-05-14,39.8963
2012-05-15,40.0887
2012-05-16,40.491
2012-05-17,40.7882
2012-05-18,41.1231
2012-05-19,41.263
2012-05-20,41.3348
2012-05-21,41.4596
2012-05-22,41.7773
2012-05-23,42.1245
2012-05-24,42.2446
2012-05-25,42.2981
2012-05-26,42.5264
2012-05-27,42.9251
2012-05-28,43.0959
2012-05-29,43.2783
2012-05-30,43.5536
2012-05-31,43.7792
2012-06-01,44.2309
2012-06-02,44.4584
2012-06-03,44.5759
2012-06-04,44.6882
2012-06-05,45.117
2012-06-06,45.4477
2012-06-07,45.6219
2012-06-08,46.0426
2012-06-09,46.4991
2012-06-10,46.5063
2012-06-11,46.687
2012-06-12,46.7631
2012-06-13,46.8733
2012-06-14,46.9187
2012-06-15,46.9156
2012-06-16,46.3339
2012-06-17,46.5428
2012-06-18,46.5259
2012-06-19,46.2508
2012-06-20,46.3107
2012-06-21,46.0915
2012-06-22,46.024
2012-06-23,46.0619
2012-06-24,45.8377
2012-06-25,44.8368
2012-06-26,44.5766
2012-06-27,44.5006
2012-06-28,43.9177
2012-06-29,44.0135
2012-06-30,44.0853
2012-07-01,44.0689
2012-07-02,44.0913
2012-07-03,44.124
2012-07-04,44.1013
2012-07-05,44.2584
2012-07-06,44.3768
2012-07-07,44.4409
2012-07-08,44.8045
2012-07-09,44.6341
2012-07-10,44.5669
2012-07-11,44.6528
2012-07-12,44.6264
2012-07-13,44.5893
2012-07-14,44.6155
2012-07-15,44.7657
2012-07-16,44.7464
2012-07-17,44.879
2012-07-18,44.7501
2012-07-19,44.591
2012-07-20,44.6323
2012-07-21,44.6355
2012-07-22,44.687
2012-07-23,44.7679
2012-07-24,44.9039
2012-07-25,44.8984
2012-07-26,44.8377
2012-07-27,44.919
2012-07-28,44.7324
2012-07-29,44.8093
2012-07-30,44.8541
2012-07-31,44.8521
2012-08-01,45.0871
2012-08-02,45.244
2012-08-03,45.3425
2012-08-04,45.417
2012-08-05,45.4777
2012-08-06,45.6098
2012-08-07,45.7483
2012-08-08,45.7827
2012-08-09,45.6885
2012-08-10,45.6681
2012-08-11,45.7571
2012-08-12,45.8475
2012-08-13,45.9293
2012-08-14,46.0469
2012-08-15,46.1402
2012-08-16,46.2396
2012-08-17,46.3892
2012-08-18,46.6016
2012-08-19,46.7336
2012-08-20,47.2842
2012-08-21,48.1999
2012-08-22,48.7229
2012-08-23,49.4071
2012-08-24,50.132
2012-08-25,51.1251
2012-08-26,51.5011
2012-08-27,51.5204
2012-08-28,52.1522
2012-08-29,52.8805
2012-08-30,54.1865
2012-08-31,55.2814
2012-09-01,56.2138
2012-09-02,56.9904
2012-09-03,57.4651
2012-09-04,57.6386
2012-09-05,57.9973
2012-09-06,58.5629
2012-09-07,60.752
2012-09-08,62.4561
2012-09-09,63.1299
2012-09-10,63.4305
2012-09-11,65.3991
2012-09-12,67.144
2012-09-13,68.198
2012-09-14,70.3677
2012-09-15,72.0683
2012-09-16,72.6868
2012-09-17,73.9442
2012-09-18,75.1994
2012-09-19,76.4105
2012-09-20,79.4677
2012-09-21,80.9627
2012-09-22,83.4372
2012-09-23,84.8201
2012-09-24,85.4755
2012-09-25,86.1744
2012-09-26,86.2755
2012-09-27,86.3363
2012-09-28,86.3642
2012-09-29,86.5244
2012-09-30,86.5592
2012-10-01,86.588
2012-10-02,86.6635
2012-10-03,86.7539
2012-10-04,86.7849
2012-10-05,86.8136
2012-10-06,86.9599
2012-10-07,87.0476
2012-10-08,87.1425
2012-10-09,87.2077
2012-10-10,87.2464
2012-10-11,87.2355
2012-10-12,87.2682
2012-10-13,87.4418
2012-10-14,87.6019
2012-10-15,87.6517
2012-10-16,87.6789
2012-10-17,87.7928
2012-10-18,88.0518
2012-10-19,88.2815
2012-10-20,88.4432
2012-10-21,88.5783
2012-10-22,88.6786
2012-10-23,88.7799
2012-10-24,88.9436
2012-10-25,89.0246
2012-10-26,89.0498
2012-10-27,89.0302
2012-10-28,89.0842
2012-10-29,89.0577
2012-10-30,89.0725
2012-10-31,89.3796
2012-11-01,89.6357
2012-11-02,89.7812
2012-11-03,89.7677
2012-11-04,89.8548
2012-11-05,89.9895
2012-11-06,90.1068
2012-11-07,90.2163
2012-11-08,90.2041
2012-11-09,90.1704
2012-11-10,90.1524
2012-11-11,90.1008
2012-11-12,90.0549
2012-11-13,90.0198
2012-11-14,90.0085
2012-11-15,90.0587
2012-11-16,90.0469
2012-11-17,89.9865
2012-11-18,89.7203
2012-11-19,89.4693
2012-11-20,89.3842
2012-11-21,89.266
2012-11-22,88.9893
2012-11-23,88.9248
2012-11-24,88.8147
2012-11-25,88.7569
2012-11-26,88.6207
2012-11-27,88.4928
2012-11-28,88.1829
2012-11-29,87.9275
2012-11-30,87.3374
2012-12-01,87.2214
2012-12-02,86.6869
2012-12-03,86.425
2012-12-04,86.3245
2012-12-05,86.2603
2012-12-06,85.8146
2012-12-07,85.5563
2012-12-08,85.2826
2012-12-09,85.1983
2012-12-10,85.1958
2012-12-11,85.1988
2012-12-12,85.2518
2012-12-13,85.528
2012-12-14,85.8308
2012-12-15,86.0349
2012-12-16,86.1207
2012-12-17,86.2431
2012-12-18,86.3513
2012-12-19,86.4999
2012-12-20,86.5322
2012-12-21,86.5464
2012-12-22,86.632
2012-12-23,86.7035
2012-12-24,86.7351
2012-12-25,86.7765
2012-12-26,86.7422
2012-12-27,86.7092
2012-12-28,86.7301
2012-12-29,86.7461
2012-12-30,86.7853
2012-12-31,86.795
2013-01-01,86.8669
2013-01-02,86.9581
2013-01-03,87.0692
2013-01-04,87.1668
2013-01-05,87.2889
2013-01-06,87.3981
2013-01-07,87.4435
2013-01-08,87.5332
2013-01-09,87.6633
2013-01-10,87.7474
2013-01-11,87.8172
2013-01-12,87.8742
2013-01-13,87.9009
2013-01-14,87.9281
2013-01-15,87.9785
2013-01-16,88.1244
2013-01-17,88.243
2013-01-18,88.3607
2013-01-19,88.4516
2013-01-20,88.5342
2013-01-21,88.5865
2013-01-22,88.6459
2013-01-23,88.7242
2013-01-24,88.8862
2013-01-25,88.9671
2013-01-26,89.0443
2013-01-27,89.1048
2013-01-28,89.186
2013-01-29,89.2868
2013-01-30,89.4507
2013-01-31,89.631
2013-02-01,89.7026
2013-02-02,89.8001
2013-02-03,89.862
2013-02-04,89.9142
2013-02-05,90.0441
2013-02-06,90.1616
2013-02-07,90.2721
2013-02-08,90.3783
2013-02-09,90.5285
2013-02-10,90.6316
2013-02-11,90.6805
2013-02-12,90.7397
2013-02-13,90.7845
2013-02-14,90.737
2013-02-15,90.7157
2013-02-16,90.6534
2013-02-17,90.644
2013-02-18,90.6488
2013-02-19,90.6898
2013-02-20,90.75
2013-02-21,90.7878
2013-02-22,90.7813
2013-02-23,90.821
2013-02-24,90.8493
2013-02-25,90.9422
2013-02-26,91.0408
2013-02-27,91.1161
2013-02-28,91.1839
2013-03-01,91.2585
2013-03-02,91.3196
2013-03-03,91.3668
2013-03-04,91.3735
2013-03-05,91.3778
2013-03-06,91.4867
2013-03-07,91.6412
2013-03-08,91.7208
2013-03-09,91.7502
2013-03-10,91.7524
2013-03-11,91.7913
2013-03-12,91.8125
2013-03-13,91.8618
2013-03-14,91.9221
2013-03-15,91.9355
2013-03-16,92.3537
2013-03-17,92.4753
2013-03-18,92.4725
2013-03-19,92.7442
2013-03-20,92.8465
2013-03-21,92.9238
2013-03-22,93.0244
2013-03-23,93.0269
2013-03-24,93.0413
2013-03-25,93.0178
2013-03-26,93.09
2013-03-27,93.219
2013-03-28,93.3503
2013-03-29,93.4152
2013-03-30,93.396
2013-03-31,93.4387
2013-04-01,93.4644
2013-04-02,93.5015
2013-04-03,93.6299
2013-04-04,93.7377
2013-04-05,93.8448
2013-04-06,93.9012
2013-04-07,93.9392
2013-04-08,93.9655
2013-04-09,93.9613
2013-04-10,93.9728
2013-04-11,94.1155
2013-04-12,94.143
2013-04-13,94.1672
2013-04-14,94.1703
2013-04-15,94.1254
2013-04-16,94.0657
2013-04-17,94.0436
2013-04-18,94.0664
2013-04-19,94.4736
2013-04-20,94.5446
2013-04-21,94.3485
2013-04-22,94.2844
2013-04-23,94.3235
2013-04-24,94.3574
2013-04-25,94.4561
2013-04-26,94.4702
2013-04-27,94.3744
2013-04-28,94.2797
2013-04-29,94.2179
2013-04-30,94.2632
2013-05-01,94.2249
2013-05-02,94.2156
2013-05-03,94.171
2013-05-04,94.1029
2013-05-05,94.012
2013-05-06,93.9272
2013-05-07,93.913
2013-05-08,93.7578
2013-05-09,93.4499
2013-05-10,93.2707
2013-05-11,93.2004
2013-05-12,93.0766
2013-05-13,92.8031
2013-05-14,92.7578
2013-05-15,92.5853
2013-05-16,92.2523
2013-05-17,92.0057
2013-05-18,91.7414
2013-05-19,91.6197
2013-05-20,91.5072
2013-05-21,91.3451
2013-05-22,91.0158
2013-05-23,90.7057
2013-05-24,90.5798
2013-05-25,90.5108
2013-05-26,90.298
2013-05-27,89.9017
2013-05-28,89.7377
2013-05-29,89.5712
2013-05-30,89.3345
2013-05-31,89.12
2013-06-01,88.7269
2013-06-02,88.4802
2013-06-03,88.2982
2013-06-04,88.1626
2013-06-05,87.7491
2013-06-06,87.4004
2013-06-07,87.2129
2013-06-08,86.8006
2013-06-09,86.3302
2013-06-10,86.2364
2013-06-11,85.9324
2013-06-12,85.6963
2013-06-13,85.4747
2013-06-14,85.2889
2013-06-15,84.8879
2013-06-16,84.5849
2013-06-17,84.254
2013-06-18,84.1467
2013-06-19,83.9629
2013-06-20,83.7934
2013-06-21,83.6856
2013-06-22,83.6267
2013-06-23,83.4301
2013-06-24,83.1573
2013-06-25,83.0229
2013-06-26,82.8902
2013-06-27,82.7695
2013-06-28,82.6011
2013-06-29,82.3252
2013-06-30,82.1193
2013-07-01,82.0171
2013-07-02,81.9419
2013-07-03,81.877
2013-07-04,81.7829
2013-07-05,81.6334
2013-07-06,81.5184
2013-07-07,81.4223
2013-07-08,81.0863
2013-07-09,81.0537
2013-07-10,80.9319
2013-07-11,80.8067
2013-07-12,80.7691
2013-07-13,80.7092
2013-07-14,80.5348
2013-07-15,80.3432
2013-07-16,80.2561
2013-07-17,80.1252
2013-07-18,79.9699
2013-07-19,79.8912
2013-07-20,79.824
2013-07-21,79.6862
2013-07-22,79.4885
2013-07-23,79.3847
2013-07-24,79.2638
2013-07-25,79.1626
2013-07-26,79.1255
2013-07-27,78.9543
2013-07-28,78.781
2013-07-29,78.658
2013-07-30,78.5943
2013-07-31,78.5647
2013-08-01,78.3389
2013-08-02,78.2144
2013-08-03,78.1103
2013-08-04,78.0171
2013-08-05,77.9078
2013-08-06,77.7756
2013-08-07,77.6362
2013-08-08,77.5069
2013-08-09,77.3807
2013-08-10,77.2887
2013-08-11,77.1491
2013-08-12,77.0116
2013-08-13,76.9132
2013-08-14,76.836
2013-08-15,76.7826
2013-08-16,76.6789
2013-08-17,76.5602
2013-08-18,76.3728
2013-08-19,76.2208
2013-08-20,75.7672
2013-08-21,74.9924
2013-08-22,74.5736
2013-08-23,73.9599
2013-08-24,73.3064
2013-08-25,72.4243
2013-08-26,72.0766
2013-08-27,71.8226
2013-08-28,71.2931
2013-08-29,70.6655
2013-08-30,69.7009
2013-08-31,68.757
2013-09-01,67.9498
2013-09-02,67.2704
2013-09-03,66.8513
2013-09-04,66.5665
2013-09-05,66.0814
2013-09-06,65.3335
2013-09-07,63.4282
2013-09-08,61.9373
2013-09-09,61.3054
2013-09-10,61.0469
2013-09-11,59.2772
2013-09-12,57.7487
2013-09-13,56.8145
2013-09-14,54.9382
2013-09-15,53.442
2013-09-16,52.8265
2013-09-17,51.7199
2013-09-18,50.6088
2013-09-19,49.5455
2013-09-20,46.9195
2013-09-21,45.6014
2013-09-22,43.4295
2013-09-23,42.1893
2013-09-24,41.6208
2013-09-25,41.0056
2013-09-26,40.8985
2013-09-27,40.8059
2013-09-28,40.736
2013-09-29,40.5437
2013-09-30,40.4597
2013-10-01,40.3975
2013-10-02,40.3335
2013-10-03,40.2516
2013-10-04,40.2051
2013-10-05,40.1492
2013-10-06,39.9475
2013-10-07,39.8034
2013-10-08,39.6991
2013-10-09,39.5973
2013-10-10,39.5482
2013-10-11,39.5226
2013-10-12,39.4692
2013-10-13,39.2818
2013-10-14,39.1004
2013-10-15,39.0427
2013-10-16,38.9936
2013-10-17,38.8636
2013-10-18,38.6205
2013-10-19,38.4004
2013-10-20,38.2535
2013-10-21,38.0748
2013-10-22,37.9491
2013-10-23,37.8399
2013-10-24,37.6949
2013-10-25,37.6029
2013-10-26,37.7032
2013-10-27,37.655
2013-10-28,37.5438
2013-10-29,37.5066
2013-10-30,37.5489
2013-10-31,37.2395
2013-11-01,36.9617
2013-11-02,36.7849
2013-11-03,36.7547
2013-11-04,36.6257
2013-11-05,36.495
2013-11-06,36.3948
2013-11-07,36.2917
2013-11-08,36.2383
2013-11-09,36.2086
2013-11-10,36.2
2013-11-11,36.2171
2013-11-12,36.2306
2013-11-13,36.267
2013-11-14,36.2901
2013-11-15,36.2435
2013-11-16,36.2363
2013-11-17,36.0248
2013-11-18,35.9059
2013-11-19,35.9084
2013-11-20,35.9645
2013-11-21,35.9565
2013-11-22,36.0594
2013-11-23,36.1163
2013-11-24,36.1341
2013-11-25,36.1551
2013-11-26,36.195
2013-11-27,36.4363
2013-11-28,36.5694
2013-11-29,36.6827
2013-11-30,36.7848
2013-12-01,36.8612
2013-12-02,36.9179
2013-12-03,36.9394
2013-12-04,36.8743
2013-12-05,36.7704
2013-12-06,36.6404
2013-12-07,36.4564
2013-12-08,36.4689
2013-12-09,36.4735
2013-12-10,36.4456
2013-12-11,36.4059
2013-12-12,36.3532
2013-12-13,36.123
2013-12-14,35.8629
2013-12-15,35.6648
2013-12-16,35.5542
2013-12-17,35.5606
2013-12-18,35.5271
2013-12-19,35.4865
2013-12-20,35.4841
2013-12-21,35.4735
2013-12-22,35.4064
2013-12-23,35.3602
2013-12-24,35.3316
2013-12-25,35.3169
2013-12-26,35.3167
2013-12-27,35.3021
2013-12-28,35.2724
2013-12-29,35.2231
2013-12-30,35.198
2013-12-31,35.1915
2014-01-01,35.101
2014-01-02,34.9998
2014-01-03,34.9056
2014-01-04,34.8169
2014-01-05,34.6721
2014-01-06,34.5645
2014-01-07,34.5416
2014-01-08,34.4686
2014-01-09,34.3448
2014-01-10,34.2519
2014-01-11,34.1662
2014-01-12,34.084
2014-01-13,34.0277
2014-01-14,33.9849
2014-01-15,33.939
2014-01-16,33.7931
2014-01-17,33.6644
2014-01-18,33.5379
2014-01-19,33.4217
2014-01-20,33.328
2014-01-21,33.2848
2014-01-22,33.2259
2014-01-23,33.1357
2014-01-24,32.9701
2014-01-25,32.886
2014-01-26,32.7871
2014-01-27,32.7004
2014-01-28,32.644
2014-01-29,32.5433
2014-01-30,32.3756
2014-01-31,32.1943
2014-02-01,32.0821
2014-02-02,31.9674
2014-02-03,31.8808
2014-02-04,31.8009
2014-02-05,31.6826
2014-02-06,31.5826
2014-02-07,31.4716
2014-02-08,31.3888
2014-02-09,31.2417
2014-02-10,31.1306
2014-02-11,31.0767
2014-02-12,31.0163
2014-02-13,30.9485
2014-02-14,30.8954
2014-02-15,30.8173
2014-02-16,30.7853
2014-02-17,30.7193
2014-02-18,30.6558
2014-02-19,30.5894
2014-02-20,30.4979
2014-02-21,30.4325
2014-02-22,30.3737
2014-02-23,30.2729
2014-02-24,30.197
2014-02-25,30.1066
2014-02-26,30.0333
2014-02-27,29.952
2014-02-28,29.8641
2014-03-01,29.779
2014-03-02,29.7012
2014-03-03,29.6223
2014-03-04,29.628
2014-03-05,29.6166
2014-03-06,29.5123
2014-03-07,29.3594
2014-03-08,29.4202
2014-03-09,29.4422
2014-03-10,29.4238
2014-03-11,29.4389
2014-03-12,29.4266
2014-03-13,29.3812
2014-03-14,29.314
2014-03-15,29.2583
2014-03-16,28.8636
2014-03-17,28.707
2014-03-18,28.6662
2014-03-19,28.5723
2014-03-20,28.4906
2014-03-21,28.3914
2014-03-22,28.2581
2014-03-23,28.1679
2014-03-24,28.0684
2014-03-25,28.0311
2014-03-26,27.9443
2014-03-27,27.793
2014-03-28,27.6641
2014-03-29,27.5741
2014-03-30,27.482
2014-03-31,27.3762
2014-04-01,27.3024
2014-04-02,27.2303
2014-04-03,27.0771
2014-04-04,26.9377
2014-04-05,26.7977
2014-04-06,26.6894
2014-04-07,26.6105
2014-04-08,26.5542
2014-04-09,26.4608
2014-04-10,26.323
2014-04-11,26.1622
2014-04-12,26.0271
2014-04-13,25.9114
2014-04-14,25.8329
2014-04-15,25.8038
2014-04-16,25.7668
2014-04-17,25.6829
2014-04-18,25.5986
2014-04-19,25.1881
2014-04-20,25.0749
2014-04-21,25.0137
2014-04-22,24.9843
2014-04-23,24.9171
2014-04-24,24.8358
2014-04-25,24.6898
2014-04-26,24.6006
2014-04-27,24.5236
2014-04-28,24.4801
2014-04-29,24.4698
2014-04-30,24.3561
2014-05-01,24.3108
2014-05-02,24.2307
2014-05-03,24.2063
2014-05-04,24.1803
2014-05-05,24.1687
2014-05-06,24.1601
2014-05-07,24.1374
2014-05-08,24.1198
2014-05-09,24.1542
2014-05-10,24.1878
2014-05-11,24.161
2014-05-12,24.1354
2014-05-13,24.1273
2014-05-14,24.0843
2014-05-15,24.0732
2014-05-16,24.0722
2014-05-17,24.0568
2014-05-18,24.0187
2014-05-19,23.9759
2014-05-20,23.9762
2014-05-21,24.0428
2014-05-22,24.039
2014-05-23,24.0339
2014-05-24,24.0695
2014-05-25,24.0752
2014-05-26,24.0742
2014-05-27,24.0951
2014-05-28,24.1108
2014-05-29,24.1151
2014-05-30,24.0981
2014-05-31,24.115
2014-06-01,24.1008
2014-06-02,24.1135
2014-06-03,24.1463
2014-06-04,24.1434
2014-06-05,24.1684
2014-06-06,24.1809
2014-06-07,24.1955
2014-06-08,24.1849
2014-06-09,24.205
2014-06-10,24.175
2014-06-11,24.1773
2014-06-12,24.1655
2014-06-13,24.1999
2014-06-14,24.2007
2014-06-15,24.1739
2014-06-16,24.1696
2014-06-17,24.175
2014-06-18,24.1594
2014-06-19,24.145
2014-06-20,24.1481
2014-06-21,24.1234
2014-06-22,24.0979
2014-06-23,24.0972
2014-06-24,24.1132
2014-06-25,24.1219
2014-06-26,24.0976
2014-06-27,24.0798
2014-06-28,24.0653
2014-06-29,24.0304
2014-06-30,24.0121
2014-07-01,24.0282
2014-07-02,24.0239
2014-07-03,24.032
2014-07-04,24.008
2014-07-05,23.9652
2014-07-06,23.9078
2014-07-07,23.8764
2014-07-08,23.856
2014-07-09,23.8134
2014-07-10,23.7538
2014-07-11,23.6996
2014-07-12,23.6453
2014-07-13,23.5941
2014-07-14,23.5565
2014-07-15,23.5484
2014-07-16,23.5307
2014-07-17,23.4929
2014-07-18,23.4402
2014-07-19,23.3946
2014-07-20,23.3479
2014-07-21,23.3263
2014-07-22,23.3148
2014-07-23,23.2688
2014-07-24,23.2164
2014-07-25,23.182
2014-07-26,23.1498
2014-07-27,23.1076
2014-07-28,23.0864
2014-07-29,23.0675
2014-07-30,23.0449
2014-07-31,22.9895
2014-08-01,22.9491
2014-08-02,22.8918
2014-08-03,22.8439
2014-08-04,22.8199
2014-08-05,22.8055
2014-08-06,22.7852
2014-08-07,22.7542
2014-08-08,22.7173
2014-08-09,22.6823
2014-08-10,22.6538
2014-08-11,22.6364
2014-08-12,22.6369
2014-08-13,22.6226
2014-08-14,22.5675
2014-08-15,22.5182
2014-08-16,22.5068
2014-08-17,22.4679
2014-08-18,22.4249
2014-08-19,22.4315
2014-08-20,22.388
2014-08-21,22.3501
2014-08-22,22.3019
2014-08-23,22.4763
2014-08-24,22.4592
2014-08-25,22.4422
2014-08-26,22.4689
2014-08-27,22.5418
2014-08-28,22.5749
2014-08-29,22.5606
2014-08-30,22.4009
2014-08-31,22.375
2014-09-01,22.3425
2014-09-02,22.3266
2014-09-03,22.3
2014-09-04,22.2594
2014-09-05,22.2193
2014-09-06,22.1859
2014-09-07,22.1433
2014-09-08,22.1209
2014-09-09,22.1237
2014-09-10,22.078
2014-09-11,22.06
2014-09-12,22.0245
2014-09-13,21.9972
2014-09-14,21.9657
2014-09-15,21.9453
2014-09-16,21.943
2014-09-17,21.9191
2014-09-18,21.8975
2014-09-19,21.884
2014-09-20,21.8674
2014-09-21,21.8632
2014-09-22,21.8816
2014-09-23,21.8781
2014-09-24,21.8586
2014-09-25,21.8469
2014-09-26,21.8274
2014-09-27,21.8096
2014-09-28,21.7908
2014-09-29,21.7815
2014-09-30,21.7882
2014-10-01,21.7688
2014-10-02,21.7339
2014-10-03,21.6849
2014-10-04,21.6633
2014-10-05,21.647
2014-10-06,21.6765
2014-10-07,21.7241
2014-10-08,21.7274
2014-10-09,21.737
2014-10-10,21.7351
2014-10-11,21.7464
2014-10-12,21.7241
2014-10-13,21.7018
2014-10-14,21.7005
2014-10-15,21.6943
2014-10-16,21.7063
2014-10-17,21.7045
2014-10-18,21.7002
2014-10-19,21.6706
2014-10-20,21.6229
2014-10-21,21.6281
2014-10-22,21.5861
2014-10-23,21.5538
2014-10-24,21.5475
2014-10-25,21.5252
2014-10-26,21.3693
2014-10-27,21.3794
2014-10-28,21.4153
2014-10-29,21.4252
2014-10-30,21.3523
2014-10-31,21.3441
2014-11-01,21.3832
2014-11-02,21.3866
2014-11-03,21.3682
2014-11-04,21.398
2014-11-05,21.404
2014-11-06,21.3861
2014-11-07,21.3687
2014-11-08,21.3323
2014-11-09,21.2899
2014-11-10,21.2592
2014-11-11,21.2658
2014-11-12,21.2557
2014-11-13,21.2561
2014-11-14,21.2722
2014-11-15,21.2526
2014-11-16,21.1133
2014-11-17,21.0542
2014-11-18,21.0241
2014-11-19,20.9205
2014-11-20,20.8307
2014-11-21,20.7765
2014-11-22,20.7021
2014-11-23,20.5797
2014-11-24,20.5087
2014-11-25,20.4518
2014-11-26,20.4084
2014-11-27,20.1712
2014-11-28,20.0046
2014-11-29,19.8461
2014-11-30,19.7224
2014-12-01,19.6548
2014-12-02,19.6364
2014-12-03,19.6258
2014-12-04,19.624
2014-12-05,19.5938
2014-12-06,19.5611
2014-12-07,19.5162
2014-12-08,19.4016
2014-12-09,19.4278
2014-12-10,19.4186
2014-12-11,19.4481
2014-12-12,19.4213
2014-12-13,19.4212
2014-12-14,19.3994
2014-12-15,19.3958
2014-12-16,19.4222
2014-12-17,19.3343
2014-12-18,19.2983
2014-12-19,19.2311
2014-12-20,19.1911
2014-12-21,19.1676
2014-12-22,19.1644
2014-12-23,19.164
2014-12-24,19.2009
2014-12-25,19.1772
2014-12-26,19.1801
2014-12-27,19.1818
2014-12-28,19.1781
2014-12-29,19.1807
2014-12-30,19.1722
2014-12-31,19.1865
2015-01-01,19.2134
2015-01-02,19.2044
2015-01-03,19.1989
2015-01-04,19.1947
2015-01-05,19.2191
2015-01-06,19.2301
2015-01-07,19.2385
2015-01-08,19.2584
2015-01-09,19.2988
2015-01-10,19.342
2015-01-11,19.3668
2015-01-12,19.4196
2015-01-13,19.4605
2015-01-14,19.5457
2015-01-15,19.6655
2015-01-16,19.8004
2015-01-17,19.895
2015-01-18,19.938
2015-01-19,19.9786
2015-01-20,20.0057
2015-01-21,20.0489
2015-01-22,20.0997
2015-01-23,20.1477
2015-01-24,20.182
2015-01-25,20.2073
2015-01-26,20.2387
2015-01-27,20.3596
2015-01-28,20.3704
2015-01-29,20.3873
2015-01-30,20.4181
2015-01-31,20.4389
2015-02-01,20.4615
2015-02-02,20.4751
2015-02-03,20.5092
2015-02-04,20.5621
2015-02-05,20.5857
2015-02-06,20.6082
2015-02-07,20.6257
2015-02-08,20.6012
2015-02-09,20.6028
2015-02-10,20.6246
2015-02-11,20.6213
2015-02-12,20.6295
2015-02-13,20.6349
2015-02-14,20.6564
2015-02-15,20.6516
2015-02-16,20.6282
2015-02-17,20.6292
2015-02-18,20.6458
2015-02-19,20.6645
2015-02-20,20.6751
2015-02-21,20.687
2015-02-22,20.6887
2015-02-23,20.6885
2015-02-24,20.7163
2015-02-25,20.7061
2015-02-26,20.6812
2015-02-27,20.7101
2015-02-28,20.7694
2015-03-01,20.7655
2015-03-02,20.797
2015-03-03,20.8891
2015-03-04,20.8834
2015-03-05,20.8714
2015-03-06,20.8929
2015-03-07,20.9021
2015-03-08,20.8021
2015-03-09,20.8428
2015-03-10,20.8549
2015-03-11,20.8178
2015-03-12,20.8058
2015-03-13,20.8003
2015-03-14,20.8059
2015-03-15,20.8163
2015-03-16,20.8098
2015-03-17,20.8451
2015-03-18,20.857
2015-03-19,20.7693
2015-03-20,20.7654
2015-03-21,20.7685
2015-03-22,20.7693
2015-03-23,20.7697
2015-03-24,20.8021
2015-03-25,20.8177
2015-03-26,20.849
2015-03-27,20.8785
2015-03-28,20.8839
2015-03-29,20.8676
2015-03-30,20.874
2015-03-31,20.8866
2015-04-01,20.8877
2015-04-02,20.9115
2015-04-03,20.9075
2015-04-04,20.8999
2015-04-05,20.8777
2015-04-06,20.8544
2015-04-07,20.87
2015-04-08,20.8898
2015-04-09,20.9174
2015-04-10,20.9329
2015-04-11,20.9369
2015-04-12,20.9228
2015-04-13,20.924
2015-04-14,20.9572
2015-04-15,20.9766
2015-04-16,20.9809
2015-04-17,21.0023
2015-04-18,21.0192
2015-04-19,21.0144
2015-04-20,21.0532
2015-04-21,21.1076
2015-04-22,21.1391
2015-04-23,21.1636
2015-04-24,21.1935
2015-04-25,21.2448
2015-04-26,21.2668
2015-04-27,21.3183
2015-04-28,21.384
2015-04-29,21.4313
2015-04-30,21.4771
2015-05-01,21.5209
2015-05-02,21.5734
2015-05-03,21.5763
2015-05-04,21.5893
2015-05-05,21.6417
2015-05-06,21.6796
2015-05-07,21.7088
2015-05-08,21.7345
2015-05-09,21.7093
2015-05-10,21.6816
2015-05-11,21.6965
2015-05-12,21.7409
2015-05-13,21.7707
2015-05-14,21.7973
2015-05-15,21.8138
2015-05-16,21.8156
2015-05-17,21.8187
2015-05-18,21.8228
2015-05-19,21.8632
2015-05-20,21.9092
2015-05-21,21.8717
2015-05-22,21.8808
2015-05-23,21.9147
2015-05-24,21.8869
2015-05-25,21.8671
2015-05-26,21.8714
2015-05-27,21.8858
2015-05-28,21.8929
2015-05-29,21.8965
2015-05-30,21.9227
2015-05-31,21.9154
2015-06-01,21.9351
2015-06-02,21.986
2015-06-03,22.0105
2015-06-04,22.0423
2015-06-05,22.0468
2015-06-06,22.0756
2015-06-07,22.0733
2015-06-08,22.0909
2015-06-09,22.1147
2015-06-10,22.1717
2015-06-11,22.2126
2015-06-12,22.2586
2015-06-13,22.2704
2015-06-14,22.2877
2015-06-15,22.343
2015-06-16,22.4078
2015-06-17,22.4846
2015-06-18,22.5763
2015-06-19,22.6363
2015-06-20,22.7098
2015-06-21,22.7418
2015-06-22,22.7735
2015-06-23,22.8078
2015-06-24,22.8386
2015-06-25,22.8538
2015-06-26,22.8796
2015-06-27,22.9437
2015-06-28,22.9921
2015-06-29,23.0209
2015-06-30,23.083
2015-07-01,23.1446
2015-07-02,23.1683
2015-07-03,23.1916
2015-07-04,23.2327
2015-07-05,23.2622
2015-07-06,23.3078
2015-07-07,23.3807
2015-07-08,23.4305
2015-07-09,23.4864
2015-07-10,23.5436
2015-07-11,23.6269
2015-07-12,23.6798
2015-07-13,23.7288
2015-07-14,23.7875
2015-07-15,23.8391
2015-07-16,23.8792
2015-07-17,23.9314
2015-07-18,23.9731
2015-07-19,23.994
2015-07-20,24.0205
2015-07-21,24.0638
2015-07-22,24.1026
2015-07-23,24.1433
2015-07-24,24.1884
2015-07-25,24.2283
2015-07-26,24.2413
2015-07-27,24.2557
2015-07-28,24.3022
2015-07-29,24.3488
2015-07-30,24.3833
2015-07-31,24.4229
2015-08-01,24.4574
2015-08-02,24.4752
2015-08-03,24.4853
2015-08-04,24.5242
2015-08-05,24.5707
2015-08-06,24.6076
2015-08-07,24.6499
2015-08-08,24.6959
2015-08-09,24.7531
2015-08-10,24.8086
2015-08-11,24.8589
2015-08-12,24.8968
2015-08-13,24.9343
2015-08-14,24.9824
2015-08-15,25.0171
2015-08-16,25.0323
2015-08-17,25.0563
2015-08-18,25.1283
2015-08-19,25.1847
2015-08-20,25.2371
2015-08-21,25.3029
2015-08-22,25.3422
2015-08-23,25.2057
2015-08-24,25.2235
2015-08-25,25.3309
2015-08-26,25.4018
2015-08-27,25.3856
2015-08-28,25.3822
2015-08-29,25.4412
2015-08-30,25.4599
2015-08-31,25.4666
2015-09-01,25.512
2015-09-02,25.5583
2015-09-03,25.6091
2015-09-04,25.6528
2015-09-05,25.6919
2015-09-06,25.7153
2015-09-07,25.7551
2015-09-08,25.7938
2015-09-09,25.8524
2015-09-10,25.8981
2015-09-11,25.9516
2015-09-12,25.9976
2015-09-13,26.0157
2015-09-14,26.0452
2015-09-15,26.1009
2015-09-16,26.1524
2015-09-17,26.2162
2015-09-18,26.2656
2015-09-19,26.3013
2015-09-20,26.321
2015-09-21,26.3272
2015-09-22,26.3778
2015-09-23,26.4368
2015-09-24,26.4611
2015-09-25,26.479
2015-09-26,26.5187
2015-09-27,26.5432
2015-09-28,26.5539
2015-09-29,26.6158
2015-09-30,26.6763
2015-10-01,26.7225
2015-10-02,26.7897
2015-10-03,26.8489
2015-10-04,26.8586
2015-10-05,26.8668
2015-10-06,26.8922
2015-10-07,26.927
2015-10-08,26.9657
2015-10-09,27.0316
2015-10-10,27.0483
2015-10-11,27.0543
2015-10-12,27.0754
2015-10-13,27.1327
2015-10-14,27.1899
2015-10-15,27.2382
2015-10-16,27.2826
2015-10-17,27.3305
2015-10-18,27.3694
2015-10-19,27.3917
2015-10-20,27.4546
2015-10-21,27.5001
2015-10-22,27.5469
2015-10-23,27.5914
2015-10-24,27.6068
2015-10-25,27.6395
2015-10-26,27.6743
2015-10-27,27.7123
2015-10-28,27.7562
2015-10-29,27.8295
2015-10-30,27.9282
2015-10-31,28.0433
2015-11-01,28.0764
2015-11-02,28.1345
2015-11-03,28.2706
2015-11-04,28.6574
2015-11-05,29.1044
2015-11-06,29.2802
2015-11-07,29.4101
2015-11-08,29.4982
2015-11-09,29.5872
2015-11-10,29.747
2015-11-11,29.8739
2015-11-12,30.0526
2015-11-13,30.1695
2015-11-14,30.2446
2015-11-15,30.38
2015-11-16,30.4621
2015-11-17,30.5851
2015-11-18,30.6543
2015-11-19,30.7039
2015-11-20,30.7634
2015-11-21,30.839
2015-11-22,30.8401
2015-11-23,30.8556
2015-11-24,30.8971
2015-11-25,30.9318
2015-11-26,30.9883
2015-11-27,31.0497
2015-11-28,31.1251
2015-11-29,31.1554
2015-11-30,31.1758
2015-12-01,31.268
2015-12-02,31.3368
2015-12-03,31.4184
2015-12-04,31.4712
2015-12-05,31.5674
2015-12-06,31.8408
2015-12-07,32.1301
2015-12-08,32.2824
2015-12-09,32.3674
2015-12-10,32.5437
2015-12-11,32.659
2015-12-12,32.8469
2015-12-13,33.0016
2015-12-14,33.293
2015-12-15,33.5641
2015-12-16,33.7891
2015-12-17,34.0097
2015-12-18,34.2027
2015-12-19,34.3898
2015-12-20,34.5775
2015-12-21,34.7877
2015-12-22,35.0697
2015-12-23,35.3116
2015-12-24,35.5118
2015-12-25,35.7725
2015-12-26,35.9584
2015-12-27,36.0783
2015-12-28,36.118
2015-12-29,36.2088
2015-12-30,36.2883
2015-12-31,36.3592
2016-01-01,36.3641
2016-01-02,36.3872
2016-01-03,36.3967
2016-01-04,36.3898
2016-01-05,36.378
2016-01-06,36.3858
2016-01-07,36.389
2016-01-08,36.3999
2016-01-09,36.375
2016-01-10,36.3405
2016-01-11,36.3409
2016-01-12,36.3703
2016-01-13,36.3775
2016-01-14,36.346
2016-01-15,36.2563
2016-01-16,36.1962
2016-01-17,36.1549
2016-01-18,36.7557
2016-01-19,37.3081
2016-01-20,37.8353
2016-01-21,37.9768
2016-01-22,38.2196
2016-01-23,38.6466
2016-01-24,40.5274
2016-01-25,44.8929
2016-01-26,45.9689
2016-01-27,46.509
2016-01-28,47.4105
2016-01-29,47.6591
2016-01-30,48.054
2016-01-31,48.2061
2016-02-01,48.2549
2016-02-02,48.5726
2016-02-03,48.7141
2016-02-04,48.7176
2016-02-05,48.7916
2016-02-06,48.921
2016-02-07,49.0577
2016-02-08,49.1987
2016-02-09,49.3186
2016-02-10,49.3921
2016-02-11,49.4943
2016-02-12,49.598
2016-02-13,49.7094
2016-02-14,49.7988
2016-02-15,49.9255
2016-02-16,50.1214
2016-02-17,50.3222
2016-02-18,50.5167
2016-02-19,50.7015
2016-02-20,50.9574
2016-02-21,51.1631
2016-02-22,51.3914
2016-02-23,51.6378
2016-02-24,51.8352
2016-02-25,52.0121
2016-02-26,52.1509
2016-02-27,52.2754
2016-02-28,52.3297
2016-02-29,52.8435
2016-03-01,53.3931
2016-03-02,53.9712
2016-03-03,54.2572
2016-03-04,54.4204
2016-03-05,54.8188
2016-03-06,56.0292
2016-03-07,56.0708
2016-03-08,56.1051
2016-03-09,56.1619
2016-03-10,56.2079
2016-03-11,56.2973
2016-03-12,56.3706
2016-03-13,56.4153
2016-03-14,56.4568
2016-03-15,56.5589
2016-03-16,56.7159
2016-03-17,57.5092
2016-03-18,57.9033
2016-03-19,58.1603
2016-03-20,58.2376
2016-03-21,58.2943
2016-03-22,58.3821
2016-03-23,58.4556
2016-03-24,58.516
2016-03-25,58.5822
2016-03-26,58.6368
2016-03-27,58.6559
2016-03-28,58.7131
2016-03-29,58.7975
2016-03-30,58.8704
2016-03-31,58.9309
2016-04-01,58.9897
2016-04-02,59.0611
2016-04-03,59.115
2016-04-04,59.1712
2016-04-05,59.264
2016-04-06,59.3497
2016-04-07,59.4372
2016-04-08,59.5474
2016-04-09,59.6462
2016-04-10,59.7113
2016-04-11,59.7846
2016-04-12,59.9083
2016-04-13,60.0544
2016-04-14,60.1854
2016-04-15,60.3097
2016-04-16,60.4703
2016-04-17,60.5774
2016-04-18,60.6841
2016-04-19,60.8613
2016-04-20,61.0049
2016-04-21,61.1647
2016-04-22,61.3959
2016-04-23,61.6515
2016-04-24,61.7701
2016-04-25,61.8381
2016-04-26,61.9291
2016-04-27,62.007
2016-04-28,62.0759
2016-04-29,62.1476
2016-04-30,62.2183
2016-05-01,62.2459
2016-05-02,62.297
2016-05-03,62.387
2016-05-04,62.4358
2016-05-05,62.4906
2016-05-06,62.5376
2016-05-07,62.5951
2016-05-08,62.6235
2016-05-09,62.6497
2016-05-10,62.7065
2016-05-11,62.7604
2016-05-12,62.8412
2016-05-13,62.9001
2016-05-14,62.9802
2016-05-15,63.0283
2016-05-16,63.1012
2016-05-17,63.2151
2016-05-18,63.3199
2016-05-19,63.3695
2016-05-20,63.4478
2016-05-21,63.5095
2016-05-22,63.5081
2016-05-23,63.5275
2016-05-24,63.6032
2016-05-25,63.6866
2016-05-26,63.82
2016-05-27,63.9684
2016-05-28,64.1549
2016-05-29,64.3004
2016-05-30,64.4136
2016-05-31,64.4728
2016-06-01,64.526
2016-06-02,64.5704
2016-06-03,64.6172
2016-06-04,64.6459
2016-06-05,64.638
2016-06-06,64.6681
2016-06-07,64.7151
2016-06-08,64.7671
2016-06-09,64.7959
2016-06-10,64.8291
2016-06-11,64.8791
2016-06-12,64.9005
2016-06-13,65.003
2016-06-14,65.0717
2016-06-15,65.1118
2016-06-16,65.1269
2016-06-17,65.1712
2016-06-18,65.232
2016-06-19,65.249
2016-06-20,65.286
2016-06-21,65.3762
2016-06-22,65.4747
2016-06-23,65.5656
2016-06-24,65.6678
2016-06-25,65.7714
2016-06-26,65.7932
2016-06-27,65.812
2016-06-28,65.8844
2016-06-29,65.8999
2016-06-30,65.9075
2016-07-01,65.9391
2016-07-02,65.966
2016-07-03,66.0041
2016-07-04,66.0435
2016-07-05,66.1206
2016-07-06,66.1369
2016-07-07,66.1756
2016-07-08,66.259
2016-07-09,66.2994
2016-07-10,66.2922
2016-07-11,66.2989
2016-07-12,66.3536
2016-07-13,66.4043
2016-07-14,66.4582
2016-07-15,66.5072
2016-07-16,66.6192
2016-07-17,66.6638
2016-07-18,66.7275
2016-07-19,66.8126
2016-07-20,66.9031
2016-07-21,66.9816
2016-07-22,67.0494
2016-07-23,67.1235
2016-07-24,67.1561
2016-07-25,67.2181
2016-07-26,67.2935
2016-07-27,67.3681
2016-07-28,67.4394
2016-07-29,67.5204
2016-07-30,67.58
2016-07-31,67.6274
2016-08-01,67.6897
2016-08-02,67.7474
2016-08-03,67.8971
2016-08-04,67.9674
2016-08-05,68.0713
2016-08-06,68.1373
2016-08-07,68.153
2016-08-08,68.1766
2016-08-09,68.2135
2016-08-10,68.2727
2016-08-11,68.3273
2016-08-12,68.3746
2016-08-13,68.3937
2016-08-14,68.431
2016-08-15,68.4614
2016-08-16,68.5175
2016-08-17,68.5788
2016-08-18,68.576
2016-08-19,68.6203
2016-08-20,68.6599
2016-08-21,68.6966
2016-08-22,68.6891
2016-08-23,68.7371
2016-08-24,68.731
2016-08-25,68.724
2016-08-26,68.7503
2016-08-27,68.7806
2016-08-28,68.7579
2016-08-29,68.7707
2016-08-30,68.8245
2016-08-31,68.8458
2016-09-01,68.8595
2016-09-02,68.8724
2016-09-03,68.8893
2016-09-04,68.8952
2016-09-05,68.8955
2016-09-06,68.9418
2016-09-07,68.9644
2016-09-08,68.9669
2016-09-09,68.9814
2016-09-10,68.9958
2016-09-11,69.0052
2016-09-12,69.0403
2016-09-13,69.0844
2016-09-14,69.1186
2016-09-15,69.1451
2016-09-16,69.1441
2016-09-17,69.174
2016-09-18,69.1759
2016-09-19,69.2012
2016-09-20,69.2678
2016-09-21,69.3008
2016-09-22,69.314
2016-09-23,69.3755
2016-09-24,69.4308
2016-09-25,69.4589
2016-09-26,69.5012
2016-09-27,69.5891
2016-09-28,69.598
2016-09-29,69.642
2016-09-30,69.6572
2016-10-01,69.6933
2016-10-02,69.6841
2016-10-03,69.7033
2016-10-04,69.7657
2016-10-05,69.7937
2016-10-06,69.8135
2016-10-07,69.8539
2016-10-08,69.8726
2016-10-09,69.9294
2016-10-10,70.023
2016-10-11,70.1104
2016-10-12,70.1941
2016-10-13,70.2491
2016-10-14,70.2634
2016-10-15,70.2629
2016-10-16,70.3548
2016-10-17,70.4018
2016-10-18,70.4462
2016-10-19,70.5025
2016-10-20,70.5159
2016-10-21,70.5848
2016-10-22,70.6645
2016-10-23,70.6515
2016-10-24,70.6821
2016-10-25,70.8156
2016-10-26,70.9047
2016-10-27,70.9225
2016-10-28,71.0007
2016-10-29,70.9387
2016-10-30,70.8699
2016-10-31,70.8235
2016-11-01,70.8237
2016-11-02,70.7696
2016-11-03,70.6358
2016-11-04,70.5651
2016-11-05,70.6945
2016-11-06,70.8704
2016-11-07,71.0568
2016-11-08,71.2038
2016-11-09,71.2225
2016-11-10,71.1977
2016-11-11,71.0787
2016-11-12,70.9681
2016-11-13,70.8432
2016-11-14,70.7106
2016-11-15,70.6661
2016-11-16,70.6009
2016-11-17,70.5904
2016-11-18,70.5659
2016-11-19,70.5331
2016-11-20,70.4535
2016-11-21,70.4331
2016-11-22,70.4494
2016-11-23,70.4631
2016-11-24,70.4743
2016-11-25,70.4605
2016-11-26,70.4117
2016-11-27,70.3391
2016-11-28,70.2739
2016-11-29,70.2715
2016-11-30,70.1935
2016-12-01,70.1173
2016-12-02,70.0343
2016-12-03,70.0081
2016-12-04,69.9097
2016-12-05,69.6259
2016-12-06,69.4114
2016-12-07,69.3042
2016-12-08,69.2
2016-12-09,69.0369
2016-12-10,68.9232
2016-12-11,68.7523
2016-12-12,68.5955
2016-12-13,68.3719
2016-12-14,68.1584
2016-12-15,67.9811
2016-12-16,67.8243
2016-12-17,67.6771
2016-12-18,67.4963
2016-12-19,67.3393
2016-12-20,67.1973
2016-12-21,66.9802
2016-12-22,66.8508
2016-12-23,66.7208
2016-12-24,66.5807
2016-12-25,66.429
2016-12-26,66.3215
2016-12-27,66.3219
2016-12-28,66.3146
2016-12-29,66.3013
2016-12-30,66.2644
2016-12-31,66.3195
2017-01-01,66.3384
2017-01-02,66.333
2017-01-03,66.3655
2017-01-04,66.4173
2017-01-05,66.4747
2017-01-06,66.5715
2017-01-07,66.6549
2017-01-08,66.7081
2017-01-09,66.7485
2017-01-10,66.8033
2017-01-11,66.8254
2017-01-12,66.9862
2017-01-13,67.1041
2017-01-14,67.168
2017-01-15,67.1451
2017-01-16,67.1522
2017-01-17,66.6361
2017-01-18,66.1826
2017-01-19,65.7346
2017-01-20,65.6508
2017-01-21,65.4832
2017-01-22,65.0777
2017-01-23,63.3005
2017-01-24,59.2103
2017-01-25,58.2472
2017-01-26,57.7095
2017-01-27,56.9079
2017-01-28,56.7056
2017-01-29,56.3316
2017-01-30,56.1983
2017-01-31,56.1751
2017-02-01,55.922
2017-02-02,55.8324
2017-02-03,55.8463
2017-02-04,55.8327
2017-02-05,55.7434
2017-02-06,55.6492
2017-02-07,55.5618
2017-02-08,55.5183
2017-02-09,55.4949
2017-02-10,55.5311
2017-02-11,55.5231
2017-02-12,55.4412
2017-02-13,55.3323
2017-02-14,55.2463
2017-02-15,55.1189
2017-02-16,54.9769
2017-02-17,54.9151
2017-02-18,54.8204
2017-02-19,54.5967
2017-02-20,54.421
2017-02-21,54.2495
2017-02-22,54.0817
2017-02-23,53.9931
2017-02-24,53.9638
2017-02-25,53.8792
2017-02-26,53.7454
2017-02-27,53.6568
2017-02-28,53.2326
2017-03-01,52.7359
2017-03-02,52.2095
2017-03-03,52.0261
2017-03-04,52.0772
2017-03-05,51.7381
2017-03-06,50.6046
2017-03-07,50.5916
2017-03-08,50.5317
2017-03-09,50.5562
2017-03-10,50.7754
2017-03-11,50.7746
2017-03-12,50.7245
2017-03-13,50.6776
2017-03-14,50.7031
2017-03-15,50.7159
2017-03-16,50.6324
2017-03-17,50.0212
2017-03-18,49.7285
2017-03-19,49.5571
2017-03-20,49.8175
2017-03-21,49.8987
2017-03-22,50.1687
2017-03-23,50.3275
2017-03-24,50.3399
2017-03-25,50.4463
2017-03-26,50.5052
2017-03-27,50.511
2017-03-28,50.5499
2017-03-29,50.5521
2017-03-30,50.5228
2017-03-31,50.5294
2017-04-01,50.6076
2017-04-02,50.6697
2017-04-03,50.7816
2017-04-04,50.9467
2017-04-05,50.9579
2017-04-06,50.949
2017-04-07,50.9222
2017-04-08,51.1323
2017-04-09,51.5523
2017-04-10,51.4903
2017-04-11,51.4896
2017-04-12,51.4457
2017-04-13,51.3558
2017-04-14,51.2842
2017-04-15,51.2292
2017-04-16,51.0854
2017-04-17,51.0133
2017-04-18,50.9968
2017-04-19,50.8945
2017-04-20,50.799
2017-04-21,50.6856
2017-04-22,50.5022
2017-04-23,50.2773
2017-04-24,50.1662
2017-04-25,50.1481
2017-04-26,50.1732
2017-04-27,50.1467
2017-04-28,50.1452
2017-04-29,50.1309
2017-04-30,50.0958
2017-05-01,50.0821
2017-05-02,50.1205
2017-05-03,50.1176
2017-05-04,50.135
2017-05-05,50.1642
2017-05-06,50.2031
2017-05-07,50.2149
2017-05-08,50.2352
2017-05-09,50.3724
2017-05-10,50.4317
2017-05-11,50.5216
2017-05-12,50.5491
2017-05-13,50.591
2017-05-14,50.6153
2017-05-15,50.6486
2017-05-16,50.7031
2017-05-17,50.7107
2017-05-18,50.7808
2017-05-19,50.8362
2017-05-20,50.8539
2017-05-21,50.8895
2017-05-22,50.9298
2017-05-23,51.0376
2017-05-24,51.149
2017-05-25,51.2074
2017-05-26,51.2133
2017-05-27,51.1559
2017-05-28,51.0574
2017-05-29,51.0034
2017-05-30,50.9741
2017-05-31,51.0778
2017-06-01,51.1149
2017-06-02,51.1719
2017-06-03,51.196
2017-06-04,51.2719
2017-06-05,51.3921
2017-06-06,51.4728
2017-06-07,51.4965
2017-06-08,51.5167
2017-06-09,51.5388
2017-06-10,51.5661
2017-06-11,51.5691
2017-06-12,51.5861
2017-06-13,51.5835
2017-06-14,51.615
2017-06-15,51.6665
2017-06-16,51.703
2017-06-17,51.7387
2017-06-18,51.7078
2017-06-19,51.6986
2017-06-20,51.7592
2017-06-21,51.772
2017-06-22,51.8174
2017-06-23,51.8366
2017-06-24,51.8001
2017-06-25,51.7519
2017-06-26,51.7417
2017-06-27,51.8509
2017-06-28,51.8826
2017-06-29,51.9323
2017-06-30,51.9991
2017-07-01,52.0834
2017-07-02,52.0902
2017-07-03,52.0654
2017-07-04,52.1205
2017-07-05,52.0951
2017-07-06,52.1176
2017-07-07,52.1226
2017-07-08,52.0948
2017-07-09,52.1196
2017-07-10,52.1357
2017-07-11,52.2373
2017-07-12,52.2711
2017-07-13,52.2844
2017-07-14,52.2898
2017-07-15,52.3142
2017-07-16,52.2249
2017-07-17,52.2234
2017-07-18,52.2601
2017-07-19,52.2755
2017-07-20,52.267
2017-07-21,52.2599
2017-07-22,52.2553
2017-07-23,52.2075
2017-07-24,52.1879
2017-07-25,52.2145
2017-07-26,52.5474
2017-07-27,52.6168
2017-07-28,52.6121
2017-07-29,52.7163
2017-07-30,52.8441
2017-07-31,53.244
2017-08-01,53.2986
2017-08-02,53.3503
2017-08-03,53.3006
2017-08-04,53.277
2017-08-05,53.2295
2017-08-06,53.1965
2017-08-07,53.203
2017-08-08,53.2362
2017-08-09,53.2712
2017-08-10,53.2782
2017-08-11,53.313
2017-08-12,53.364
2017-08-13,53.3901
2017-08-14,53.3918
2017-08-15,53.458
2017-08-16,53.4893
2017-08-17,53.4976
2017-08-18,53.5352
2017-08-19,53.5489
2017-08-20,53.543
2017-08-21,53.5197
2017-08-22,53.5849
2017-08-23,53.5751
2017-08-24,53.5827
2017-08-25,53.5504
2017-08-26,53.5031
2017-08-27,53.4567
2017-08-28,53.4401
2017-08-29,53.461
2017-08-30,53.4665
2017-08-31,53.4533
2017-09-01,53.4461
2017-09-02,53.4391
2017-09-03,53.4329
2017-09-04,53.4332
2017-09-05,53.5047
2017-09-06,53.7806
2017-09-07,53.8347
2017-09-08,53.8653
2017-09-09,53.8868
2017-09-10,53.8876
2017-09-11,53.8895
2017-09-12,53.9556
2017-09-13,53.9913
2017-09-14,54.0346
2017-09-15,54.1142
2017-09-16,54.2199
2017-09-17,54.2344
2017-09-18,54.242
2017-09-19,54.2819
2017-09-20,54.2644
2017-09-21,54.241
2017-09-22,54.2388
2017-09-23,54.1983
2017-09-24,54.1375
2017-09-25,54.0856
2017-09-26,54.0865
2017-09-27,54.0663
2017-09-28,54.0903
2017-09-29,54.0667
2017-09-30,54.069
2017-10-01,54.0129
2017-10-02,54.0017
2017-10-03,54.0297
2017-10-04,54
2017-10-05,53.9639
2017-10-06,53.9261
2017-10-07,53.8686
2017-10-08,53.7776
2017-10-09,53.713
2017-10-10,53.685
2017-10-11,53.6472
2017-10-12,53.576
2017-10-13,53.5264
2017-10-14,53.5143
2017-10-15,53.4763
2017-10-16,53.3402
2017-10-17,53.3064
2017-10-18,53.3601
2017-10-19,53.3279
2017-10-20,53.3206
2017-10-21,53.2727
2017-10-22,53.1769
2017-10-23,53.1858
2017-10-24,53.2364
2017-10-25,53.16
2017-10-26,53.085
2017-10-27,53.0559
2017-10-28,52.9622
2017-10-29,52.9532
2017-10-30,52.9541
2017-10-31,52.9791
2017-11-01,52.9814
2017-11-02,52.9941
2017-11-03,52.829
2017-11-04,52.5928
2017-11-05,52.5981
2017-11-06,52.6033
2017-11-07,52.4382
2017-11-08,52.3856
2017-11-09,52.418
2017-11-10,52.3874
2017-11-11,52.4188
2017-11-12,52.434
2017-11-13,52.4996
2017-11-14,52.6924
2017-11-15,52.8243
2017-11-16,52.9156
2017-11-17,53.0203
2017-11-18,53.1474
2017-11-19,53.206
2017-11-20,53.4681
2017-11-21,53.6313
2017-11-22,53.7534
2017-11-23,53.8531
2017-11-24,53.9477
2017-11-25,53.9909
2017-11-26,54.0698
2017-11-27,54.1141
2017-11-28,54.195
2017-11-29,54.2724
2017-11-30,54.3756
2017-12-01,54.4477
2017-12-02,54.4866
2017-12-03,54.5011
2017-12-04,54.531
2017-12-05,54.6289
2017-12-06,54.6976
2017-12-07,54.8041
2017-12-08,54.9101
2017-12-09,54.9673
2017-12-10,55.0413
2017-12-11,55.0831
2017-12-12,55.1815
2017-12-13,55.2651
2017-12-14,55.3567
2017-12-15,55.4272
2017-12-16,55.4616
2017-12-17,55.4851
2017-12-18,55.5394
2017-12-19,55.6296
2017-12-20,55.6271
2017-12-21,55.64
2017-12-22,55.5716
2017-12-23,55.5321
2017-12-24,55.4733
2017-12-25,55.463
2017-12-26,55.5008
2017-12-27,55.533
2017-12-28,55.5348
2017-12-29,55.5276
2017-12-30,55.5509
2017-12-31,55.5475
2018-01-01,55.5592
2018-01-02,55.5878
2018-01-03,55.6395
2018-01-04,55.6779
2018-01-05,55.69
2018-01-06,55.6782
2018-01-07,55.6654
2018-01-08,55.6978
2018-01-09,55.7389
2018-01-10,55.7368
2018-01-11,55.7209
2018-01-12,55.5845
2018-01-13,55.476
2018-01-14,55.4101
2018-01-15,55.3887
2018-01-16,55.3699
2018-01-17,55.4122
2018-01-18,55.4128
2018-01-19,55.4178
2018-01-20,55.3742
2018-01-21,55.2938
2018-01-22,55.2664
2018-01-23,55.2841
2018-01-24,55.2756
2018-01-25,55.2403
2018-01-26,55.2011
2018-01-27,55.167
2018-01-28,55.1381
2018-01-29,55.2457
2018-01-30,55.2696
2018-01-31,55.316
2018-02-01,55.3208
2018-02-02,55.3129
2018-02-03,55.2811
2018-02-04,55.1849
2018-02-05,55.1103
2018-02-06,55.1049
2018-02-07,55.1124
2018-02-08,55.0525
2018-02-09,55.0039
2018-02-10,54.8713
2018-02-11,54.7975
2018-02-12,54.7893
2018-02-13,54.8264
2018-02-14,54.8097
2018-02-15,54.7772
2018-02-16,54.7514
2018-02-17,54.6269
2018-02-18,54.5627
2018-02-19,54.5791
2018-02-20,54.5992
2018-02-21,54.5725
2018-02-22,54.5416
2018-02-23,54.4619
2018-02-24,54.3259
2018-02-25,54.2522
2018-02-26,54.2093
2018-02-27,54.1837
2018-02-28,54.122
2018-03-01,54.0855
2018-03-02,54.0078
2018-03-03,53.8943
2018-03-04,53.6661
2018-03-05,53.5802
2018-03-06,53.5556
2018-03-07,53.4942
2018-03-08,53.4192
2018-03-09,53.3089
2018-03-10,53.0396
2018-03-11,52.9209
2018-03-12,52.861
2018-03-13,52.8483
2018-03-14,52.8078
2018-03-15,52.7075
2018-03-16,52.6782
2018-03-17,52.5375
2018-03-18,52.4896
2018-03-19,52.43
2018-03-20,52.1175
2018-03-21,51.9917
2018-03-22,51.658
2018-03-23,51.4262
2018-03-24,51.3373
2018-03-25,51.1348
2018-03-26,50.9936
2018-03-27,50.9909
2018-03-28,50.9004
2018-03-29,50.8308
2018-03-30,50.7705
2018-03-31,50.7081
2018-04-01,50.5473
2018-04-02,50.4049
2018-04-03,50.2627
2018-04-04,50.0832
2018-04-05,50.0181
2018-04-06,49.9415
2018-04-07,49.8878
2018-04-08,49.5525
2018-04-09,49.03
2018-04-10,49.0136
2018-04-11,48.9411
2018-04-12,48.8741
2018-04-13,48.8748
2018-04-14,48.8143
2018-04-15,48.7223
2018-04-16,48.6688
2018-04-17,48.6278
2018-04-18,48.5502
2018-04-19,48.4627
2018-04-20,48.4033
2018-04-21,48.3587
2018-04-22,48.2746
2018-04-23,48.2094
2018-04-24,48.176
2018-04-25,48.1596
2018-04-26,48.0802
2018-04-27,47.9966
2018-04-28,47.931
2018-04-29,47.8835
2018-04-30,47.8536
2018-05-01,47.8138
2018-05-02,47.7186
2018-05-03,47.6285
2018-05-04,47.549
2018-05-05,47.4547
2018-05-06,47.3402
2018-05-07,47.2401
2018-05-08,47.1853
2018-05-09,47.0121
2018-05-10,46.8822
2018-05-11,46.7273
2018-05-12,46.6179
2018-05-13,46.4916
2018-05-14,46.359
2018-05-15,46.279
2018-05-16,46.1523
2018-05-17,46.0487
2018-05-18,45.8702
2018-05-19,45.7415
2018-05-20,45.6107
2018-05-21,45.4832
2018-05-22,45.3921
2018-05-23,45.2446
2018-05-24,45.0624
2018-05-25,44.919
2018-05-26,44.7617
2018-05-27,44.6261
2018-05-28,44.5147
2018-05-29,44.4228
2018-05-30,44.3459
2018-05-31,44.186
2018-06-01,44.0672
2018-06-02,43.934
2018-06-03,43.8188
2018-06-04,43.6789
2018-06-05,43.5506
2018-06-06,43.4261
2018-06-07,43.3446
2018-06-08,43.2567
2018-06-09,43.1922
2018-06-10,43.0918
2018-06-11,43.0253
2018-06-12,42.9835
2018-06-13,42.8899
2018-06-14,42.8028
2018-06-15,42.7167
2018-06-16,42.632
2018-06-17,42.4686
2018-06-18,42.3708
2018-06-19,42.2912
2018-06-20,42.1943
2018-06-21,42.0843
2018-06-22,41.915
2018-06-23,41.8344
2018-06-24,41.7641
2018-06-25,41.6901
2018-06-26,41.642
2018-06-27,41.473
2018-06-28,41.3632
2018-06-29,41.2549
2018-06-30,41.1243
2018-07-01,40.9561
2018-07-02,40.8703
2018-07-03,40.819
2018-07-04,40.7141
2018-07-05,40.6278
2018-07-06,40.54
2018-07-07,40.4577
2018-07-08,40.3448
2018-07-09,40.2234
2018-07-10,40.15
2018-07-11,40.0209
2018-07-12,39.8966
2018-07-13,39.7874
2018-07-14,39.6893
2018-07-15,39.5751
2018-07-16,39.5028
2018-07-17,39.4511
2018-07-18,39.3494
2018-07-19,39.2572
2018-07-20,39.1628
2018-07-21,39.071
2018-07-22,38.9728
2018-07-23,38.9002
2018-07-24,38.8574
2018-07-25,38.7816
2018-07-26,38.399
2018-07-27,38.2384
2018-07-28,38.1454
2018-07-29,37.9276
2018-07-30,37.7101
2018-07-31,37.2594
2018-08-01,37.136
2018-08-02,37.0318
2018-08-03,36.9148
2018-08-04,36.8439
2018-08-05,36.7592
2018-08-06,36.7048
2018-08-07,36.6712
2018-08-08,36.5945
2018-08-09,36.5103
2018-08-10,36.4294
2018-08-11,36.3152
2018-08-12,36.1717
2018-08-13,36.0628
2018-08-14,35.9819
2018-08-15,35.8826
2018-08-16,35.7807
2018-08-17,35.6581
2018-08-18,35.5468
2018-08-19,35.4265
2018-08-20,35.3194
2018-08-21,35.2583
2018-08-22,35.1722
2018-08-23,35.1127
2018-08-24,35.024
2018-08-25,35.0141
2018-08-26,34.9192
2018-08-27,34.8651
2018-08-28,34.8444
2018-08-29,34.8497
2018-08-30,34.7849
2018-08-31,34.7333
2018-09-01,34.7166
2018-09-02,34.6621
2018-09-03,34.612
2018-09-04,34.5793
2018-09-05,34.4926
2018-09-06,34.1665
2018-09-07,34.0901
2018-09-08,34.0194
2018-09-09,33.9349
2018-09-10,33.8653
2018-09-11,33.8176
2018-09-12,33.7099
2018-09-13,33.6176
2018-09-14,33.5171
2018-09-15,33.3653
2018-09-16,33.2035
2018-09-17,33.1124
2018-09-18,33.0689
2018-09-19,32.988
2018-09-20,32.9291
2018-09-21,32.8655
2018-09-22,32.8174
2018-09-23,32.7508
2018-09-24,32.7025
2018-09-25,32.674
2018-09-26,32.637
2018-09-27,32.5763
2018-09-28,32.4954
2018-09-29,32.4216
2018-09-30,32.3496
2018-10-01,32.2867
2018-10-02,32.2471
2018-10-03,32.202
2018-10-04,32.1511
2018-10-05,32.1115
2018-10-06,32.0539
2018-10-07,32.0038
2018-10-08,31.9729
2018-10-09,31.9379
2018-10-10,31.835
2018-10-11,31.7787
2018-10-12,31.7344
2018-10-13,31.6805
2018-10-14,31.6038
2018-10-15,31.5507
2018-10-16,31.5464
2018-10-17,31.4764
2018-10-18,31.3592
2018-10-19,31.2943
2018-10-20,31.2354
2018-10-21,31.1605
2018-10-22,31.0986
2018-10-23,31.0537
2018-10-24,30.9402
2018-10-25,30.8492
2018-10-26,30.7911
2018-10-27,30.7269
2018-10-28,30.6459
2018-10-29,30.5906
2018-10-30,30.537
2018-10-31,30.4803
2018-11-01,30.415
2018-11-02,30.3397
2018-11-03,30.2817
2018-11-04,30.1365
2018-11-05,29.8229
2018-11-06,29.5291
2018-11-07,29.4234
2018-11-08,29.2587
2018-11-09,29.0649
2018-11-10,28.9807
2018-11-11,28.8782
2018-11-12,28.8083
2018-11-13,28.7335
2018-11-14,28.5284
2018-11-15,28.3749
2018-11-16,28.282
2018-11-17,28.1254
2018-11-18,27.942
2018-11-19,27.8202
2018-11-20,27.5601
2018-11-21,27.4476
2018-11-22,27.3048
2018-11-23,27.1638
2018-11-24,27.028
2018-11-25,26.9269
2018-11-26,26.822
2018-11-27,26.7761
2018-11-28,26.7016
2018-11-29,26.614
2018-11-30,26.4952
2018-12-01,26.4479
2018-12-02,26.379
2018-12-03,26.3107
2018-12-04,26.2946
2018-12-05,26.258
2018-12-06,26.1875
2018-12-07,26.0714
2018-12-08,25.9564
2018-12-09,25.8601
2018-12-10,25.7371
2018-12-11,25.6822
2018-12-12,25.5892
2018-12-13,25.4645
2018-12-14,25.3431
2018-12-15,25.2363
2018-12-16,25.1237
2018-12-17,25.033
2018-12-18,24.9644
2018-12-19,24.8648
2018-12-20,24.8406
2018-12-21,24.7829
2018-12-22,24.7527
2018-12-23,24.6858
2018-12-24,24.6257
2018-12-25,24.6084
2018-12-26,24.5615
2018-12-27,24.4947
2018-12-28,24.4318
2018-12-29,24.389
2018-12-30,24.3141
2018-12-31,24.2217
2019-01-01,24.1713
2019-01-02,24.1061
2019-01-03,24.0133
2019-01-04,23.905
2019-01-05,23.7992
2019-01-06,23.6729
2019-01-07,23.5398
2019-01-08,23.4348
2019-01-09,23.3409
2019-01-10,23.2669
2019-01-11,23.213
2019-01-12,23.1655
2019-01-13,23.1088
2019-01-14,23.0707
2019-01-15,23.0503
2019-01-16,23.0434
2019-01-17,22.9279
2019-01-18,22.8363
2019-01-19,22.7565
2019-01-20,22.6825
2019-01-21,22.6385
2019-01-22,22.6623
2019-01-23,22.6365
2019-01-24,22.6157
2019-01-25,22.6116
2019-01-26,22.6359
2019-01-27,22.5911
2019-01-28,22.5543
2019-01-29,22.4692
2019-01-30,22.4426
2019-01-31,22.437
2019-02-01,22.4509
2019-02-02,22.4895
2019-02-03,22.4876
2019-02-04,22.4771
2019-02-05,22.5374
2019-02-06,22.5991
2019-02-07,22.6859
2019-02-08,22.7663
2019-02-09,22.8642
2019-02-10,22.8884
2019-02-11,22.8369
2019-02-12,22.8797
2019-02-13,22.9678
2019-02-14,23.0975
2019-02-15,23.1661
2019-02-16,23.2012
2019-02-17,23.1784
2019-02-18,23.1321
2019-02-19,23.1041
2019-02-20,23.0984
2019-02-21,23.104
2019-02-22,23.087
2019-02-23,23.0778
2019-02-24,23.0774
2019-02-25,23.0892
2019-02-26,23.1437
2019-02-27,23.1845
2019-02-28,23.2139
2019-03-01,23.2165
2019-03-02,23.2899
2019-03-03,23.2409
2019-03-04,23.2755
2019-03-05,23.3406
2019-03-06,23.4116
2019-03-07,23.4346
2019-03-08,23.4554
2019-03-09,23.4677
2019-03-10,23.4432
2019-03-11,23.4416
2019-03-12,23.4629
2019-03-13,23.4845
2019-03-14,23.4592
2019-03-15,23.4795
2019-03-16,23.4393
2019-03-17,23.4248
2019-03-18,23.3304
2019-03-19,23.3375
2019-03-20,23.3349
2019-03-21,23.3469
2019-03-22,23.3715
2019-03-23,23.4088
2019-03-24,23.3917
2019-03-25,23.3786
2019-03-26,23.4137
2019-03-27,23.3843
2019-03-28,23.3977
2019-03-29,23.4104
2019-03-30,23.4326
2019-03-31,23.4128
2019-04-01,23.4125
2019-04-02,23.4627
2019-04-03,23.5713
2019-04-04,23.5657
2019-04-05,23.5567
2019-04-06,23.5555
2019-04-07,23.5271
2019-04-08,23.5298
2019-04-09,23.5681
2019-04-10,23.6124
2019-04-11,23.6447
2019-04-12,23.694
2019-04-13,23.6514
2019-04-14,23.6428
2019-04-15,23.6597
2019-04-16,23.6991
2019-04-17,23.7245
2019-04-18,23.7395
2019-04-19,23.7803
2019-04-20,23.8163
2019-04-21,23.7876
2019-04-22,23.7791
2019-04-23,23.8365
2019-04-24,23.8962
2019-04-25,23.9061
2019-04-26,23.8967
2019-04-27,23.9085
2019-04-28,23.8549
2019-04-29,23.8016
2019-04-30,23.7726
2019-05-01,23.8078
2019-05-02,23.813
2019-05-03,23.8056
2019-05-04,23.7981
2019-05-05,23.7666
2019-05-06,23.7509
2019-05-07,23.7532
2019-05-08,23.7595
2019-05-09,23.7706
2019-05-10,23.7807
2019-05-11,23.7835
2019-05-12,23.782
2019-05-13,23.775
2019-05-14,23.8189
2019-05-15,23.8389
2019-05-16,23.9005
2019-05-17,23.9119
2019-05-18,23.9265
2019-05-19,23.9056
2019-05-20,23.9138
2019-05-21,23.938
2019-05-22,23.951
2019-05-23,23.9604
2019-05-24,23.9668
2019-05-25,23.9723
2019-05-26,23.9605
2019-05-27,23.9733
2019-05-28,23.9913
2019-05-29,23.9883
2019-05-30,23.9937
2019-05-31,23.99
2019-06-01,24.0283
2019-06-02,24.0248
2019-06-03,24.0355
2019-06-04,24.0774
2019-06-05,24.0946
2019-06-06,24.1308
2019-06-07,24.1772
2019-06-08,24.1869
2019-06-09,24.1562
2019-06-10,24.1501
2019-06-11,24.156
2019-06-12,24.1804
2019-06-13,24.1706
2019-06-14,24.131
2019-06-15,24.0967
2019-06-16,24.0553
2019-06-17,24.1099
2019-06-18,24.1974
2019-06-19,24.2955
2019-06-20,24.3024
2019-06-21,24.4312
2019-06-22,24.4715
2019-06-23,24.4687
2019-06-24,24.444
2019-06-25,24.4848
2019-06-26,24.5181
2019-06-27,24.573
2019-06-28,24.6085
2019-06-29,24.6312
2019-06-30,24.6518
2019-07-01,24.7144
2019-07-02,24.7842
2019-07-03,24.8027
2019-07-04,24.8363
2019-07-05,24.853
2019-07-06,24.88
2019-07-07,24.8616
2019-07-08,24.8772
2019-07-09,24.9745
2019-07-10,25.0471
2019-07-11,25.1116
2019-07-12,25.2315
2019-07-13,25.3123
2019-07-14,25.3492
2019-07-15,25.3929
2019-07-16,25.4527
2019-07-17,25.5187
2019-07-18,25.5796
2019-07-19,25.7789
2019-07-20,25.7936
2019-07-21,25.7882
2019-07-22,25.8325
2019-07-23,26.114
2019-07-24,26.1233
2019-07-25,26.1414
2019-07-26,26.1921
2019-07-27,26.1944
2019-07-28,26.1709
2019-07-29,26.1583
2019-07-30,26.2689
2019-07-31,26.3334
2019-08-01,26.3685
2019-08-02,26.3703
2019-08-03,26.3605
2019-08-04,26.3318
2019-08-05,26.3067
2019-08-06,26.3608
2019-08-07,26.3811
2019-08-08,26.3616
2019-08-09,26.3689
2019-08-10,26.3815
2019-08-11,26.4181
2019-08-12,26.4031
2019-08-13,26.4295
2019-08-14,26.4478
2019-08-15,26.4579
2019-08-16,26.4788
2019-08-17,26.4834
2019-08-18,26.5206
2019-08-19,26.535
2019-08-20,26.5483
2019-08-21,27.0973
2019-08-22,28.3857
2019-08-23,28.9537
2019-08-24,28.94
2019-08-25,28.9189
2019-08-26,28.9129
2019-08-27,28.9399
2019-08-28,28.9319
2019-08-29,28.8726
2019-08-30,28.8685
2019-08-31,28.8652
2019-09-01,28.8184
2019-09-02,28.8147
2019-09-03,28.8185
2019-09-04,28.8212
2019-09-05,28.8322
2019-09-06,28.8457
2019-09-07,28.8369
2019-09-08,28.8085
2019-09-09,28.8049
2019-09-10,28.8099
2019-09-11,28.8262
2019-09-12,28.8342
2019-09-13,28.8276
2019-09-14,28.7994
2019-09-15,28.791
2019-09-16,28.774
2019-09-17,28.7872
2019-09-18,28.7902
2019-09-19,28.7769
2019-09-20,28.763
2019-09-21,28.7575
2019-09-22,28.7289
2019-09-23,28.7918
2019-09-24,28.8309
2019-09-25,28.861
2019-09-26,28.8698
2019-09-27,28.8694
2019-09-28,28.8672
2019-09-29,28.8426
2019-09-30,28.8314
2019-10-01,28.8563
2019-10-02,28.87
2019-10-03,28.8453
2019-10-04,28.8433
2019-10-05,28.8326
2019-10-06,28.8169
2019-10-07,28.8093
2019-10-08,28.8169
2019-10-09,28.8136
2019-10-10,28.8201
2019-10-11,28.8042
2019-10-12,28.782
2019-10-13,28.7436
2019-10-14,28.7275
2019-10-15,28.734
2019-10-16,28.701
2019-10-17,28.7111
2019-10-18,28.716
2019-10-19,28.7132
2019-10-20,28.7066
2019-10-21,28.7054
2019-10-22,28.7246
2019-10-23,28.7345
2019-10-24,28.7454
2019-10-25,28.7447
2019-10-26,28.7623
2019-10-27,28.7673
2019-10-28,28.7718
2019-10-29,28.8506
2019-10-30,28.8899
2019-10-31,28.9469
2019-11-01,28.9744
2019-11-02,28.9863
2019-11-03,28.9597
2019-11-04,28.9693
2019-11-05,28.986
2019-11-06,28.9997
2019-11-07,29.0251
2019-11-08,29.0509
2019-11-09,29.0821
2019-11-10,29.0847
2019-11-11,29.0899
2019-11-12,29.0976
2019-11-13,29.1084
2019-11-14,29.1259
2019-11-15,29.1212
2019-11-16,29.0876
2019-11-17,29.0601
2019-11-18,29.0564
2019-11-19,29.0959
2019-11-20,29.0827
2019-11-21,29.0055
2019-11-22,29.0246
2019-11-23,29.0482
2019-11-24,29.0391
2019-11-25,29.0309
2019-11-26,29.0413
2019-11-27,29.0322
2019-11-28,29.0176
2019-11-29,28.9791
2019-11-30,28.9642
2019-12-01,28.8997
2019-12-02,28.8697
2019-12-03,28.8607
2019-12-04,28.816
2019-12-05,28.8248
2019-12-06,28.7716
2019-12-07,28.808
2019-12-08,28.7784
2019-12-09,28.7661
2019-12-10,28.7874
2019-12-11,28.7963
2019-12-12,28.786
2019-12-13,28.7691
2019-12-14,28.7431
2019-12-15,28.7151
2019-12-16,28.7029
2019-12-17,28.6957
2019-12-18,28.7238
2019-12-19,28.7106
2019-12-20,28.6785
2019-12-21,28.6581
2019-12-22,28.6214
2019-12-23,28.6157
2019-12-24,28.6238
2019-12-25,28.5966
2019-12-26,28.5688
2019-12-27,28.5453
2019-12-28,28.5206
2019-12-29,28.4787
2019-12-30,28.4525
2019-12-31,28.4643
2020-01-01,28.4539
2020-01-02,28.4439
2020-01-03,28.4249
2020-01-04,28.4271
2020-01-05,28.4062
2020-01-06,28.3911
2020-01-07,28.4119
2020-01-08,28.3966
2020-01-09,28.3946
2020-01-10,28.4053
2020-01-11,28.3833
2020-01-12,28.3524
2020-01-13,28.331
2020-01-14,28.3268
2020-01-15,28.341
2020-01-16,28.3465
2020-01-17,28.3392
2020-01-18,28.3497
2020-01-19,28.3282
2020-01-20,28.3254
2020-01-21,28.3379
2020-01-22,28.2847
2020-01-23,28.2682
2020-01-24,28.2483
2020-01-25,28.2016
2020-01-26,28.1236
2020-01-27,28.1003
2020-01-28,28.1432
2020-01-29,28.101
2020-01-30,28.0661
2020-01-31,28.0163
2020-02-01,27.9577
2020-02-02,27.847
2020-02-03,27.8014
2020-02-04,27.8463
2020-02-05,27.7791
2020-02-06,27.6579
2020-02-07,27.5534
2020-02-08,27.4983
2020-02-09,27.3736
2020-02-10,27.3149
2020-02-11,27.334
2020-02-12,27.2668
2020-02-13,27.1476
2020-02-14,26.9962
2020-02-15,26.9012
2020-02-16,26.8322
2020-02-17,26.8454
2020-02-18,26.8739
2020-02-19,26.862
2020-02-20,26.8395
2020-02-21,26.8179
2020-02-22,26.8006
2020-02-23,26.7546
2020-02-24,26.734
2020-02-25,26.7215
2020-02-26,26.6802
2020-02-27,26.6381
2020-02-28,26.6074
2020-02-29,26.5749
2020-03-01,26.5348
2020-03-02,26.4823
2020-03-03,26.4469
2020-03-04,26.3907
2020-03-05,26.3193
2020-03-06,26.2871
2020-03-07,26.2629
2020-03-08,26.226
2020-03-09,26.2134
2020-03-10,26.2411
2020-03-11,26.2318
2020-03-12,26.2443
2020-03-13,26.3096
2020-03-14,26.3539
2020-03-15,26.344
2020-03-16,26.3415
2020-03-17,26.3835
2020-03-18,26.3656
2020-03-19,26.3542
2020-03-20,26.3502
2020-03-21,26.342
2020-03-22,26.2797
2020-03-23,26.285
2020-03-24,26.3037
2020-03-25,26.2983
2020-03-26,26.276
2020-03-27,26.25
2020-03-28,26.2258
2020-03-29,26.1902
2020-03-30,26.1719
2020-03-31,26.1739
2020-04-01,26.1295
2020-04-02,26.0009
2020-04-03,25.9806
2020-04-04,25.9626
2020-04-05,25.9483
2020-04-06,25.9318
2020-04-07,25.9438
2020-04-08,25.9232
2020-04-09,25.8534
2020-04-10,25.8253
2020-04-11,25.778
2020-04-12,25.7286
2020-04-13,25.6934
2020-04-14,25.6865
2020-04-15,25.6438
2020-04-16,25.59
2020-04-17,25.5624
2020-04-18,25.5118
2020-04-19,25.4316
2020-04-20,25.4008
2020-04-21,25.3997
2020-04-22,25.3431
2020-04-23,25.2696
2020-04-24,25.2062
2020-04-25,25.1726
2020-04-26,25.1308
2020-04-27,25.1191
2020-04-28,25.1277
2020-04-29,25.1079
2020-04-30,25.1043
2020-05-01,25.258
2020-05-02,25.1482
2020-05-03,25.1072
2020-05-04,25.0972
2020-05-05,25.105
2020-05-06,25.0938
2020-05-07,25.0637
2020-05-08,25.0727
2020-05-09,25.0662
2020-05-10,25.052
2020-05-11,25.0224
2020-05-12,25.0343
2020-05-13,25.0066
2020-05-14,24.977
2020-05-15,24.9207
2020-05-16,24.8951
2020-05-17,24.8518
2020-05-18,24.8376
2020-05-19,24.8475
2020-05-20,24.8445
2020-05-21,24.8409
2020-05-22,24.8332
2020-05-23,24.8164
2020-05-24,24.7722
2020-05-25,24.7619
2020-05-26,24.7734
2020-05-27,24.7582
2020-05-28,24.7478
2020-05-29,24.7147
2020-05-30,24.7005
2020-05-31,24.6183
2020-06-01,24.5951
2020-06-02,24.5997
2020-06-03,24.5887
2020-06-04,24.548
2020-06-05,24.5049
2020-06-06,24.4518
2020-06-07,24.3982
2020-06-08,24.373
2020-06-09,24.3758
2020-06-10,24.3404
2020-06-11,24.2869
2020-06-12,24.2702
2020-06-13,24.2472
2020-06-14,24.2059
2020-06-15,24.1773
2020-06-16,24.1332
2020-06-17,24.0829
2020-06-18,23.977
2020-06-19,23.9301
2020-06-20,23.8168
2020-06-21,23.7537
2020-06-22,23.6752
2020-06-23,23.68
2020-06-24,23.6524
2020-06-25,23.6183
2020-06-26,23.5798
2020-06-27,23.5532
2020-06-28,23.5063
2020-06-29,23.4626
2020-06-30,23.4141
2020-07-01,23.3596
2020-07-02,23.3393
2020-07-03,23.3007
2020-07-04,23.2851
2020-07-05,23.2342
2020-07-06,23.2288
2020-07-07,23.2408
2020-07-08,23.1555
2020-07-09,23.0851
2020-07-10,23.0067
2020-07-11,22.8953
2020-07-12,22.8007
2020-07-13,22.7617
2020-07-14,22.7313
2020-07-15,22.6786
2020-07-16,22.5902
2020-07-17,22.5231
2020-07-18,22.3136
2020-07-19,22.2791
2020-07-20,22.2663
2020-07-21,22.2338
2020-07-22,21.975
2020-07-23,21.9619
2020-07-24,21.9311
2020-07-25,21.8832
2020-07-26,21.8693
2020-07-27,21.875
2020-07-28,21.9172
2020-07-29,21.837
2020-07-30,21.7845
2020-07-31,21.7568
2020-08-01,21.7585
2020-08-02,21.7593
2020-08-03,21.7724
2020-08-04,21.8014
2020-08-05,21.7429
2020-08-06,21.7068
2020-08-07,21.7216
2020-08-08,21.6974
2020-08-09,21.6635
2020-08-10,21.6114
2020-08-11,21.6335
2020-08-12,21.6272
2020-08-13,21.6092
2020-08-14,21.5817
2020-08-15,21.5783
2020-08-16,21.5981
2020-08-17,21.6139
2020-08-18,21.7202
2020-08-19,21.7815
2020-08-20,21.3019
2020-08-21,20.0946
2020-08-22,19.572
2020-08-23,19.6061
2020-08-24,19.6543
2020-08-25,19.724
2020-08-26,19.7542
2020-08-27,19.8112
2020-08-28,19.8692
2020-08-29,19.9394
2020-08-30,19.9862
2020-08-31,20.0376
2020-09-01,20.1405
2020-09-02,20.2284
2020-09-03,20.2982
2020-09-04,20.3825
2020-09-05,20.4558
2020-09-06,20.5216
2020-09-07,20.6116
2020-09-08,20.734
2020-09-09,20.8318
2020-09-10,20.9442
2020-09-11,21.0795
2020-09-12,21.1891
2020-09-13,21.2913
2020-09-14,21.3955
2020-09-15,21.5171
2020-09-16,21.6183
2020-09-17,21.7238
2020-09-18,21.902
2020-09-19,22.0569
2020-09-20,22.1626
2020-09-21,22.2509
2020-09-22,22.3428
2020-09-23,22.4152
2020-09-24,22.4895
2020-09-25,22.5226
2020-09-26,22.6158
2020-09-27,22.6959
2020-09-28,22.7665
2020-09-29,22.8607
2020-09-30,22.9355
2020-10-01,23.0048
2020-10-02,23.0625
2020-10-03,23.1667
2020-10-04,23.2423
2020-10-05,23.315
2020-10-06,23.4
2020-10-07,23.4768
2020-10-08,23.5428
2020-10-09,23.5996
2020-10-10,23.7032
2020-10-11,23.7682
2020-10-12,23.8554
2020-10-13,23.949
2020-10-14,24.0265
2020-10-15,24.1169
2020-10-16,24.1947
2020-10-17,24.2654
2020-10-18,24.3397
2020-10-19,24.4079
2020-10-20,24.5583
2020-10-21,24.7344
2020-10-22,24.8764
2020-10-23,25.0344
2020-10-24,25.1102
2020-10-25,25.1347
2020-10-26,25.169
2020-10-27,25.2868
2020-10-28,25.3137
2020-10-29,25.3757
2020-10-30,25.4007
2020-10-31,25.4456
2020-11-01,25.469
2020-11-02,25.5404
2020-11-03,25.6372
2020-11-04,25.7564
2020-11-05,25.8023
2020-11-06,25.8936
2020-11-07,25.9835
2020-11-08,25.9898
2020-11-09,26.0178
2020-11-10,26.0915
2020-11-11,26.1675
2020-11-12,26.2183
2020-11-13,26.2568
2020-11-14,26.2753
2020-11-15,26.304
2020-11-16,26.3523
2020-11-17,26.5137
2020-11-18,26.603
2020-11-19,26.7144
2020-11-20,26.7906
2020-11-21,26.8328
2020-11-22,26.852
2020-11-23,26.8994
2020-11-24,26.9799
2020-11-25,27.0278
2020-11-26,27.0826
2020-11-27,27.1501